# ural_tire - Create: More Wheels
# generated by build_ural.py, axle on +Y, centred on the block
mtllib block.mtl
o ural_tire
v 1.393836 0.113305 0.500000
v 1.325796 0.113305 0.157944
v 1.325796 0.835981 0.157944
v 1.393836 0.835981 0.500000
v 1.015391 0.113305 0.286518
v 1.057855 0.113305 0.500000
v 1.057855 0.835981 0.500000
v 1.015391 0.835981 0.286518
v 1.057855 0.835981 0.500000
v 1.393836 0.835981 0.500000
v 1.325796 0.835981 0.157944
v 1.015391 0.835981 0.286518
v 1.015391 0.113305 0.286518
v 1.325796 0.113305 0.157944
v 1.393836 0.113305 0.500000
v 1.057855 0.113305 0.500000
v 1.325796 0.113305 0.157944
v 1.132037 0.113305 -0.132037
v 1.132037 0.835981 -0.132037
v 1.325796 0.835981 0.157944
v 0.894463 0.113305 0.105537
v 1.015391 0.113305 0.286518
v 1.015391 0.835981 0.286518
v 0.894463 0.835981 0.105537
v 1.015391 0.835981 0.286518
v 1.325796 0.835981 0.157944
v 1.132037 0.835981 -0.132037
v 0.894463 0.835981 0.105537
v 0.894463 0.113305 0.105537
v 1.132037 0.113305 -0.132037
v 1.325796 0.113305 0.157944
v 1.015391 0.113305 0.286518
v 1.132037 0.113305 -0.132037
v 0.842056 0.113305 -0.325796
v 0.842056 0.835981 -0.325796
v 1.132037 0.835981 -0.132037
v 0.713482 0.113305 -0.015391
v 0.894463 0.113305 0.105537
v 0.894463 0.835981 0.105537
v 0.713482 0.835981 -0.015391
v 0.894463 0.835981 0.105537
v 1.132037 0.835981 -0.132037
v 0.842056 0.835981 -0.325796
v 0.713482 0.835981 -0.015391
v 0.713482 0.113305 -0.015391
v 0.842056 0.113305 -0.325796
v 1.132037 0.113305 -0.132037
v 0.894463 0.113305 0.105537
v 0.842056 0.113305 -0.325796
v 0.500000 0.113305 -0.393836
v 0.500000 0.835981 -0.393836
v 0.842056 0.835981 -0.325796
v 0.500000 0.113305 -0.057855
v 0.713482 0.113305 -0.015391
v 0.713482 0.835981 -0.015391
v 0.500000 0.835981 -0.057855
v 0.713482 0.835981 -0.015391
v 0.842056 0.835981 -0.325796
v 0.500000 0.835981 -0.393836
v 0.500000 0.835981 -0.057855
v 0.500000 0.113305 -0.057855
v 0.500000 0.113305 -0.393836
v 0.842056 0.113305 -0.325796
v 0.713482 0.113305 -0.015391
v 0.500000 0.113305 -0.393836
v 0.157944 0.113305 -0.325796
v 0.157944 0.835981 -0.325796
v 0.500000 0.835981 -0.393836
v 0.286518 0.113305 -0.015391
v 0.500000 0.113305 -0.057855
v 0.500000 0.835981 -0.057855
v 0.286518 0.835981 -0.015391
v 0.500000 0.835981 -0.057855
v 0.500000 0.835981 -0.393836
v 0.157944 0.835981 -0.325796
v 0.286518 0.835981 -0.015391
v 0.286518 0.113305 -0.015391
v 0.157944 0.113305 -0.325796
v 0.500000 0.113305 -0.393836
v 0.500000 0.113305 -0.057855
v 0.157944 0.113305 -0.325796
v -0.132037 0.113305 -0.132037
v -0.132037 0.835981 -0.132037
v 0.157944 0.835981 -0.325796
v 0.105537 0.113305 0.105537
v 0.286518 0.113305 -0.015391
v 0.286518 0.835981 -0.015391
v 0.105537 0.835981 0.105537
v 0.286518 0.835981 -0.015391
v 0.157944 0.835981 -0.325796
v -0.132037 0.835981 -0.132037
v 0.105537 0.835981 0.105537
v 0.105537 0.113305 0.105537
v -0.132037 0.113305 -0.132037
v 0.157944 0.113305 -0.325796
v 0.286518 0.113305 -0.015391
v -0.132037 0.113305 -0.132037
v -0.325796 0.113305 0.157944
v -0.325796 0.835981 0.157944
v -0.132037 0.835981 -0.132037
v -0.015391 0.113305 0.286518
v 0.105537 0.113305 0.105537
v 0.105537 0.835981 0.105537
v -0.015391 0.835981 0.286518
v 0.105537 0.835981 0.105537
v -0.132037 0.835981 -0.132037
v -0.325796 0.835981 0.157944
v -0.015391 0.835981 0.286518
v -0.015391 0.113305 0.286518
v -0.325796 0.113305 0.157944
v -0.132037 0.113305 -0.132037
v 0.105537 0.113305 0.105537
v -0.325796 0.113305 0.157944
v -0.393836 0.113305 0.500000
v -0.393836 0.835981 0.500000
v -0.325796 0.835981 0.157944
v -0.057855 0.113305 0.500000
v -0.015391 0.113305 0.286518
v -0.015391 0.835981 0.286518
v -0.057855 0.835981 0.500000
v -0.015391 0.835981 0.286518
v -0.325796 0.835981 0.157944
v -0.393836 0.835981 0.500000
v -0.057855 0.835981 0.500000
v -0.057855 0.113305 0.500000
v -0.393836 0.113305 0.500000
v -0.325796 0.113305 0.157944
v -0.015391 0.113305 0.286518
v -0.393836 0.113305 0.500000
v -0.325796 0.113305 0.842056
v -0.325796 0.835981 0.842056
v -0.393836 0.835981 0.500000
v -0.015391 0.113305 0.713482
v -0.057855 0.113305 0.500000
v -0.057855 0.835981 0.500000
v -0.015391 0.835981 0.713482
v -0.057855 0.835981 0.500000
v -0.393836 0.835981 0.500000
v -0.325796 0.835981 0.842056
v -0.015391 0.835981 0.713482
v -0.015391 0.113305 0.713482
v -0.325796 0.113305 0.842056
v -0.393836 0.113305 0.500000
v -0.057855 0.113305 0.500000
v -0.325796 0.113305 0.842056
v -0.132037 0.113305 1.132037
v -0.132037 0.835981 1.132037
v -0.325796 0.835981 0.842056
v 0.105537 0.113305 0.894463
v -0.015391 0.113305 0.713482
v -0.015391 0.835981 0.713482
v 0.105537 0.835981 0.894463
v -0.015391 0.835981 0.713482
v -0.325796 0.835981 0.842056
v -0.132037 0.835981 1.132037
v 0.105537 0.835981 0.894463
v 0.105537 0.113305 0.894463
v -0.132037 0.113305 1.132037
v -0.325796 0.113305 0.842056
v -0.015391 0.113305 0.713482
v -0.132037 0.113305 1.132037
v 0.157944 0.113305 1.325796
v 0.157944 0.835981 1.325796
v -0.132037 0.835981 1.132037
v 0.286518 0.113305 1.015391
v 0.105537 0.113305 0.894463
v 0.105537 0.835981 0.894463
v 0.286518 0.835981 1.015391
v 0.105537 0.835981 0.894463
v -0.132037 0.835981 1.132037
v 0.157944 0.835981 1.325796
v 0.286518 0.835981 1.015391
v 0.286518 0.113305 1.015391
v 0.157944 0.113305 1.325796
v -0.132037 0.113305 1.132037
v 0.105537 0.113305 0.894463
v 0.157944 0.113305 1.325796
v 0.500000 0.113305 1.393836
v 0.500000 0.835981 1.393836
v 0.157944 0.835981 1.325796
v 0.500000 0.113305 1.057855
v 0.286518 0.113305 1.015391
v 0.286518 0.835981 1.015391
v 0.500000 0.835981 1.057855
v 0.286518 0.835981 1.015391
v 0.157944 0.835981 1.325796
v 0.500000 0.835981 1.393836
v 0.500000 0.835981 1.057855
v 0.500000 0.113305 1.057855
v 0.500000 0.113305 1.393836
v 0.157944 0.113305 1.325796
v 0.286518 0.113305 1.015391
v 0.500000 0.113305 1.393836
v 0.842056 0.113305 1.325796
v 0.842056 0.835981 1.325796
v 0.500000 0.835981 1.393836
v 0.713482 0.113305 1.015391
v 0.500000 0.113305 1.057855
v 0.500000 0.835981 1.057855
v 0.713482 0.835981 1.015391
v 0.500000 0.835981 1.057855
v 0.500000 0.835981 1.393836
v 0.842056 0.835981 1.325796
v 0.713482 0.835981 1.015391
v 0.713482 0.113305 1.015391
v 0.842056 0.113305 1.325796
v 0.500000 0.113305 1.393836
v 0.500000 0.113305 1.057855
v 0.842056 0.113305 1.325796
v 1.132037 0.113305 1.132037
v 1.132037 0.835981 1.132037
v 0.842056 0.835981 1.325796
v 0.894463 0.113305 0.894463
v 0.713482 0.113305 1.015391
v 0.713482 0.835981 1.015391
v 0.894463 0.835981 0.894463
v 0.713482 0.835981 1.015391
v 0.842056 0.835981 1.325796
v 1.132037 0.835981 1.132037
v 0.894463 0.835981 0.894463
v 0.894463 0.113305 0.894463
v 1.132037 0.113305 1.132037
v 0.842056 0.113305 1.325796
v 0.713482 0.113305 1.015391
v 1.132037 0.113305 1.132037
v 1.325796 0.113305 0.842056
v 1.325796 0.835981 0.842056
v 1.132037 0.835981 1.132037
v 1.015391 0.113305 0.713482
v 0.894463 0.113305 0.894463
v 0.894463 0.835981 0.894463
v 1.015391 0.835981 0.713482
v 0.894463 0.835981 0.894463
v 1.132037 0.835981 1.132037
v 1.325796 0.835981 0.842056
v 1.015391 0.835981 0.713482
v 1.015391 0.113305 0.713482
v 1.325796 0.113305 0.842056
v 1.132037 0.113305 1.132037
v 0.894463 0.113305 0.894463
v 1.325796 0.113305 0.842056
v 1.393836 0.113305 0.500000
v 1.393836 0.835981 0.500000
v 1.325796 0.835981 0.842056
v 1.057855 0.113305 0.500000
v 1.015391 0.113305 0.713482
v 1.015391 0.835981 0.713482
v 1.057855 0.835981 0.500000
v 1.015391 0.835981 0.713482
v 1.325796 0.835981 0.842056
v 1.393836 0.835981 0.500000
v 1.057855 0.835981 0.500000
v 1.057855 0.113305 0.500000
v 1.393836 0.113305 0.500000
v 1.325796 0.113305 0.842056
v 1.015391 0.113305 0.713482
v 1.431871 0.119644 0.500000
v 1.360937 0.119644 0.143388
v 1.360937 0.829641 0.143388
v 1.431871 0.829641 0.500000
v 1.314083 0.119644 0.162796
v 1.381157 0.119644 0.500000
v 1.381157 0.829641 0.500000
v 1.314083 0.829641 0.162796
v 1.381157 0.829641 0.500000
v 1.431871 0.829641 0.500000
v 1.360937 0.829641 0.143388
v 1.314083 0.829641 0.162796
v 1.314083 0.119644 0.162796
v 1.360937 0.119644 0.143388
v 1.431871 0.119644 0.500000
v 1.381157 0.119644 0.500000
v 1.360937 0.119644 0.143388
v 1.158932 0.119644 -0.158932
v 1.158932 0.829641 -0.158932
v 1.360937 0.829641 0.143388
v 1.123072 0.119644 -0.123072
v 1.314083 0.119644 0.162796
v 1.314083 0.829641 0.162796
v 1.123072 0.829641 -0.123072
v 1.314083 0.829641 0.162796
v 1.360937 0.829641 0.143388
v 1.158932 0.829641 -0.158932
v 1.123072 0.829641 -0.123072
v 1.123072 0.119644 -0.123072
v 1.158932 0.119644 -0.158932
v 1.360937 0.119644 0.143388
v 1.314083 0.119644 0.162796
v 1.158932 0.119644 -0.158932
v 0.856612 0.119644 -0.360937
v 0.856612 0.829641 -0.360937
v 1.158932 0.829641 -0.158932
v 0.837204 0.119644 -0.314083
v 1.123072 0.119644 -0.123072
v 1.123072 0.829641 -0.123072
v 0.837204 0.829641 -0.314083
v 1.123072 0.829641 -0.123072
v 1.158932 0.829641 -0.158932
v 0.856612 0.829641 -0.360937
v 0.837204 0.829641 -0.314083
v 0.837204 0.119644 -0.314083
v 0.856612 0.119644 -0.360937
v 1.158932 0.119644 -0.158932
v 1.123072 0.119644 -0.123072
v 0.856612 0.119644 -0.360937
v 0.500000 0.119644 -0.431871
v 0.500000 0.829641 -0.431871
v 0.856612 0.829641 -0.360937
v 0.500000 0.119644 -0.381157
v 0.837204 0.119644 -0.314083
v 0.837204 0.829641 -0.314083
v 0.500000 0.829641 -0.381157
v 0.837204 0.829641 -0.314083
v 0.856612 0.829641 -0.360937
v 0.500000 0.829641 -0.431871
v 0.500000 0.829641 -0.381157
v 0.500000 0.119644 -0.381157
v 0.500000 0.119644 -0.431871
v 0.856612 0.119644 -0.360937
v 0.837204 0.119644 -0.314083
v 0.500000 0.119644 -0.431871
v 0.143388 0.119644 -0.360937
v 0.143388 0.829641 -0.360937
v 0.500000 0.829641 -0.431871
v 0.162796 0.119644 -0.314083
v 0.500000 0.119644 -0.381157
v 0.500000 0.829641 -0.381157
v 0.162796 0.829641 -0.314083
v 0.500000 0.829641 -0.381157
v 0.500000 0.829641 -0.431871
v 0.143388 0.829641 -0.360937
v 0.162796 0.829641 -0.314083
v 0.162796 0.119644 -0.314083
v 0.143388 0.119644 -0.360937
v 0.500000 0.119644 -0.431871
v 0.500000 0.119644 -0.381157
v 0.143388 0.119644 -0.360937
v -0.158932 0.119644 -0.158932
v -0.158932 0.829641 -0.158932
v 0.143388 0.829641 -0.360937
v -0.123072 0.119644 -0.123072
v 0.162796 0.119644 -0.314083
v 0.162796 0.829641 -0.314083
v -0.123072 0.829641 -0.123072
v 0.162796 0.829641 -0.314083
v 0.143388 0.829641 -0.360937
v -0.158932 0.829641 -0.158932
v -0.123072 0.829641 -0.123072
v -0.123072 0.119644 -0.123072
v -0.158932 0.119644 -0.158932
v 0.143388 0.119644 -0.360937
v 0.162796 0.119644 -0.314083
v -0.158932 0.119644 -0.158932
v -0.360937 0.119644 0.143388
v -0.360937 0.829641 0.143388
v -0.158932 0.829641 -0.158932
v -0.314083 0.119644 0.162796
v -0.123072 0.119644 -0.123072
v -0.123072 0.829641 -0.123072
v -0.314083 0.829641 0.162796
v -0.123072 0.829641 -0.123072
v -0.158932 0.829641 -0.158932
v -0.360937 0.829641 0.143388
v -0.314083 0.829641 0.162796
v -0.314083 0.119644 0.162796
v -0.360937 0.119644 0.143388
v -0.158932 0.119644 -0.158932
v -0.123072 0.119644 -0.123072
v -0.360937 0.119644 0.143388
v -0.431871 0.119644 0.500000
v -0.431871 0.829641 0.500000
v -0.360937 0.829641 0.143388
v -0.381157 0.119644 0.500000
v -0.314083 0.119644 0.162796
v -0.314083 0.829641 0.162796
v -0.381157 0.829641 0.500000
v -0.314083 0.829641 0.162796
v -0.360937 0.829641 0.143388
v -0.431871 0.829641 0.500000
v -0.381157 0.829641 0.500000
v -0.381157 0.119644 0.500000
v -0.431871 0.119644 0.500000
v -0.360937 0.119644 0.143388
v -0.314083 0.119644 0.162796
v -0.431871 0.119644 0.500000
v -0.360937 0.119644 0.856612
v -0.360937 0.829641 0.856612
v -0.431871 0.829641 0.500000
v -0.314083 0.119644 0.837204
v -0.381157 0.119644 0.500000
v -0.381157 0.829641 0.500000
v -0.314083 0.829641 0.837204
v -0.381157 0.829641 0.500000
v -0.431871 0.829641 0.500000
v -0.360937 0.829641 0.856612
v -0.314083 0.829641 0.837204
v -0.314083 0.119644 0.837204
v -0.360937 0.119644 0.856612
v -0.431871 0.119644 0.500000
v -0.381157 0.119644 0.500000
v -0.360937 0.119644 0.856612
v -0.158932 0.119644 1.158932
v -0.158932 0.829641 1.158932
v -0.360937 0.829641 0.856612
v -0.123072 0.119644 1.123072
v -0.314083 0.119644 0.837204
v -0.314083 0.829641 0.837204
v -0.123072 0.829641 1.123072
v -0.314083 0.829641 0.837204
v -0.360937 0.829641 0.856612
v -0.158932 0.829641 1.158932
v -0.123072 0.829641 1.123072
v -0.123072 0.119644 1.123072
v -0.158932 0.119644 1.158932
v -0.360937 0.119644 0.856612
v -0.314083 0.119644 0.837204
v -0.158932 0.119644 1.158932
v 0.143388 0.119644 1.360937
v 0.143388 0.829641 1.360937
v -0.158932 0.829641 1.158932
v 0.162796 0.119644 1.314083
v -0.123072 0.119644 1.123072
v -0.123072 0.829641 1.123072
v 0.162796 0.829641 1.314083
v -0.123072 0.829641 1.123072
v -0.158932 0.829641 1.158932
v 0.143388 0.829641 1.360937
v 0.162796 0.829641 1.314083
v 0.162796 0.119644 1.314083
v 0.143388 0.119644 1.360937
v -0.158932 0.119644 1.158932
v -0.123072 0.119644 1.123072
v 0.143388 0.119644 1.360937
v 0.500000 0.119644 1.431871
v 0.500000 0.829641 1.431871
v 0.143388 0.829641 1.360937
v 0.500000 0.119644 1.381157
v 0.162796 0.119644 1.314083
v 0.162796 0.829641 1.314083
v 0.500000 0.829641 1.381157
v 0.162796 0.829641 1.314083
v 0.143388 0.829641 1.360937
v 0.500000 0.829641 1.431871
v 0.500000 0.829641 1.381157
v 0.500000 0.119644 1.381157
v 0.500000 0.119644 1.431871
v 0.143388 0.119644 1.360937
v 0.162796 0.119644 1.314083
v 0.500000 0.119644 1.431871
v 0.856612 0.119644 1.360937
v 0.856612 0.829641 1.360937
v 0.500000 0.829641 1.431871
v 0.837204 0.119644 1.314083
v 0.500000 0.119644 1.381157
v 0.500000 0.829641 1.381157
v 0.837204 0.829641 1.314083
v 0.500000 0.829641 1.381157
v 0.500000 0.829641 1.431871
v 0.856612 0.829641 1.360937
v 0.837204 0.829641 1.314083
v 0.837204 0.119644 1.314083
v 0.856612 0.119644 1.360937
v 0.500000 0.119644 1.431871
v 0.500000 0.119644 1.381157
v 0.856612 0.119644 1.360937
v 1.158932 0.119644 1.158932
v 1.158932 0.829641 1.158932
v 0.856612 0.829641 1.360937
v 1.123072 0.119644 1.123072
v 0.837204 0.119644 1.314083
v 0.837204 0.829641 1.314083
v 1.123072 0.829641 1.123072
v 0.837204 0.829641 1.314083
v 0.856612 0.829641 1.360937
v 1.158932 0.829641 1.158932
v 1.123072 0.829641 1.123072
v 1.123072 0.119644 1.123072
v 1.158932 0.119644 1.158932
v 0.856612 0.119644 1.360937
v 0.837204 0.119644 1.314083
v 1.158932 0.119644 1.158932
v 1.360937 0.119644 0.856612
v 1.360937 0.829641 0.856612
v 1.158932 0.829641 1.158932
v 1.314083 0.119644 0.837204
v 1.123072 0.119644 1.123072
v 1.123072 0.829641 1.123072
v 1.314083 0.829641 0.837204
v 1.123072 0.829641 1.123072
v 1.158932 0.829641 1.158932
v 1.360937 0.829641 0.856612
v 1.314083 0.829641 0.837204
v 1.314083 0.119644 0.837204
v 1.360937 0.119644 0.856612
v 1.158932 0.119644 1.158932
v 1.123072 0.119644 1.123072
v 1.360937 0.119644 0.856612
v 1.431871 0.119644 0.500000
v 1.431871 0.829641 0.500000
v 1.360937 0.829641 0.856612
v 1.381157 0.119644 0.500000
v 1.314083 0.119644 0.837204
v 1.314083 0.829641 0.837204
v 1.381157 0.829641 0.500000
v 1.314083 0.829641 0.837204
v 1.360937 0.829641 0.856612
v 1.431871 0.829641 0.500000
v 1.381157 0.829641 0.500000
v 1.381157 0.119644 0.500000
v 1.431871 0.119644 0.500000
v 1.360937 0.119644 0.856612
v 1.314083 0.119644 0.837204
v 1.362139 0.091752 0.500000
v 1.296513 0.091752 0.170074
v 1.296513 0.122180 0.170074
v 1.362139 0.122180 0.500000
v 1.214519 0.091752 0.204037
v 1.273390 0.091752 0.500000
v 1.273390 0.122180 0.500000
v 1.214519 0.122180 0.204037
v 1.273390 0.122180 0.500000
v 1.362139 0.122180 0.500000
v 1.296513 0.122180 0.170074
v 1.214519 0.122180 0.204037
v 1.214519 0.091752 0.204037
v 1.296513 0.091752 0.170074
v 1.362139 0.091752 0.500000
v 1.273390 0.091752 0.500000
v 1.296513 0.091752 0.170074
v 1.109625 0.091752 -0.109625
v 1.109625 0.122180 -0.109625
v 1.296513 0.122180 0.170074
v 1.046869 0.091752 -0.046869
v 1.214519 0.091752 0.204037
v 1.214519 0.122180 0.204037
v 1.046869 0.122180 -0.046869
v 1.214519 0.122180 0.204037
v 1.296513 0.122180 0.170074
v 1.109625 0.122180 -0.109625
v 1.046869 0.122180 -0.046869
v 1.046869 0.091752 -0.046869
v 1.109625 0.091752 -0.109625
v 1.296513 0.091752 0.170074
v 1.214519 0.091752 0.204037
v 1.109625 0.091752 -0.109625
v 0.829926 0.091752 -0.296513
v 0.829926 0.122180 -0.296513
v 1.109625 0.122180 -0.109625
v 0.795963 0.091752 -0.214519
v 1.046869 0.091752 -0.046869
v 1.046869 0.122180 -0.046869
v 0.795963 0.122180 -0.214519
v 1.046869 0.122180 -0.046869
v 1.109625 0.122180 -0.109625
v 0.829926 0.122180 -0.296513
v 0.795963 0.122180 -0.214519
v 0.795963 0.091752 -0.214519
v 0.829926 0.091752 -0.296513
v 1.109625 0.091752 -0.109625
v 1.046869 0.091752 -0.046869
v 0.829926 0.091752 -0.296513
v 0.500000 0.091752 -0.362139
v 0.500000 0.122180 -0.362139
v 0.829926 0.122180 -0.296513
v 0.500000 0.091752 -0.273390
v 0.795963 0.091752 -0.214519
v 0.795963 0.122180 -0.214519
v 0.500000 0.122180 -0.273390
v 0.795963 0.122180 -0.214519
v 0.829926 0.122180 -0.296513
v 0.500000 0.122180 -0.362139
v 0.500000 0.122180 -0.273390
v 0.500000 0.091752 -0.273390
v 0.500000 0.091752 -0.362139
v 0.829926 0.091752 -0.296513
v 0.795963 0.091752 -0.214519
v 0.500000 0.091752 -0.362139
v 0.170074 0.091752 -0.296513
v 0.170074 0.122180 -0.296513
v 0.500000 0.122180 -0.362139
v 0.204037 0.091752 -0.214519
v 0.500000 0.091752 -0.273390
v 0.500000 0.122180 -0.273390
v 0.204037 0.122180 -0.214519
v 0.500000 0.122180 -0.273390
v 0.500000 0.122180 -0.362139
v 0.170074 0.122180 -0.296513
v 0.204037 0.122180 -0.214519
v 0.204037 0.091752 -0.214519
v 0.170074 0.091752 -0.296513
v 0.500000 0.091752 -0.362139
v 0.500000 0.091752 -0.273390
v 0.170074 0.091752 -0.296513
v -0.109625 0.091752 -0.109625
v -0.109625 0.122180 -0.109625
v 0.170074 0.122180 -0.296513
v -0.046869 0.091752 -0.046869
v 0.204037 0.091752 -0.214519
v 0.204037 0.122180 -0.214519
v -0.046869 0.122180 -0.046869
v 0.204037 0.122180 -0.214519
v 0.170074 0.122180 -0.296513
v -0.109625 0.122180 -0.109625
v -0.046869 0.122180 -0.046869
v -0.046869 0.091752 -0.046869
v -0.109625 0.091752 -0.109625
v 0.170074 0.091752 -0.296513
v 0.204037 0.091752 -0.214519
v -0.109625 0.091752 -0.109625
v -0.296513 0.091752 0.170074
v -0.296513 0.122180 0.170074
v -0.109625 0.122180 -0.109625
v -0.214519 0.091752 0.204037
v -0.046869 0.091752 -0.046869
v -0.046869 0.122180 -0.046869
v -0.214519 0.122180 0.204037
v -0.046869 0.122180 -0.046869
v -0.109625 0.122180 -0.109625
v -0.296513 0.122180 0.170074
v -0.214519 0.122180 0.204037
v -0.214519 0.091752 0.204037
v -0.296513 0.091752 0.170074
v -0.109625 0.091752 -0.109625
v -0.046869 0.091752 -0.046869
v -0.296513 0.091752 0.170074
v -0.362139 0.091752 0.500000
v -0.362139 0.122180 0.500000
v -0.296513 0.122180 0.170074
v -0.273390 0.091752 0.500000
v -0.214519 0.091752 0.204037
v -0.214519 0.122180 0.204037
v -0.273390 0.122180 0.500000
v -0.214519 0.122180 0.204037
v -0.296513 0.122180 0.170074
v -0.362139 0.122180 0.500000
v -0.273390 0.122180 0.500000
v -0.273390 0.091752 0.500000
v -0.362139 0.091752 0.500000
v -0.296513 0.091752 0.170074
v -0.214519 0.091752 0.204037
v -0.362139 0.091752 0.500000
v -0.296513 0.091752 0.829926
v -0.296513 0.122180 0.829926
v -0.362139 0.122180 0.500000
v -0.214519 0.091752 0.795963
v -0.273390 0.091752 0.500000
v -0.273390 0.122180 0.500000
v -0.214519 0.122180 0.795963
v -0.273390 0.122180 0.500000
v -0.362139 0.122180 0.500000
v -0.296513 0.122180 0.829926
v -0.214519 0.122180 0.795963
v -0.214519 0.091752 0.795963
v -0.296513 0.091752 0.829926
v -0.362139 0.091752 0.500000
v -0.273390 0.091752 0.500000
v -0.296513 0.091752 0.829926
v -0.109625 0.091752 1.109625
v -0.109625 0.122180 1.109625
v -0.296513 0.122180 0.829926
v -0.046869 0.091752 1.046869
v -0.214519 0.091752 0.795963
v -0.214519 0.122180 0.795963
v -0.046869 0.122180 1.046869
v -0.214519 0.122180 0.795963
v -0.296513 0.122180 0.829926
v -0.109625 0.122180 1.109625
v -0.046869 0.122180 1.046869
v -0.046869 0.091752 1.046869
v -0.109625 0.091752 1.109625
v -0.296513 0.091752 0.829926
v -0.214519 0.091752 0.795963
v -0.109625 0.091752 1.109625
v 0.170074 0.091752 1.296513
v 0.170074 0.122180 1.296513
v -0.109625 0.122180 1.109625
v 0.204037 0.091752 1.214519
v -0.046869 0.091752 1.046869
v -0.046869 0.122180 1.046869
v 0.204037 0.122180 1.214519
v -0.046869 0.122180 1.046869
v -0.109625 0.122180 1.109625
v 0.170074 0.122180 1.296513
v 0.204037 0.122180 1.214519
v 0.204037 0.091752 1.214519
v 0.170074 0.091752 1.296513
v -0.109625 0.091752 1.109625
v -0.046869 0.091752 1.046869
v 0.170074 0.091752 1.296513
v 0.500000 0.091752 1.362139
v 0.500000 0.122180 1.362139
v 0.170074 0.122180 1.296513
v 0.500000 0.091752 1.273390
v 0.204037 0.091752 1.214519
v 0.204037 0.122180 1.214519
v 0.500000 0.122180 1.273390
v 0.204037 0.122180 1.214519
v 0.170074 0.122180 1.296513
v 0.500000 0.122180 1.362139
v 0.500000 0.122180 1.273390
v 0.500000 0.091752 1.273390
v 0.500000 0.091752 1.362139
v 0.170074 0.091752 1.296513
v 0.204037 0.091752 1.214519
v 0.500000 0.091752 1.362139
v 0.829926 0.091752 1.296513
v 0.829926 0.122180 1.296513
v 0.500000 0.122180 1.362139
v 0.795963 0.091752 1.214519
v 0.500000 0.091752 1.273390
v 0.500000 0.122180 1.273390
v 0.795963 0.122180 1.214519
v 0.500000 0.122180 1.273390
v 0.500000 0.122180 1.362139
v 0.829926 0.122180 1.296513
v 0.795963 0.122180 1.214519
v 0.795963 0.091752 1.214519
v 0.829926 0.091752 1.296513
v 0.500000 0.091752 1.362139
v 0.500000 0.091752 1.273390
v 0.829926 0.091752 1.296513
v 1.109625 0.091752 1.109625
v 1.109625 0.122180 1.109625
v 0.829926 0.122180 1.296513
v 1.046869 0.091752 1.046869
v 0.795963 0.091752 1.214519
v 0.795963 0.122180 1.214519
v 1.046869 0.122180 1.046869
v 0.795963 0.122180 1.214519
v 0.829926 0.122180 1.296513
v 1.109625 0.122180 1.109625
v 1.046869 0.122180 1.046869
v 1.046869 0.091752 1.046869
v 1.109625 0.091752 1.109625
v 0.829926 0.091752 1.296513
v 0.795963 0.091752 1.214519
v 1.109625 0.091752 1.109625
v 1.296513 0.091752 0.829926
v 1.296513 0.122180 0.829926
v 1.109625 0.122180 1.109625
v 1.214519 0.091752 0.795963
v 1.046869 0.091752 1.046869
v 1.046869 0.122180 1.046869
v 1.214519 0.122180 0.795963
v 1.046869 0.122180 1.046869
v 1.109625 0.122180 1.109625
v 1.296513 0.122180 0.829926
v 1.214519 0.122180 0.795963
v 1.214519 0.091752 0.795963
v 1.296513 0.091752 0.829926
v 1.109625 0.091752 1.109625
v 1.046869 0.091752 1.046869
v 1.296513 0.091752 0.829926
v 1.362139 0.091752 0.500000
v 1.362139 0.122180 0.500000
v 1.296513 0.122180 0.829926
v 1.273390 0.091752 0.500000
v 1.214519 0.091752 0.795963
v 1.214519 0.122180 0.795963
v 1.273390 0.122180 0.500000
v 1.214519 0.122180 0.795963
v 1.296513 0.122180 0.829926
v 1.362139 0.122180 0.500000
v 1.273390 0.122180 0.500000
v 1.273390 0.091752 0.500000
v 1.362139 0.091752 0.500000
v 1.296513 0.091752 0.829926
v 1.214519 0.091752 0.795963
v 1.362139 0.827106 0.500000
v 1.296513 0.827106 0.170074
v 1.296513 0.857534 0.170074
v 1.362139 0.857534 0.500000
v 1.214519 0.827106 0.204037
v 1.273390 0.827106 0.500000
v 1.273390 0.857534 0.500000
v 1.214519 0.857534 0.204037
v 1.273390 0.857534 0.500000
v 1.362139 0.857534 0.500000
v 1.296513 0.857534 0.170074
v 1.214519 0.857534 0.204037
v 1.214519 0.827106 0.204037
v 1.296513 0.827106 0.170074
v 1.362139 0.827106 0.500000
v 1.273390 0.827106 0.500000
v 1.296513 0.827106 0.170074
v 1.109625 0.827106 -0.109625
v 1.109625 0.857534 -0.109625
v 1.296513 0.857534 0.170074
v 1.046869 0.827106 -0.046869
v 1.214519 0.827106 0.204037
v 1.214519 0.857534 0.204037
v 1.046869 0.857534 -0.046869
v 1.214519 0.857534 0.204037
v 1.296513 0.857534 0.170074
v 1.109625 0.857534 -0.109625
v 1.046869 0.857534 -0.046869
v 1.046869 0.827106 -0.046869
v 1.109625 0.827106 -0.109625
v 1.296513 0.827106 0.170074
v 1.214519 0.827106 0.204037
v 1.109625 0.827106 -0.109625
v 0.829926 0.827106 -0.296513
v 0.829926 0.857534 -0.296513
v 1.109625 0.857534 -0.109625
v 0.795963 0.827106 -0.214519
v 1.046869 0.827106 -0.046869
v 1.046869 0.857534 -0.046869
v 0.795963 0.857534 -0.214519
v 1.046869 0.857534 -0.046869
v 1.109625 0.857534 -0.109625
v 0.829926 0.857534 -0.296513
v 0.795963 0.857534 -0.214519
v 0.795963 0.827106 -0.214519
v 0.829926 0.827106 -0.296513
v 1.109625 0.827106 -0.109625
v 1.046869 0.827106 -0.046869
v 0.829926 0.827106 -0.296513
v 0.500000 0.827106 -0.362139
v 0.500000 0.857534 -0.362139
v 0.829926 0.857534 -0.296513
v 0.500000 0.827106 -0.273390
v 0.795963 0.827106 -0.214519
v 0.795963 0.857534 -0.214519
v 0.500000 0.857534 -0.273390
v 0.795963 0.857534 -0.214519
v 0.829926 0.857534 -0.296513
v 0.500000 0.857534 -0.362139
v 0.500000 0.857534 -0.273390
v 0.500000 0.827106 -0.273390
v 0.500000 0.827106 -0.362139
v 0.829926 0.827106 -0.296513
v 0.795963 0.827106 -0.214519
v 0.500000 0.827106 -0.362139
v 0.170074 0.827106 -0.296513
v 0.170074 0.857534 -0.296513
v 0.500000 0.857534 -0.362139
v 0.204037 0.827106 -0.214519
v 0.500000 0.827106 -0.273390
v 0.500000 0.857534 -0.273390
v 0.204037 0.857534 -0.214519
v 0.500000 0.857534 -0.273390
v 0.500000 0.857534 -0.362139
v 0.170074 0.857534 -0.296513
v 0.204037 0.857534 -0.214519
v 0.204037 0.827106 -0.214519
v 0.170074 0.827106 -0.296513
v 0.500000 0.827106 -0.362139
v 0.500000 0.827106 -0.273390
v 0.170074 0.827106 -0.296513
v -0.109625 0.827106 -0.109625
v -0.109625 0.857534 -0.109625
v 0.170074 0.857534 -0.296513
v -0.046869 0.827106 -0.046869
v 0.204037 0.827106 -0.214519
v 0.204037 0.857534 -0.214519
v -0.046869 0.857534 -0.046869
v 0.204037 0.857534 -0.214519
v 0.170074 0.857534 -0.296513
v -0.109625 0.857534 -0.109625
v -0.046869 0.857534 -0.046869
v -0.046869 0.827106 -0.046869
v -0.109625 0.827106 -0.109625
v 0.170074 0.827106 -0.296513
v 0.204037 0.827106 -0.214519
v -0.109625 0.827106 -0.109625
v -0.296513 0.827106 0.170074
v -0.296513 0.857534 0.170074
v -0.109625 0.857534 -0.109625
v -0.214519 0.827106 0.204037
v -0.046869 0.827106 -0.046869
v -0.046869 0.857534 -0.046869
v -0.214519 0.857534 0.204037
v -0.046869 0.857534 -0.046869
v -0.109625 0.857534 -0.109625
v -0.296513 0.857534 0.170074
v -0.214519 0.857534 0.204037
v -0.214519 0.827106 0.204037
v -0.296513 0.827106 0.170074
v -0.109625 0.827106 -0.109625
v -0.046869 0.827106 -0.046869
v -0.296513 0.827106 0.170074
v -0.362139 0.827106 0.500000
v -0.362139 0.857534 0.500000
v -0.296513 0.857534 0.170074
v -0.273390 0.827106 0.500000
v -0.214519 0.827106 0.204037
v -0.214519 0.857534 0.204037
v -0.273390 0.857534 0.500000
v -0.214519 0.857534 0.204037
v -0.296513 0.857534 0.170074
v -0.362139 0.857534 0.500000
v -0.273390 0.857534 0.500000
v -0.273390 0.827106 0.500000
v -0.362139 0.827106 0.500000
v -0.296513 0.827106 0.170074
v -0.214519 0.827106 0.204037
v -0.362139 0.827106 0.500000
v -0.296513 0.827106 0.829926
v -0.296513 0.857534 0.829926
v -0.362139 0.857534 0.500000
v -0.214519 0.827106 0.795963
v -0.273390 0.827106 0.500000
v -0.273390 0.857534 0.500000
v -0.214519 0.857534 0.795963
v -0.273390 0.857534 0.500000
v -0.362139 0.857534 0.500000
v -0.296513 0.857534 0.829926
v -0.214519 0.857534 0.795963
v -0.214519 0.827106 0.795963
v -0.296513 0.827106 0.829926
v -0.362139 0.827106 0.500000
v -0.273390 0.827106 0.500000
v -0.296513 0.827106 0.829926
v -0.109625 0.827106 1.109625
v -0.109625 0.857534 1.109625
v -0.296513 0.857534 0.829926
v -0.046869 0.827106 1.046869
v -0.214519 0.827106 0.795963
v -0.214519 0.857534 0.795963
v -0.046869 0.857534 1.046869
v -0.214519 0.857534 0.795963
v -0.296513 0.857534 0.829926
v -0.109625 0.857534 1.109625
v -0.046869 0.857534 1.046869
v -0.046869 0.827106 1.046869
v -0.109625 0.827106 1.109625
v -0.296513 0.827106 0.829926
v -0.214519 0.827106 0.795963
v -0.109625 0.827106 1.109625
v 0.170074 0.827106 1.296513
v 0.170074 0.857534 1.296513
v -0.109625 0.857534 1.109625
v 0.204037 0.827106 1.214519
v -0.046869 0.827106 1.046869
v -0.046869 0.857534 1.046869
v 0.204037 0.857534 1.214519
v -0.046869 0.857534 1.046869
v -0.109625 0.857534 1.109625
v 0.170074 0.857534 1.296513
v 0.204037 0.857534 1.214519
v 0.204037 0.827106 1.214519
v 0.170074 0.827106 1.296513
v -0.109625 0.827106 1.109625
v -0.046869 0.827106 1.046869
v 0.170074 0.827106 1.296513
v 0.500000 0.827106 1.362139
v 0.500000 0.857534 1.362139
v 0.170074 0.857534 1.296513
v 0.500000 0.827106 1.273390
v 0.204037 0.827106 1.214519
v 0.204037 0.857534 1.214519
v 0.500000 0.857534 1.273390
v 0.204037 0.857534 1.214519
v 0.170074 0.857534 1.296513
v 0.500000 0.857534 1.362139
v 0.500000 0.857534 1.273390
v 0.500000 0.827106 1.273390
v 0.500000 0.827106 1.362139
v 0.170074 0.827106 1.296513
v 0.204037 0.827106 1.214519
v 0.500000 0.827106 1.362139
v 0.829926 0.827106 1.296513
v 0.829926 0.857534 1.296513
v 0.500000 0.857534 1.362139
v 0.795963 0.827106 1.214519
v 0.500000 0.827106 1.273390
v 0.500000 0.857534 1.273390
v 0.795963 0.857534 1.214519
v 0.500000 0.857534 1.273390
v 0.500000 0.857534 1.362139
v 0.829926 0.857534 1.296513
v 0.795963 0.857534 1.214519
v 0.795963 0.827106 1.214519
v 0.829926 0.827106 1.296513
v 0.500000 0.827106 1.362139
v 0.500000 0.827106 1.273390
v 0.829926 0.827106 1.296513
v 1.109625 0.827106 1.109625
v 1.109625 0.857534 1.109625
v 0.829926 0.857534 1.296513
v 1.046869 0.827106 1.046869
v 0.795963 0.827106 1.214519
v 0.795963 0.857534 1.214519
v 1.046869 0.857534 1.046869
v 0.795963 0.857534 1.214519
v 0.829926 0.857534 1.296513
v 1.109625 0.857534 1.109625
v 1.046869 0.857534 1.046869
v 1.046869 0.827106 1.046869
v 1.109625 0.827106 1.109625
v 0.829926 0.827106 1.296513
v 0.795963 0.827106 1.214519
v 1.109625 0.827106 1.109625
v 1.296513 0.827106 0.829926
v 1.296513 0.857534 0.829926
v 1.109625 0.857534 1.109625
v 1.214519 0.827106 0.795963
v 1.046869 0.827106 1.046869
v 1.046869 0.857534 1.046869
v 1.214519 0.857534 0.795963
v 1.046869 0.857534 1.046869
v 1.109625 0.857534 1.109625
v 1.296513 0.857534 0.829926
v 1.214519 0.857534 0.795963
v 1.214519 0.827106 0.795963
v 1.296513 0.827106 0.829926
v 1.109625 0.827106 1.109625
v 1.046869 0.827106 1.046869
v 1.296513 0.827106 0.829926
v 1.362139 0.827106 0.500000
v 1.362139 0.857534 0.500000
v 1.296513 0.857534 0.829926
v 1.273390 0.827106 0.500000
v 1.214519 0.827106 0.795963
v 1.214519 0.857534 0.795963
v 1.273390 0.857534 0.500000
v 1.214519 0.857534 0.795963
v 1.296513 0.857534 0.829926
v 1.362139 0.857534 0.500000
v 1.273390 0.857534 0.500000
v 1.273390 0.827106 0.500000
v 1.362139 0.827106 0.500000
v 1.296513 0.827106 0.829926
v 1.214519 0.827106 0.795963
v 0.297144 0.125984 -0.387496
v 0.297144 0.125984 -0.491460
v 0.702856 0.125984 -0.491460
v 0.702856 0.125984 -0.387496
v 0.297144 0.569732 -0.387496
v 0.702856 0.569732 -0.387496
v 0.702856 0.569732 -0.491460
v 0.297144 0.569732 -0.491460
v 0.297144 0.125984 -0.387496
v 0.702856 0.125984 -0.387496
v 0.702856 0.569732 -0.387496
v 0.297144 0.569732 -0.387496
v 0.297144 0.125984 -0.491460
v 0.297144 0.569732 -0.491460
v 0.702856 0.569732 -0.491460
v 0.702856 0.125984 -0.491460
v 0.297144 0.125984 -0.387496
v 0.297144 0.569732 -0.387496
v 0.297144 0.569732 -0.491460
v 0.297144 0.125984 -0.491460
v 0.702856 0.125984 -0.387496
v 0.702856 0.125984 -0.491460
v 0.702856 0.569732 -0.491460
v 0.702856 0.569732 -0.387496
v -0.027045 0.379554 -0.242310
v -0.066830 0.379554 -0.338360
v 0.307999 0.379554 -0.493620
v 0.347785 0.379554 -0.397569
v -0.027045 0.823302 -0.242310
v 0.347785 0.823302 -0.397569
v 0.307999 0.823302 -0.493620
v -0.066830 0.823302 -0.338360
v -0.027045 0.379554 -0.242310
v 0.347785 0.379554 -0.397569
v 0.347785 0.823302 -0.397569
v -0.027045 0.823302 -0.242310
v -0.066830 0.379554 -0.338360
v -0.066830 0.823302 -0.338360
v 0.307999 0.823302 -0.493620
v 0.307999 0.379554 -0.493620
v -0.027045 0.379554 -0.242310
v -0.027045 0.823302 -0.242310
v -0.066830 0.823302 -0.338360
v -0.066830 0.379554 -0.338360
v 0.347785 0.379554 -0.397569
v 0.307999 0.379554 -0.493620
v 0.307999 0.823302 -0.493620
v 0.347785 0.823302 -0.397569
v -0.270996 0.125984 0.015886
v -0.344509 0.125984 -0.057627
v -0.057627 0.125984 -0.344509
v 0.015886 0.125984 -0.270996
v -0.270996 0.569732 0.015886
v 0.015886 0.569732 -0.270996
v -0.057627 0.569732 -0.344509
v -0.344509 0.569732 -0.057627
v -0.270996 0.125984 0.015886
v 0.015886 0.125984 -0.270996
v 0.015886 0.569732 -0.270996
v -0.270996 0.569732 0.015886
v -0.344509 0.125984 -0.057627
v -0.344509 0.569732 -0.057627
v -0.057627 0.569732 -0.344509
v -0.057627 0.125984 -0.344509
v -0.270996 0.125984 0.015886
v -0.270996 0.569732 0.015886
v -0.344509 0.569732 -0.057627
v -0.344509 0.125984 -0.057627
v 0.015886 0.125984 -0.270996
v -0.057627 0.125984 -0.344509
v -0.057627 0.569732 -0.344509
v 0.015886 0.569732 -0.270996
v -0.397569 0.379554 0.347785
v -0.493620 0.379554 0.307999
v -0.338360 0.379554 -0.066830
v -0.242310 0.379554 -0.027045
v -0.397569 0.823302 0.347785
v -0.242310 0.823302 -0.027045
v -0.338360 0.823302 -0.066830
v -0.493620 0.823302 0.307999
v -0.397569 0.379554 0.347785
v -0.242310 0.379554 -0.027045
v -0.242310 0.823302 -0.027045
v -0.397569 0.823302 0.347785
v -0.493620 0.379554 0.307999
v -0.493620 0.823302 0.307999
v -0.338360 0.823302 -0.066830
v -0.338360 0.379554 -0.066830
v -0.397569 0.379554 0.347785
v -0.397569 0.823302 0.347785
v -0.493620 0.823302 0.307999
v -0.493620 0.379554 0.307999
v -0.242310 0.379554 -0.027045
v -0.338360 0.379554 -0.066830
v -0.338360 0.823302 -0.066830
v -0.242310 0.823302 -0.027045
v -0.387496 0.125984 0.702856
v -0.491460 0.125984 0.702856
v -0.491460 0.125984 0.297144
v -0.387496 0.125984 0.297144
v -0.387496 0.569732 0.702856
v -0.387496 0.569732 0.297144
v -0.491460 0.569732 0.297144
v -0.491460 0.569732 0.702856
v -0.387496 0.125984 0.702856
v -0.387496 0.125984 0.297144
v -0.387496 0.569732 0.297144
v -0.387496 0.569732 0.702856
v -0.491460 0.125984 0.702856
v -0.491460 0.569732 0.702856
v -0.491460 0.569732 0.297144
v -0.491460 0.125984 0.297144
v -0.387496 0.125984 0.702856
v -0.387496 0.569732 0.702856
v -0.491460 0.569732 0.702856
v -0.491460 0.125984 0.702856
v -0.387496 0.125984 0.297144
v -0.491460 0.125984 0.297144
v -0.491460 0.569732 0.297144
v -0.387496 0.569732 0.297144
v -0.242310 0.379554 1.027045
v -0.338360 0.379554 1.066830
v -0.493620 0.379554 0.692001
v -0.397569 0.379554 0.652215
v -0.242310 0.823302 1.027045
v -0.397569 0.823302 0.652215
v -0.493620 0.823302 0.692001
v -0.338360 0.823302 1.066830
v -0.242310 0.379554 1.027045
v -0.397569 0.379554 0.652215
v -0.397569 0.823302 0.652215
v -0.242310 0.823302 1.027045
v -0.338360 0.379554 1.066830
v -0.338360 0.823302 1.066830
v -0.493620 0.823302 0.692001
v -0.493620 0.379554 0.692001
v -0.242310 0.379554 1.027045
v -0.242310 0.823302 1.027045
v -0.338360 0.823302 1.066830
v -0.338360 0.379554 1.066830
v -0.397569 0.379554 0.652215
v -0.493620 0.379554 0.692001
v -0.493620 0.823302 0.692001
v -0.397569 0.823302 0.652215
v 0.015886 0.125984 1.270996
v -0.057627 0.125984 1.344509
v -0.344509 0.125984 1.057627
v -0.270996 0.125984 0.984114
v 0.015886 0.569732 1.270996
v -0.270996 0.569732 0.984114
v -0.344509 0.569732 1.057627
v -0.057627 0.569732 1.344509
v 0.015886 0.125984 1.270996
v -0.270996 0.125984 0.984114
v -0.270996 0.569732 0.984114
v 0.015886 0.569732 1.270996
v -0.057627 0.125984 1.344509
v -0.057627 0.569732 1.344509
v -0.344509 0.569732 1.057627
v -0.344509 0.125984 1.057627
v 0.015886 0.125984 1.270996
v 0.015886 0.569732 1.270996
v -0.057627 0.569732 1.344509
v -0.057627 0.125984 1.344509
v -0.270996 0.125984 0.984114
v -0.344509 0.125984 1.057627
v -0.344509 0.569732 1.057627
v -0.270996 0.569732 0.984114
v 0.347785 0.379554 1.397569
v 0.307999 0.379554 1.493620
v -0.066830 0.379554 1.338360
v -0.027045 0.379554 1.242310
v 0.347785 0.823302 1.397569
v -0.027045 0.823302 1.242310
v -0.066830 0.823302 1.338360
v 0.307999 0.823302 1.493620
v 0.347785 0.379554 1.397569
v -0.027045 0.379554 1.242310
v -0.027045 0.823302 1.242310
v 0.347785 0.823302 1.397569
v 0.307999 0.379554 1.493620
v 0.307999 0.823302 1.493620
v -0.066830 0.823302 1.338360
v -0.066830 0.379554 1.338360
v 0.347785 0.379554 1.397569
v 0.347785 0.823302 1.397569
v 0.307999 0.823302 1.493620
v 0.307999 0.379554 1.493620
v -0.027045 0.379554 1.242310
v -0.066830 0.379554 1.338360
v -0.066830 0.823302 1.338360
v -0.027045 0.823302 1.242310
v 0.702856 0.125984 1.387496
v 0.702856 0.125984 1.491460
v 0.297144 0.125984 1.491460
v 0.297144 0.125984 1.387496
v 0.702856 0.569732 1.387496
v 0.297144 0.569732 1.387496
v 0.297144 0.569732 1.491460
v 0.702856 0.569732 1.491460
v 0.702856 0.125984 1.387496
v 0.297144 0.125984 1.387496
v 0.297144 0.569732 1.387496
v 0.702856 0.569732 1.387496
v 0.702856 0.125984 1.491460
v 0.702856 0.569732 1.491460
v 0.297144 0.569732 1.491460
v 0.297144 0.125984 1.491460
v 0.702856 0.125984 1.387496
v 0.702856 0.569732 1.387496
v 0.702856 0.569732 1.491460
v 0.702856 0.125984 1.491460
v 0.297144 0.125984 1.387496
v 0.297144 0.125984 1.491460
v 0.297144 0.569732 1.491460
v 0.297144 0.569732 1.387496
v 1.027045 0.379554 1.242310
v 1.066830 0.379554 1.338360
v 0.692001 0.379554 1.493620
v 0.652215 0.379554 1.397569
v 1.027045 0.823302 1.242310
v 0.652215 0.823302 1.397569
v 0.692001 0.823302 1.493620
v 1.066830 0.823302 1.338360
v 1.027045 0.379554 1.242310
v 0.652215 0.379554 1.397569
v 0.652215 0.823302 1.397569
v 1.027045 0.823302 1.242310
v 1.066830 0.379554 1.338360
v 1.066830 0.823302 1.338360
v 0.692001 0.823302 1.493620
v 0.692001 0.379554 1.493620
v 1.027045 0.379554 1.242310
v 1.027045 0.823302 1.242310
v 1.066830 0.823302 1.338360
v 1.066830 0.379554 1.338360
v 0.652215 0.379554 1.397569
v 0.692001 0.379554 1.493620
v 0.692001 0.823302 1.493620
v 0.652215 0.823302 1.397569
v 1.270996 0.125984 0.984114
v 1.344509 0.125984 1.057627
v 1.057627 0.125984 1.344509
v 0.984114 0.125984 1.270996
v 1.270996 0.569732 0.984114
v 0.984114 0.569732 1.270996
v 1.057627 0.569732 1.344509
v 1.344509 0.569732 1.057627
v 1.270996 0.125984 0.984114
v 0.984114 0.125984 1.270996
v 0.984114 0.569732 1.270996
v 1.270996 0.569732 0.984114
v 1.344509 0.125984 1.057627
v 1.344509 0.569732 1.057627
v 1.057627 0.569732 1.344509
v 1.057627 0.125984 1.344509
v 1.270996 0.125984 0.984114
v 1.270996 0.569732 0.984114
v 1.344509 0.569732 1.057627
v 1.344509 0.125984 1.057627
v 0.984114 0.125984 1.270996
v 1.057627 0.125984 1.344509
v 1.057627 0.569732 1.344509
v 0.984114 0.569732 1.270996
v 1.397569 0.379554 0.652215
v 1.493620 0.379554 0.692001
v 1.338360 0.379554 1.066830
v 1.242310 0.379554 1.027045
v 1.397569 0.823302 0.652215
v 1.242310 0.823302 1.027045
v 1.338360 0.823302 1.066830
v 1.493620 0.823302 0.692001
v 1.397569 0.379554 0.652215
v 1.242310 0.379554 1.027045
v 1.242310 0.823302 1.027045
v 1.397569 0.823302 0.652215
v 1.493620 0.379554 0.692001
v 1.493620 0.823302 0.692001
v 1.338360 0.823302 1.066830
v 1.338360 0.379554 1.066830
v 1.397569 0.379554 0.652215
v 1.397569 0.823302 0.652215
v 1.493620 0.823302 0.692001
v 1.493620 0.379554 0.692001
v 1.242310 0.379554 1.027045
v 1.338360 0.379554 1.066830
v 1.338360 0.823302 1.066830
v 1.242310 0.823302 1.027045
v 1.387496 0.125984 0.297144
v 1.491460 0.125984 0.297144
v 1.491460 0.125984 0.702856
v 1.387496 0.125984 0.702856
v 1.387496 0.569732 0.297144
v 1.387496 0.569732 0.702856
v 1.491460 0.569732 0.702856
v 1.491460 0.569732 0.297144
v 1.387496 0.125984 0.297144
v 1.387496 0.125984 0.702856
v 1.387496 0.569732 0.702856
v 1.387496 0.569732 0.297144
v 1.491460 0.125984 0.297144
v 1.491460 0.569732 0.297144
v 1.491460 0.569732 0.702856
v 1.491460 0.125984 0.702856
v 1.387496 0.125984 0.297144
v 1.387496 0.569732 0.297144
v 1.491460 0.569732 0.297144
v 1.491460 0.125984 0.297144
v 1.387496 0.125984 0.702856
v 1.491460 0.125984 0.702856
v 1.491460 0.569732 0.702856
v 1.387496 0.569732 0.702856
v 1.242310 0.379554 -0.027045
v 1.338360 0.379554 -0.066830
v 1.493620 0.379554 0.307999
v 1.397569 0.379554 0.347785
v 1.242310 0.823302 -0.027045
v 1.397569 0.823302 0.347785
v 1.493620 0.823302 0.307999
v 1.338360 0.823302 -0.066830
v 1.242310 0.379554 -0.027045
v 1.397569 0.379554 0.347785
v 1.397569 0.823302 0.347785
v 1.242310 0.823302 -0.027045
v 1.338360 0.379554 -0.066830
v 1.338360 0.823302 -0.066830
v 1.493620 0.823302 0.307999
v 1.493620 0.379554 0.307999
v 1.242310 0.379554 -0.027045
v 1.242310 0.823302 -0.027045
v 1.338360 0.823302 -0.066830
v 1.338360 0.379554 -0.066830
v 1.397569 0.379554 0.347785
v 1.493620 0.379554 0.307999
v 1.493620 0.823302 0.307999
v 1.397569 0.823302 0.347785
v 0.984114 0.125984 -0.270996
v 1.057627 0.125984 -0.344509
v 1.344509 0.125984 -0.057627
v 1.270996 0.125984 0.015886
v 0.984114 0.569732 -0.270996
v 1.270996 0.569732 0.015886
v 1.344509 0.569732 -0.057627
v 1.057627 0.569732 -0.344509
v 0.984114 0.125984 -0.270996
v 1.270996 0.125984 0.015886
v 1.270996 0.569732 0.015886
v 0.984114 0.569732 -0.270996
v 1.057627 0.125984 -0.344509
v 1.057627 0.569732 -0.344509
v 1.344509 0.569732 -0.057627
v 1.344509 0.125984 -0.057627
v 0.984114 0.125984 -0.270996
v 0.984114 0.569732 -0.270996
v 1.057627 0.569732 -0.344509
v 1.057627 0.125984 -0.344509
v 1.270996 0.125984 0.015886
v 1.344509 0.125984 -0.057627
v 1.344509 0.569732 -0.057627
v 1.270996 0.569732 0.015886
v 0.652215 0.379554 -0.397569
v 0.692001 0.379554 -0.493620
v 1.066830 0.379554 -0.338360
v 1.027045 0.379554 -0.242310
v 0.652215 0.823302 -0.397569
v 1.027045 0.823302 -0.242310
v 1.066830 0.823302 -0.338360
v 0.692001 0.823302 -0.493620
v 0.652215 0.379554 -0.397569
v 1.027045 0.379554 -0.242310
v 1.027045 0.823302 -0.242310
v 0.652215 0.823302 -0.397569
v 0.692001 0.379554 -0.493620
v 0.692001 0.823302 -0.493620
v 1.066830 0.823302 -0.338360
v 1.066830 0.379554 -0.338360
v 0.652215 0.379554 -0.397569
v 0.652215 0.823302 -0.397569
v 0.692001 0.823302 -0.493620
v 0.692001 0.379554 -0.493620
v 1.027045 0.379554 -0.242310
v 1.066830 0.379554 -0.338360
v 1.066830 0.823302 -0.338360
v 1.027045 0.823302 -0.242310
v 1.061658 0.151341 0.500000
v 1.018905 0.151341 0.285063
v 1.018905 0.797945 0.285063
v 1.061658 0.797945 0.500000
v 0.851403 0.151341 0.354444
v 0.880356 0.151341 0.500000
v 0.880356 0.797945 0.500000
v 0.851403 0.797945 0.354444
v 0.880356 0.797945 0.500000
v 1.061658 0.797945 0.500000
v 1.018905 0.797945 0.285063
v 0.851403 0.797945 0.354444
v 0.851403 0.151341 0.354444
v 1.018905 0.151341 0.285063
v 1.061658 0.151341 0.500000
v 0.880356 0.151341 0.500000
v 1.018905 0.151341 0.285063
v 0.897152 0.151341 0.102848
v 0.897152 0.797945 0.102848
v 1.018905 0.797945 0.285063
v 0.768952 0.151341 0.231048
v 0.851403 0.151341 0.354444
v 0.851403 0.797945 0.354444
v 0.768952 0.797945 0.231048
v 0.851403 0.797945 0.354444
v 1.018905 0.797945 0.285063
v 0.897152 0.797945 0.102848
v 0.768952 0.797945 0.231048
v 0.768952 0.151341 0.231048
v 0.897152 0.151341 0.102848
v 1.018905 0.151341 0.285063
v 0.851403 0.151341 0.354444
v 0.897152 0.151341 0.102848
v 0.714937 0.151341 -0.018905
v 0.714937 0.797945 -0.018905
v 0.897152 0.797945 0.102848
v 0.645556 0.151341 0.148597
v 0.768952 0.151341 0.231048
v 0.768952 0.797945 0.231048
v 0.645556 0.797945 0.148597
v 0.768952 0.797945 0.231048
v 0.897152 0.797945 0.102848
v 0.714937 0.797945 -0.018905
v 0.645556 0.797945 0.148597
v 0.645556 0.151341 0.148597
v 0.714937 0.151341 -0.018905
v 0.897152 0.151341 0.102848
v 0.768952 0.151341 0.231048
v 0.714937 0.151341 -0.018905
v 0.500000 0.151341 -0.061658
v 0.500000 0.797945 -0.061658
v 0.714937 0.797945 -0.018905
v 0.500000 0.151341 0.119644
v 0.645556 0.151341 0.148597
v 0.645556 0.797945 0.148597
v 0.500000 0.797945 0.119644
v 0.645556 0.797945 0.148597
v 0.714937 0.797945 -0.018905
v 0.500000 0.797945 -0.061658
v 0.500000 0.797945 0.119644
v 0.500000 0.151341 0.119644
v 0.500000 0.151341 -0.061658
v 0.714937 0.151341 -0.018905
v 0.645556 0.151341 0.148597
v 0.500000 0.151341 -0.061658
v 0.285063 0.151341 -0.018905
v 0.285063 0.797945 -0.018905
v 0.500000 0.797945 -0.061658
v 0.354444 0.151341 0.148597
v 0.500000 0.151341 0.119644
v 0.500000 0.797945 0.119644
v 0.354444 0.797945 0.148597
v 0.500000 0.797945 0.119644
v 0.500000 0.797945 -0.061658
v 0.285063 0.797945 -0.018905
v 0.354444 0.797945 0.148597
v 0.354444 0.151341 0.148597
v 0.285063 0.151341 -0.018905
v 0.500000 0.151341 -0.061658
v 0.500000 0.151341 0.119644
v 0.285063 0.151341 -0.018905
v 0.102848 0.151341 0.102848
v 0.102848 0.797945 0.102848
v 0.285063 0.797945 -0.018905
v 0.231048 0.151341 0.231048
v 0.354444 0.151341 0.148597
v 0.354444 0.797945 0.148597
v 0.231048 0.797945 0.231048
v 0.354444 0.797945 0.148597
v 0.285063 0.797945 -0.018905
v 0.102848 0.797945 0.102848
v 0.231048 0.797945 0.231048
v 0.231048 0.151341 0.231048
v 0.102848 0.151341 0.102848
v 0.285063 0.151341 -0.018905
v 0.354444 0.151341 0.148597
v 0.102848 0.151341 0.102848
v -0.018905 0.151341 0.285063
v -0.018905 0.797945 0.285063
v 0.102848 0.797945 0.102848
v 0.148597 0.151341 0.354444
v 0.231048 0.151341 0.231048
v 0.231048 0.797945 0.231048
v 0.148597 0.797945 0.354444
v 0.231048 0.797945 0.231048
v 0.102848 0.797945 0.102848
v -0.018905 0.797945 0.285063
v 0.148597 0.797945 0.354444
v 0.148597 0.151341 0.354444
v -0.018905 0.151341 0.285063
v 0.102848 0.151341 0.102848
v 0.231048 0.151341 0.231048
v -0.018905 0.151341 0.285063
v -0.061658 0.151341 0.500000
v -0.061658 0.797945 0.500000
v -0.018905 0.797945 0.285063
v 0.119644 0.151341 0.500000
v 0.148597 0.151341 0.354444
v 0.148597 0.797945 0.354444
v 0.119644 0.797945 0.500000
v 0.148597 0.797945 0.354444
v -0.018905 0.797945 0.285063
v -0.061658 0.797945 0.500000
v 0.119644 0.797945 0.500000
v 0.119644 0.151341 0.500000
v -0.061658 0.151341 0.500000
v -0.018905 0.151341 0.285063
v 0.148597 0.151341 0.354444
v -0.061658 0.151341 0.500000
v -0.018905 0.151341 0.714937
v -0.018905 0.797945 0.714937
v -0.061658 0.797945 0.500000
v 0.148597 0.151341 0.645556
v 0.119644 0.151341 0.500000
v 0.119644 0.797945 0.500000
v 0.148597 0.797945 0.645556
v 0.119644 0.797945 0.500000
v -0.061658 0.797945 0.500000
v -0.018905 0.797945 0.714937
v 0.148597 0.797945 0.645556
v 0.148597 0.151341 0.645556
v -0.018905 0.151341 0.714937
v -0.061658 0.151341 0.500000
v 0.119644 0.151341 0.500000
v -0.018905 0.151341 0.714937
v 0.102848 0.151341 0.897152
v 0.102848 0.797945 0.897152
v -0.018905 0.797945 0.714937
v 0.231048 0.151341 0.768952
v 0.148597 0.151341 0.645556
v 0.148597 0.797945 0.645556
v 0.231048 0.797945 0.768952
v 0.148597 0.797945 0.645556
v -0.018905 0.797945 0.714937
v 0.102848 0.797945 0.897152
v 0.231048 0.797945 0.768952
v 0.231048 0.151341 0.768952
v 0.102848 0.151341 0.897152
v -0.018905 0.151341 0.714937
v 0.148597 0.151341 0.645556
v 0.102848 0.151341 0.897152
v 0.285063 0.151341 1.018905
v 0.285063 0.797945 1.018905
v 0.102848 0.797945 0.897152
v 0.354444 0.151341 0.851403
v 0.231048 0.151341 0.768952
v 0.231048 0.797945 0.768952
v 0.354444 0.797945 0.851403
v 0.231048 0.797945 0.768952
v 0.102848 0.797945 0.897152
v 0.285063 0.797945 1.018905
v 0.354444 0.797945 0.851403
v 0.354444 0.151341 0.851403
v 0.285063 0.151341 1.018905
v 0.102848 0.151341 0.897152
v 0.231048 0.151341 0.768952
v 0.285063 0.151341 1.018905
v 0.500000 0.151341 1.061658
v 0.500000 0.797945 1.061658
v 0.285063 0.797945 1.018905
v 0.500000 0.151341 0.880356
v 0.354444 0.151341 0.851403
v 0.354444 0.797945 0.851403
v 0.500000 0.797945 0.880356
v 0.354444 0.797945 0.851403
v 0.285063 0.797945 1.018905
v 0.500000 0.797945 1.061658
v 0.500000 0.797945 0.880356
v 0.500000 0.151341 0.880356
v 0.500000 0.151341 1.061658
v 0.285063 0.151341 1.018905
v 0.354444 0.151341 0.851403
v 0.500000 0.151341 1.061658
v 0.714937 0.151341 1.018905
v 0.714937 0.797945 1.018905
v 0.500000 0.797945 1.061658
v 0.645556 0.151341 0.851403
v 0.500000 0.151341 0.880356
v 0.500000 0.797945 0.880356
v 0.645556 0.797945 0.851403
v 0.500000 0.797945 0.880356
v 0.500000 0.797945 1.061658
v 0.714937 0.797945 1.018905
v 0.645556 0.797945 0.851403
v 0.645556 0.151341 0.851403
v 0.714937 0.151341 1.018905
v 0.500000 0.151341 1.061658
v 0.500000 0.151341 0.880356
v 0.714937 0.151341 1.018905
v 0.897152 0.151341 0.897152
v 0.897152 0.797945 0.897152
v 0.714937 0.797945 1.018905
v 0.768952 0.151341 0.768952
v 0.645556 0.151341 0.851403
v 0.645556 0.797945 0.851403
v 0.768952 0.797945 0.768952
v 0.645556 0.797945 0.851403
v 0.714937 0.797945 1.018905
v 0.897152 0.797945 0.897152
v 0.768952 0.797945 0.768952
v 0.768952 0.151341 0.768952
v 0.897152 0.151341 0.897152
v 0.714937 0.151341 1.018905
v 0.645556 0.151341 0.851403
v 0.897152 0.151341 0.897152
v 1.018905 0.151341 0.714937
v 1.018905 0.797945 0.714937
v 0.897152 0.797945 0.897152
v 0.851403 0.151341 0.645556
v 0.768952 0.151341 0.768952
v 0.768952 0.797945 0.768952
v 0.851403 0.797945 0.645556
v 0.768952 0.797945 0.768952
v 0.897152 0.797945 0.897152
v 1.018905 0.797945 0.714937
v 0.851403 0.797945 0.645556
v 0.851403 0.151341 0.645556
v 1.018905 0.151341 0.714937
v 0.897152 0.151341 0.897152
v 0.768952 0.151341 0.768952
v 1.018905 0.151341 0.714937
v 1.061658 0.151341 0.500000
v 1.061658 0.797945 0.500000
v 1.018905 0.797945 0.714937
v 0.880356 0.151341 0.500000
v 0.851403 0.151341 0.645556
v 0.851403 0.797945 0.645556
v 0.880356 0.797945 0.500000
v 0.851403 0.797945 0.645556
v 1.018905 0.797945 0.714937
v 1.061658 0.797945 0.500000
v 0.880356 0.797945 0.500000
v 0.880356 0.151341 0.500000
v 1.061658 0.151341 0.500000
v 1.018905 0.151341 0.714937
v 0.851403 0.151341 0.645556
v 1.076873 0.715535 0.500000
v 1.032961 0.715535 0.279240
v 1.032961 0.804284 0.279240
v 1.076873 0.804284 0.500000
v 0.945110 0.715535 0.315629
v 0.981784 0.715535 0.500000
v 0.981784 0.804284 0.500000
v 0.945110 0.804284 0.315629
v 0.981784 0.804284 0.500000
v 1.076873 0.804284 0.500000
v 1.032961 0.804284 0.279240
v 0.945110 0.804284 0.315629
v 0.945110 0.715535 0.315629
v 1.032961 0.715535 0.279240
v 1.076873 0.715535 0.500000
v 0.981784 0.715535 0.500000
v 1.032961 0.715535 0.279240
v 0.907911 0.715535 0.092089
v 0.907911 0.804284 0.092089
v 1.032961 0.804284 0.279240
v 0.840673 0.715535 0.159327
v 0.945110 0.715535 0.315629
v 0.945110 0.804284 0.315629
v 0.840673 0.804284 0.159327
v 0.945110 0.804284 0.315629
v 1.032961 0.804284 0.279240
v 0.907911 0.804284 0.092089
v 0.840673 0.804284 0.159327
v 0.840673 0.715535 0.159327
v 0.907911 0.715535 0.092089
v 1.032961 0.715535 0.279240
v 0.945110 0.715535 0.315629
v 0.907911 0.715535 0.092089
v 0.720760 0.715535 -0.032961
v 0.720760 0.804284 -0.032961
v 0.907911 0.804284 0.092089
v 0.684371 0.715535 0.054890
v 0.840673 0.715535 0.159327
v 0.840673 0.804284 0.159327
v 0.684371 0.804284 0.054890
v 0.840673 0.804284 0.159327
v 0.907911 0.804284 0.092089
v 0.720760 0.804284 -0.032961
v 0.684371 0.804284 0.054890
v 0.684371 0.715535 0.054890
v 0.720760 0.715535 -0.032961
v 0.907911 0.715535 0.092089
v 0.840673 0.715535 0.159327
v 0.720760 0.715535 -0.032961
v 0.500000 0.715535 -0.076873
v 0.500000 0.804284 -0.076873
v 0.720760 0.804284 -0.032961
v 0.500000 0.715535 0.018216
v 0.684371 0.715535 0.054890
v 0.684371 0.804284 0.054890
v 0.500000 0.804284 0.018216
v 0.684371 0.804284 0.054890
v 0.720760 0.804284 -0.032961
v 0.500000 0.804284 -0.076873
v 0.500000 0.804284 0.018216
v 0.500000 0.715535 0.018216
v 0.500000 0.715535 -0.076873
v 0.720760 0.715535 -0.032961
v 0.684371 0.715535 0.054890
v 0.500000 0.715535 -0.076873
v 0.279240 0.715535 -0.032961
v 0.279240 0.804284 -0.032961
v 0.500000 0.804284 -0.076873
v 0.315629 0.715535 0.054890
v 0.500000 0.715535 0.018216
v 0.500000 0.804284 0.018216
v 0.315629 0.804284 0.054890
v 0.500000 0.804284 0.018216
v 0.500000 0.804284 -0.076873
v 0.279240 0.804284 -0.032961
v 0.315629 0.804284 0.054890
v 0.315629 0.715535 0.054890
v 0.279240 0.715535 -0.032961
v 0.500000 0.715535 -0.076873
v 0.500000 0.715535 0.018216
v 0.279240 0.715535 -0.032961
v 0.092089 0.715535 0.092089
v 0.092089 0.804284 0.092089
v 0.279240 0.804284 -0.032961
v 0.159327 0.715535 0.159327
v 0.315629 0.715535 0.054890
v 0.315629 0.804284 0.054890
v 0.159327 0.804284 0.159327
v 0.315629 0.804284 0.054890
v 0.279240 0.804284 -0.032961
v 0.092089 0.804284 0.092089
v 0.159327 0.804284 0.159327
v 0.159327 0.715535 0.159327
v 0.092089 0.715535 0.092089
v 0.279240 0.715535 -0.032961
v 0.315629 0.715535 0.054890
v 0.092089 0.715535 0.092089
v -0.032961 0.715535 0.279240
v -0.032961 0.804284 0.279240
v 0.092089 0.804284 0.092089
v 0.054890 0.715535 0.315629
v 0.159327 0.715535 0.159327
v 0.159327 0.804284 0.159327
v 0.054890 0.804284 0.315629
v 0.159327 0.804284 0.159327
v 0.092089 0.804284 0.092089
v -0.032961 0.804284 0.279240
v 0.054890 0.804284 0.315629
v 0.054890 0.715535 0.315629
v -0.032961 0.715535 0.279240
v 0.092089 0.715535 0.092089
v 0.159327 0.715535 0.159327
v -0.032961 0.715535 0.279240
v -0.076873 0.715535 0.500000
v -0.076873 0.804284 0.500000
v -0.032961 0.804284 0.279240
v 0.018216 0.715535 0.500000
v 0.054890 0.715535 0.315629
v 0.054890 0.804284 0.315629
v 0.018216 0.804284 0.500000
v 0.054890 0.804284 0.315629
v -0.032961 0.804284 0.279240
v -0.076873 0.804284 0.500000
v 0.018216 0.804284 0.500000
v 0.018216 0.715535 0.500000
v -0.076873 0.715535 0.500000
v -0.032961 0.715535 0.279240
v 0.054890 0.715535 0.315629
v -0.076873 0.715535 0.500000
v -0.032961 0.715535 0.720760
v -0.032961 0.804284 0.720760
v -0.076873 0.804284 0.500000
v 0.054890 0.715535 0.684371
v 0.018216 0.715535 0.500000
v 0.018216 0.804284 0.500000
v 0.054890 0.804284 0.684371
v 0.018216 0.804284 0.500000
v -0.076873 0.804284 0.500000
v -0.032961 0.804284 0.720760
v 0.054890 0.804284 0.684371
v 0.054890 0.715535 0.684371
v -0.032961 0.715535 0.720760
v -0.076873 0.715535 0.500000
v 0.018216 0.715535 0.500000
v -0.032961 0.715535 0.720760
v 0.092089 0.715535 0.907911
v 0.092089 0.804284 0.907911
v -0.032961 0.804284 0.720760
v 0.159327 0.715535 0.840673
v 0.054890 0.715535 0.684371
v 0.054890 0.804284 0.684371
v 0.159327 0.804284 0.840673
v 0.054890 0.804284 0.684371
v -0.032961 0.804284 0.720760
v 0.092089 0.804284 0.907911
v 0.159327 0.804284 0.840673
v 0.159327 0.715535 0.840673
v 0.092089 0.715535 0.907911
v -0.032961 0.715535 0.720760
v 0.054890 0.715535 0.684371
v 0.092089 0.715535 0.907911
v 0.279240 0.715535 1.032961
v 0.279240 0.804284 1.032961
v 0.092089 0.804284 0.907911
v 0.315629 0.715535 0.945110
v 0.159327 0.715535 0.840673
v 0.159327 0.804284 0.840673
v 0.315629 0.804284 0.945110
v 0.159327 0.804284 0.840673
v 0.092089 0.804284 0.907911
v 0.279240 0.804284 1.032961
v 0.315629 0.804284 0.945110
v 0.315629 0.715535 0.945110
v 0.279240 0.715535 1.032961
v 0.092089 0.715535 0.907911
v 0.159327 0.715535 0.840673
v 0.279240 0.715535 1.032961
v 0.500000 0.715535 1.076873
v 0.500000 0.804284 1.076873
v 0.279240 0.804284 1.032961
v 0.500000 0.715535 0.981784
v 0.315629 0.715535 0.945110
v 0.315629 0.804284 0.945110
v 0.500000 0.804284 0.981784
v 0.315629 0.804284 0.945110
v 0.279240 0.804284 1.032961
v 0.500000 0.804284 1.076873
v 0.500000 0.804284 0.981784
v 0.500000 0.715535 0.981784
v 0.500000 0.715535 1.076873
v 0.279240 0.715535 1.032961
v 0.315629 0.715535 0.945110
v 0.500000 0.715535 1.076873
v 0.720760 0.715535 1.032961
v 0.720760 0.804284 1.032961
v 0.500000 0.804284 1.076873
v 0.684371 0.715535 0.945110
v 0.500000 0.715535 0.981784
v 0.500000 0.804284 0.981784
v 0.684371 0.804284 0.945110
v 0.500000 0.804284 0.981784
v 0.500000 0.804284 1.076873
v 0.720760 0.804284 1.032961
v 0.684371 0.804284 0.945110
v 0.684371 0.715535 0.945110
v 0.720760 0.715535 1.032961
v 0.500000 0.715535 1.076873
v 0.500000 0.715535 0.981784
v 0.720760 0.715535 1.032961
v 0.907911 0.715535 0.907911
v 0.907911 0.804284 0.907911
v 0.720760 0.804284 1.032961
v 0.840673 0.715535 0.840673
v 0.684371 0.715535 0.945110
v 0.684371 0.804284 0.945110
v 0.840673 0.804284 0.840673
v 0.684371 0.804284 0.945110
v 0.720760 0.804284 1.032961
v 0.907911 0.804284 0.907911
v 0.840673 0.804284 0.840673
v 0.840673 0.715535 0.840673
v 0.907911 0.715535 0.907911
v 0.720760 0.715535 1.032961
v 0.684371 0.715535 0.945110
v 0.907911 0.715535 0.907911
v 1.032961 0.715535 0.720760
v 1.032961 0.804284 0.720760
v 0.907911 0.804284 0.907911
v 0.945110 0.715535 0.684371
v 0.840673 0.715535 0.840673
v 0.840673 0.804284 0.840673
v 0.945110 0.804284 0.684371
v 0.840673 0.804284 0.840673
v 0.907911 0.804284 0.907911
v 1.032961 0.804284 0.720760
v 0.945110 0.804284 0.684371
v 0.945110 0.715535 0.684371
v 1.032961 0.715535 0.720760
v 0.907911 0.715535 0.907911
v 0.840673 0.715535 0.840673
v 1.032961 0.715535 0.720760
v 1.076873 0.715535 0.500000
v 1.076873 0.804284 0.500000
v 1.032961 0.804284 0.720760
v 0.981784 0.715535 0.500000
v 0.945110 0.715535 0.684371
v 0.945110 0.804284 0.684371
v 0.981784 0.804284 0.500000
v 0.945110 0.804284 0.684371
v 1.032961 0.804284 0.720760
v 1.076873 0.804284 0.500000
v 0.981784 0.804284 0.500000
v 0.981784 0.715535 0.500000
v 1.076873 0.715535 0.500000
v 1.032961 0.715535 0.720760
v 0.945110 0.715535 0.684371
v 0.994462 0.639464 0.500000
v 0.956824 0.639464 0.310777
v 0.956824 0.721874 0.310777
v 0.994462 0.721874 0.500000
v 0.956824 0.639464 0.310777
v 0.849638 0.639464 0.150362
v 0.849638 0.721874 0.150362
v 0.956824 0.721874 0.310777
v 0.849638 0.639464 0.150362
v 0.689223 0.639464 0.043176
v 0.689223 0.721874 0.043176
v 0.849638 0.721874 0.150362
v 0.689223 0.639464 0.043176
v 0.500000 0.639464 0.005538
v 0.500000 0.721874 0.005538
v 0.689223 0.721874 0.043176
v 0.500000 0.639464 0.005538
v 0.310777 0.639464 0.043176
v 0.310777 0.721874 0.043176
v 0.500000 0.721874 0.005538
v 0.310777 0.639464 0.043176
v 0.150362 0.639464 0.150362
v 0.150362 0.721874 0.150362
v 0.310777 0.721874 0.043176
v 0.150362 0.639464 0.150362
v 0.043176 0.639464 0.310777
v 0.043176 0.721874 0.310777
v 0.150362 0.721874 0.150362
v 0.043176 0.639464 0.310777
v 0.005538 0.639464 0.500000
v 0.005538 0.721874 0.500000
v 0.043176 0.721874 0.310777
v 0.005538 0.639464 0.500000
v 0.043176 0.639464 0.689223
v 0.043176 0.721874 0.689223
v 0.005538 0.721874 0.500000
v 0.043176 0.639464 0.689223
v 0.150362 0.639464 0.849638
v 0.150362 0.721874 0.849638
v 0.043176 0.721874 0.689223
v 0.150362 0.639464 0.849638
v 0.310777 0.639464 0.956824
v 0.310777 0.721874 0.956824
v 0.150362 0.721874 0.849638
v 0.310777 0.639464 0.956824
v 0.500000 0.639464 0.994462
v 0.500000 0.721874 0.994462
v 0.310777 0.721874 0.956824
v 0.500000 0.639464 0.994462
v 0.689223 0.639464 0.956824
v 0.689223 0.721874 0.956824
v 0.500000 0.721874 0.994462
v 0.689223 0.639464 0.956824
v 0.849638 0.639464 0.849638
v 0.849638 0.721874 0.849638
v 0.689223 0.721874 0.956824
v 0.849638 0.639464 0.849638
v 0.956824 0.639464 0.689223
v 0.956824 0.721874 0.689223
v 0.849638 0.721874 0.849638
v 0.956824 0.639464 0.689223
v 0.994462 0.639464 0.500000
v 0.994462 0.721874 0.500000
v 0.956824 0.721874 0.689223
v 0.994462 0.721874 0.500000
v 0.956824 0.721874 0.310777
v 0.849638 0.721874 0.150362
v 0.689223 0.721874 0.043176
v 0.500000 0.721874 0.005538
v 0.310777 0.721874 0.043176
v 0.150362 0.721874 0.150362
v 0.043176 0.721874 0.310777
v 0.005538 0.721874 0.500000
v 0.043176 0.721874 0.689223
v 0.150362 0.721874 0.849638
v 0.310777 0.721874 0.956824
v 0.500000 0.721874 0.994462
v 0.689223 0.721874 0.956824
v 0.849638 0.721874 0.849638
v 0.956824 0.721874 0.689223
v 0.956824 0.639464 0.689223
v 0.849638 0.639464 0.849638
v 0.689223 0.639464 0.956824
v 0.500000 0.639464 0.994462
v 0.310777 0.639464 0.956824
v 0.150362 0.639464 0.849638
v 0.043176 0.639464 0.689223
v 0.005538 0.639464 0.500000
v 0.043176 0.639464 0.310777
v 0.150362 0.639464 0.150362
v 0.310777 0.639464 0.043176
v 0.500000 0.639464 0.005538
v 0.689223 0.639464 0.043176
v 0.849638 0.639464 0.150362
v 0.956824 0.639464 0.310777
v 0.994462 0.639464 0.500000
v 1.051516 0.132323 0.500000
v 1.009534 0.132323 0.288944
v 1.009534 0.208394 0.288944
v 1.051516 0.208394 0.500000
v 0.740125 0.132323 0.400537
v 0.759910 0.132323 0.500000
v 0.759910 0.208394 0.500000
v 0.740125 0.208394 0.400537
v 0.759910 0.208394 0.500000
v 1.051516 0.208394 0.500000
v 1.009534 0.208394 0.288944
v 0.740125 0.208394 0.400537
v 0.740125 0.132323 0.400537
v 1.009534 0.132323 0.288944
v 1.051516 0.132323 0.500000
v 0.759910 0.132323 0.500000
v 1.009534 0.132323 0.288944
v 0.889980 0.132323 0.110020
v 0.889980 0.208394 0.110020
v 1.009534 0.208394 0.288944
v 0.683784 0.132323 0.316216
v 0.740125 0.132323 0.400537
v 0.740125 0.208394 0.400537
v 0.683784 0.208394 0.316216
v 0.740125 0.208394 0.400537
v 1.009534 0.208394 0.288944
v 0.889980 0.208394 0.110020
v 0.683784 0.208394 0.316216
v 0.683784 0.132323 0.316216
v 0.889980 0.132323 0.110020
v 1.009534 0.132323 0.288944
v 0.740125 0.132323 0.400537
v 0.889980 0.132323 0.110020
v 0.711056 0.132323 -0.009534
v 0.711056 0.208394 -0.009534
v 0.889980 0.208394 0.110020
v 0.599463 0.132323 0.259875
v 0.683784 0.132323 0.316216
v 0.683784 0.208394 0.316216
v 0.599463 0.208394 0.259875
v 0.683784 0.208394 0.316216
v 0.889980 0.208394 0.110020
v 0.711056 0.208394 -0.009534
v 0.599463 0.208394 0.259875
v 0.599463 0.132323 0.259875
v 0.711056 0.132323 -0.009534
v 0.889980 0.132323 0.110020
v 0.683784 0.132323 0.316216
v 0.711056 0.132323 -0.009534
v 0.500000 0.132323 -0.051516
v 0.500000 0.208394 -0.051516
v 0.711056 0.208394 -0.009534
v 0.500000 0.132323 0.240090
v 0.599463 0.132323 0.259875
v 0.599463 0.208394 0.259875
v 0.500000 0.208394 0.240090
v 0.599463 0.208394 0.259875
v 0.711056 0.208394 -0.009534
v 0.500000 0.208394 -0.051516
v 0.500000 0.208394 0.240090
v 0.500000 0.132323 0.240090
v 0.500000 0.132323 -0.051516
v 0.711056 0.132323 -0.009534
v 0.599463 0.132323 0.259875
v 0.500000 0.132323 -0.051516
v 0.288944 0.132323 -0.009534
v 0.288944 0.208394 -0.009534
v 0.500000 0.208394 -0.051516
v 0.400537 0.132323 0.259875
v 0.500000 0.132323 0.240090
v 0.500000 0.208394 0.240090
v 0.400537 0.208394 0.259875
v 0.500000 0.208394 0.240090
v 0.500000 0.208394 -0.051516
v 0.288944 0.208394 -0.009534
v 0.400537 0.208394 0.259875
v 0.400537 0.132323 0.259875
v 0.288944 0.132323 -0.009534
v 0.500000 0.132323 -0.051516
v 0.500000 0.132323 0.240090
v 0.288944 0.132323 -0.009534
v 0.110020 0.132323 0.110020
v 0.110020 0.208394 0.110020
v 0.288944 0.208394 -0.009534
v 0.316216 0.132323 0.316216
v 0.400537 0.132323 0.259875
v 0.400537 0.208394 0.259875
v 0.316216 0.208394 0.316216
v 0.400537 0.208394 0.259875
v 0.288944 0.208394 -0.009534
v 0.110020 0.208394 0.110020
v 0.316216 0.208394 0.316216
v 0.316216 0.132323 0.316216
v 0.110020 0.132323 0.110020
v 0.288944 0.132323 -0.009534
v 0.400537 0.132323 0.259875
v 0.110020 0.132323 0.110020
v -0.009534 0.132323 0.288944
v -0.009534 0.208394 0.288944
v 0.110020 0.208394 0.110020
v 0.259875 0.132323 0.400537
v 0.316216 0.132323 0.316216
v 0.316216 0.208394 0.316216
v 0.259875 0.208394 0.400537
v 0.316216 0.208394 0.316216
v 0.110020 0.208394 0.110020
v -0.009534 0.208394 0.288944
v 0.259875 0.208394 0.400537
v 0.259875 0.132323 0.400537
v -0.009534 0.132323 0.288944
v 0.110020 0.132323 0.110020
v 0.316216 0.132323 0.316216
v -0.009534 0.132323 0.288944
v -0.051516 0.132323 0.500000
v -0.051516 0.208394 0.500000
v -0.009534 0.208394 0.288944
v 0.240090 0.132323 0.500000
v 0.259875 0.132323 0.400537
v 0.259875 0.208394 0.400537
v 0.240090 0.208394 0.500000
v 0.259875 0.208394 0.400537
v -0.009534 0.208394 0.288944
v -0.051516 0.208394 0.500000
v 0.240090 0.208394 0.500000
v 0.240090 0.132323 0.500000
v -0.051516 0.132323 0.500000
v -0.009534 0.132323 0.288944
v 0.259875 0.132323 0.400537
v -0.051516 0.132323 0.500000
v -0.009534 0.132323 0.711056
v -0.009534 0.208394 0.711056
v -0.051516 0.208394 0.500000
v 0.259875 0.132323 0.599463
v 0.240090 0.132323 0.500000
v 0.240090 0.208394 0.500000
v 0.259875 0.208394 0.599463
v 0.240090 0.208394 0.500000
v -0.051516 0.208394 0.500000
v -0.009534 0.208394 0.711056
v 0.259875 0.208394 0.599463
v 0.259875 0.132323 0.599463
v -0.009534 0.132323 0.711056
v -0.051516 0.132323 0.500000
v 0.240090 0.132323 0.500000
v -0.009534 0.132323 0.711056
v 0.110020 0.132323 0.889980
v 0.110020 0.208394 0.889980
v -0.009534 0.208394 0.711056
v 0.316216 0.132323 0.683784
v 0.259875 0.132323 0.599463
v 0.259875 0.208394 0.599463
v 0.316216 0.208394 0.683784
v 0.259875 0.208394 0.599463
v -0.009534 0.208394 0.711056
v 0.110020 0.208394 0.889980
v 0.316216 0.208394 0.683784
v 0.316216 0.132323 0.683784
v 0.110020 0.132323 0.889980
v -0.009534 0.132323 0.711056
v 0.259875 0.132323 0.599463
v 0.110020 0.132323 0.889980
v 0.288944 0.132323 1.009534
v 0.288944 0.208394 1.009534
v 0.110020 0.208394 0.889980
v 0.400537 0.132323 0.740125
v 0.316216 0.132323 0.683784
v 0.316216 0.208394 0.683784
v 0.400537 0.208394 0.740125
v 0.316216 0.208394 0.683784
v 0.110020 0.208394 0.889980
v 0.288944 0.208394 1.009534
v 0.400537 0.208394 0.740125
v 0.400537 0.132323 0.740125
v 0.288944 0.132323 1.009534
v 0.110020 0.132323 0.889980
v 0.316216 0.132323 0.683784
v 0.288944 0.132323 1.009534
v 0.500000 0.132323 1.051516
v 0.500000 0.208394 1.051516
v 0.288944 0.208394 1.009534
v 0.500000 0.132323 0.759910
v 0.400537 0.132323 0.740125
v 0.400537 0.208394 0.740125
v 0.500000 0.208394 0.759910
v 0.400537 0.208394 0.740125
v 0.288944 0.208394 1.009534
v 0.500000 0.208394 1.051516
v 0.500000 0.208394 0.759910
v 0.500000 0.132323 0.759910
v 0.500000 0.132323 1.051516
v 0.288944 0.132323 1.009534
v 0.400537 0.132323 0.740125
v 0.500000 0.132323 1.051516
v 0.711056 0.132323 1.009534
v 0.711056 0.208394 1.009534
v 0.500000 0.208394 1.051516
v 0.599463 0.132323 0.740125
v 0.500000 0.132323 0.759910
v 0.500000 0.208394 0.759910
v 0.599463 0.208394 0.740125
v 0.500000 0.208394 0.759910
v 0.500000 0.208394 1.051516
v 0.711056 0.208394 1.009534
v 0.599463 0.208394 0.740125
v 0.599463 0.132323 0.740125
v 0.711056 0.132323 1.009534
v 0.500000 0.132323 1.051516
v 0.500000 0.132323 0.759910
v 0.711056 0.132323 1.009534
v 0.889980 0.132323 0.889980
v 0.889980 0.208394 0.889980
v 0.711056 0.208394 1.009534
v 0.683784 0.132323 0.683784
v 0.599463 0.132323 0.740125
v 0.599463 0.208394 0.740125
v 0.683784 0.208394 0.683784
v 0.599463 0.208394 0.740125
v 0.711056 0.208394 1.009534
v 0.889980 0.208394 0.889980
v 0.683784 0.208394 0.683784
v 0.683784 0.132323 0.683784
v 0.889980 0.132323 0.889980
v 0.711056 0.132323 1.009534
v 0.599463 0.132323 0.740125
v 0.889980 0.132323 0.889980
v 1.009534 0.132323 0.711056
v 1.009534 0.208394 0.711056
v 0.889980 0.208394 0.889980
v 0.740125 0.132323 0.599463
v 0.683784 0.132323 0.683784
v 0.683784 0.208394 0.683784
v 0.740125 0.208394 0.599463
v 0.683784 0.208394 0.683784
v 0.889980 0.208394 0.889980
v 1.009534 0.208394 0.711056
v 0.740125 0.208394 0.599463
v 0.740125 0.132323 0.599463
v 1.009534 0.132323 0.711056
v 0.889980 0.132323 0.889980
v 0.683784 0.132323 0.683784
v 1.009534 0.132323 0.711056
v 1.051516 0.132323 0.500000
v 1.051516 0.208394 0.500000
v 1.009534 0.208394 0.711056
v 0.759910 0.132323 0.500000
v 0.740125 0.132323 0.599463
v 0.740125 0.208394 0.599463
v 0.759910 0.208394 0.500000
v 0.740125 0.208394 0.599463
v 1.009534 0.208394 0.711056
v 1.051516 0.208394 0.500000
v 0.759910 0.208394 0.500000
v 0.759910 0.132323 0.500000
v 1.051516 0.132323 0.500000
v 1.009534 0.132323 0.711056
v 0.740125 0.132323 0.599463
v 0.762445 0.183037 0.500000
v 0.742468 0.183037 0.399567
v 0.742468 0.373215 0.399567
v 0.762445 0.373215 0.500000
v 0.742468 0.183037 0.399567
v 0.685577 0.183037 0.314423
v 0.685577 0.373215 0.314423
v 0.742468 0.373215 0.399567
v 0.685577 0.183037 0.314423
v 0.600433 0.183037 0.257532
v 0.600433 0.373215 0.257532
v 0.685577 0.373215 0.314423
v 0.600433 0.183037 0.257532
v 0.500000 0.183037 0.237555
v 0.500000 0.373215 0.237555
v 0.600433 0.373215 0.257532
v 0.500000 0.183037 0.237555
v 0.399567 0.183037 0.257532
v 0.399567 0.373215 0.257532
v 0.500000 0.373215 0.237555
v 0.399567 0.183037 0.257532
v 0.314423 0.183037 0.314423
v 0.314423 0.373215 0.314423
v 0.399567 0.373215 0.257532
v 0.314423 0.183037 0.314423
v 0.257532 0.183037 0.399567
v 0.257532 0.373215 0.399567
v 0.314423 0.373215 0.314423
v 0.257532 0.183037 0.399567
v 0.237555 0.183037 0.500000
v 0.237555 0.373215 0.500000
v 0.257532 0.373215 0.399567
v 0.237555 0.183037 0.500000
v 0.257532 0.183037 0.600433
v 0.257532 0.373215 0.600433
v 0.237555 0.373215 0.500000
v 0.257532 0.183037 0.600433
v 0.314423 0.183037 0.685577
v 0.314423 0.373215 0.685577
v 0.257532 0.373215 0.600433
v 0.314423 0.183037 0.685577
v 0.399567 0.183037 0.742468
v 0.399567 0.373215 0.742468
v 0.314423 0.373215 0.685577
v 0.399567 0.183037 0.742468
v 0.500000 0.183037 0.762445
v 0.500000 0.373215 0.762445
v 0.399567 0.373215 0.742468
v 0.500000 0.183037 0.762445
v 0.600433 0.183037 0.742468
v 0.600433 0.373215 0.742468
v 0.500000 0.373215 0.762445
v 0.600433 0.183037 0.742468
v 0.685577 0.183037 0.685577
v 0.685577 0.373215 0.685577
v 0.600433 0.373215 0.742468
v 0.685577 0.183037 0.685577
v 0.742468 0.183037 0.600433
v 0.742468 0.373215 0.600433
v 0.685577 0.373215 0.685577
v 0.742468 0.183037 0.600433
v 0.762445 0.183037 0.500000
v 0.762445 0.373215 0.500000
v 0.742468 0.373215 0.600433
v 0.762445 0.373215 0.500000
v 0.742468 0.373215 0.399567
v 0.685577 0.373215 0.314423
v 0.600433 0.373215 0.257532
v 0.500000 0.373215 0.237555
v 0.399567 0.373215 0.257532
v 0.314423 0.373215 0.314423
v 0.257532 0.373215 0.399567
v 0.237555 0.373215 0.500000
v 0.257532 0.373215 0.600433
v 0.314423 0.373215 0.685577
v 0.399567 0.373215 0.742468
v 0.500000 0.373215 0.762445
v 0.600433 0.373215 0.742468
v 0.685577 0.373215 0.685577
v 0.742468 0.373215 0.600433
v 0.742468 0.183037 0.600433
v 0.685577 0.183037 0.685577
v 0.600433 0.183037 0.742468
v 0.500000 0.183037 0.762445
v 0.399567 0.183037 0.742468
v 0.314423 0.183037 0.685577
v 0.257532 0.183037 0.600433
v 0.237555 0.183037 0.500000
v 0.257532 0.183037 0.399567
v 0.314423 0.183037 0.314423
v 0.399567 0.183037 0.257532
v 0.500000 0.183037 0.237555
v 0.600433 0.183037 0.257532
v 0.685577 0.183037 0.314423
v 0.742468 0.183037 0.399567
v 0.762445 0.183037 0.500000
v 0.628848 0.147537 0.446630
v 0.553370 0.147537 0.371152
v 0.553370 0.193180 0.371152
v 0.628848 0.193180 0.446630
v 0.553370 0.147537 0.371152
v 0.446630 0.147537 0.371152
v 0.446630 0.193180 0.371152
v 0.553370 0.193180 0.371152
v 0.446630 0.147537 0.371152
v 0.371152 0.147537 0.446630
v 0.371152 0.193180 0.446630
v 0.446630 0.193180 0.371152
v 0.371152 0.147537 0.446630
v 0.371152 0.147537 0.553370
v 0.371152 0.193180 0.553370
v 0.371152 0.193180 0.446630
v 0.371152 0.147537 0.553370
v 0.446630 0.147537 0.628848
v 0.446630 0.193180 0.628848
v 0.371152 0.193180 0.553370
v 0.446630 0.147537 0.628848
v 0.553370 0.147537 0.628848
v 0.553370 0.193180 0.628848
v 0.446630 0.193180 0.628848
v 0.553370 0.147537 0.628848
v 0.628848 0.147537 0.553370
v 0.628848 0.193180 0.553370
v 0.553370 0.193180 0.628848
v 0.628848 0.147537 0.553370
v 0.628848 0.147537 0.446630
v 0.628848 0.193180 0.446630
v 0.628848 0.193180 0.553370
v 0.628848 0.193180 0.446630
v 0.553370 0.193180 0.371152
v 0.446630 0.193180 0.371152
v 0.371152 0.193180 0.446630
v 0.371152 0.193180 0.553370
v 0.446630 0.193180 0.628848
v 0.553370 0.193180 0.628848
v 0.628848 0.193180 0.553370
v 0.628848 0.147537 0.553370
v 0.553370 0.147537 0.628848
v 0.446630 0.147537 0.628848
v 0.371152 0.147537 0.553370
v 0.371152 0.147537 0.446630
v 0.446630 0.147537 0.371152
v 0.553370 0.147537 0.371152
v 0.628848 0.147537 0.446630
v 0.532964 0.164019 0.303483
v 0.516482 0.164019 0.274935
v 0.516482 0.193180 0.274935
v 0.532964 0.193180 0.303483
v 0.516482 0.164019 0.274935
v 0.483518 0.164019 0.274935
v 0.483518 0.193180 0.274935
v 0.516482 0.193180 0.274935
v 0.483518 0.164019 0.274935
v 0.467036 0.164019 0.303483
v 0.467036 0.193180 0.303483
v 0.483518 0.193180 0.274935
v 0.467036 0.164019 0.303483
v 0.483518 0.164019 0.332031
v 0.483518 0.193180 0.332031
v 0.467036 0.193180 0.303483
v 0.483518 0.164019 0.332031
v 0.516482 0.164019 0.332031
v 0.516482 0.193180 0.332031
v 0.483518 0.193180 0.332031
v 0.516482 0.164019 0.332031
v 0.532964 0.164019 0.303483
v 0.532964 0.193180 0.303483
v 0.516482 0.193180 0.332031
v 0.532964 0.193180 0.303483
v 0.516482 0.193180 0.274935
v 0.483518 0.193180 0.274935
v 0.467036 0.193180 0.303483
v 0.483518 0.193180 0.332031
v 0.516482 0.193180 0.332031
v 0.516482 0.164019 0.332031
v 0.483518 0.164019 0.332031
v 0.467036 0.164019 0.303483
v 0.483518 0.164019 0.274935
v 0.516482 0.164019 0.274935
v 0.532964 0.164019 0.303483
v 0.362775 0.164019 0.401741
v 0.346293 0.164019 0.373194
v 0.346293 0.193180 0.373194
v 0.362775 0.193180 0.401741
v 0.346293 0.164019 0.373194
v 0.313329 0.164019 0.373194
v 0.313329 0.193180 0.373194
v 0.346293 0.193180 0.373194
v 0.313329 0.164019 0.373194
v 0.296847 0.164019 0.401741
v 0.296847 0.193180 0.401741
v 0.313329 0.193180 0.373194
v 0.296847 0.164019 0.401741
v 0.313329 0.164019 0.430289
v 0.313329 0.193180 0.430289
v 0.296847 0.193180 0.401741
v 0.313329 0.164019 0.430289
v 0.346293 0.164019 0.430289
v 0.346293 0.193180 0.430289
v 0.313329 0.193180 0.430289
v 0.346293 0.164019 0.430289
v 0.362775 0.164019 0.401741
v 0.362775 0.193180 0.401741
v 0.346293 0.193180 0.430289
v 0.362775 0.193180 0.401741
v 0.346293 0.193180 0.373194
v 0.313329 0.193180 0.373194
v 0.296847 0.193180 0.401741
v 0.313329 0.193180 0.430289
v 0.346293 0.193180 0.430289
v 0.346293 0.164019 0.430289
v 0.313329 0.164019 0.430289
v 0.296847 0.164019 0.401741
v 0.313329 0.164019 0.373194
v 0.346293 0.164019 0.373194
v 0.362775 0.164019 0.401741
v 0.362775 0.164019 0.598259
v 0.346293 0.164019 0.569711
v 0.346293 0.193180 0.569711
v 0.362775 0.193180 0.598259
v 0.346293 0.164019 0.569711
v 0.313329 0.164019 0.569711
v 0.313329 0.193180 0.569711
v 0.346293 0.193180 0.569711
v 0.313329 0.164019 0.569711
v 0.296847 0.164019 0.598259
v 0.296847 0.193180 0.598259
v 0.313329 0.193180 0.569711
v 0.296847 0.164019 0.598259
v 0.313329 0.164019 0.626806
v 0.313329 0.193180 0.626806
v 0.296847 0.193180 0.598259
v 0.313329 0.164019 0.626806
v 0.346293 0.164019 0.626806
v 0.346293 0.193180 0.626806
v 0.313329 0.193180 0.626806
v 0.346293 0.164019 0.626806
v 0.362775 0.164019 0.598259
v 0.362775 0.193180 0.598259
v 0.346293 0.193180 0.626806
v 0.362775 0.193180 0.598259
v 0.346293 0.193180 0.569711
v 0.313329 0.193180 0.569711
v 0.296847 0.193180 0.598259
v 0.313329 0.193180 0.626806
v 0.346293 0.193180 0.626806
v 0.346293 0.164019 0.626806
v 0.313329 0.164019 0.626806
v 0.296847 0.164019 0.598259
v 0.313329 0.164019 0.569711
v 0.346293 0.164019 0.569711
v 0.362775 0.164019 0.598259
v 0.532964 0.164019 0.696517
v 0.516482 0.164019 0.667969
v 0.516482 0.193180 0.667969
v 0.532964 0.193180 0.696517
v 0.516482 0.164019 0.667969
v 0.483518 0.164019 0.667969
v 0.483518 0.193180 0.667969
v 0.516482 0.193180 0.667969
v 0.483518 0.164019 0.667969
v 0.467036 0.164019 0.696517
v 0.467036 0.193180 0.696517
v 0.483518 0.193180 0.667969
v 0.467036 0.164019 0.696517
v 0.483518 0.164019 0.725065
v 0.483518 0.193180 0.725065
v 0.467036 0.193180 0.696517
v 0.483518 0.164019 0.725065
v 0.516482 0.164019 0.725065
v 0.516482 0.193180 0.725065
v 0.483518 0.193180 0.725065
v 0.516482 0.164019 0.725065
v 0.532964 0.164019 0.696517
v 0.532964 0.193180 0.696517
v 0.516482 0.193180 0.725065
v 0.532964 0.193180 0.696517
v 0.516482 0.193180 0.667969
v 0.483518 0.193180 0.667969
v 0.467036 0.193180 0.696517
v 0.483518 0.193180 0.725065
v 0.516482 0.193180 0.725065
v 0.516482 0.164019 0.725065
v 0.483518 0.164019 0.725065
v 0.467036 0.164019 0.696517
v 0.483518 0.164019 0.667969
v 0.516482 0.164019 0.667969
v 0.532964 0.164019 0.696517
v 0.703153 0.164019 0.598259
v 0.686671 0.164019 0.569711
v 0.686671 0.193180 0.569711
v 0.703153 0.193180 0.598259
v 0.686671 0.164019 0.569711
v 0.653707 0.164019 0.569711
v 0.653707 0.193180 0.569711
v 0.686671 0.193180 0.569711
v 0.653707 0.164019 0.569711
v 0.637225 0.164019 0.598259
v 0.637225 0.193180 0.598259
v 0.653707 0.193180 0.569711
v 0.637225 0.164019 0.598259
v 0.653707 0.164019 0.626806
v 0.653707 0.193180 0.626806
v 0.637225 0.193180 0.598259
v 0.653707 0.164019 0.626806
v 0.686671 0.164019 0.626806
v 0.686671 0.193180 0.626806
v 0.653707 0.193180 0.626806
v 0.686671 0.164019 0.626806
v 0.703153 0.164019 0.598259
v 0.703153 0.193180 0.598259
v 0.686671 0.193180 0.626806
v 0.703153 0.193180 0.598259
v 0.686671 0.193180 0.569711
v 0.653707 0.193180 0.569711
v 0.637225 0.193180 0.598259
v 0.653707 0.193180 0.626806
v 0.686671 0.193180 0.626806
v 0.686671 0.164019 0.626806
v 0.653707 0.164019 0.626806
v 0.637225 0.164019 0.598259
v 0.653707 0.164019 0.569711
v 0.686671 0.164019 0.569711
v 0.703153 0.164019 0.598259
v 0.703153 0.164019 0.401741
v 0.686671 0.164019 0.373194
v 0.686671 0.193180 0.373194
v 0.703153 0.193180 0.401741
v 0.686671 0.164019 0.373194
v 0.653707 0.164019 0.373194
v 0.653707 0.193180 0.373194
v 0.686671 0.193180 0.373194
v 0.653707 0.164019 0.373194
v 0.637225 0.164019 0.401741
v 0.637225 0.193180 0.401741
v 0.653707 0.193180 0.373194
v 0.637225 0.164019 0.401741
v 0.653707 0.164019 0.430289
v 0.653707 0.193180 0.430289
v 0.637225 0.193180 0.401741
v 0.653707 0.164019 0.430289
v 0.686671 0.164019 0.430289
v 0.686671 0.193180 0.430289
v 0.653707 0.193180 0.430289
v 0.686671 0.164019 0.430289
v 0.703153 0.164019 0.401741
v 0.703153 0.193180 0.401741
v 0.686671 0.193180 0.430289
v 0.703153 0.193180 0.401741
v 0.686671 0.193180 0.373194
v 0.653707 0.193180 0.373194
v 0.637225 0.193180 0.401741
v 0.653707 0.193180 0.430289
v 0.686671 0.193180 0.430289
v 0.686671 0.164019 0.430289
v 0.653707 0.164019 0.430289
v 0.637225 0.164019 0.401741
v 0.653707 0.164019 0.373194
v 0.686671 0.164019 0.373194
v 0.703153 0.164019 0.401741
v 0.548178 0.719338 0.138662
v 0.524089 0.719338 0.096939
v 0.524089 0.776392 0.096939
v 0.548178 0.776392 0.138662
v 0.524089 0.719338 0.096939
v 0.475911 0.719338 0.096939
v 0.475911 0.776392 0.096939
v 0.524089 0.776392 0.096939
v 0.475911 0.719338 0.096939
v 0.451822 0.719338 0.138662
v 0.451822 0.776392 0.138662
v 0.475911 0.776392 0.096939
v 0.451822 0.719338 0.138662
v 0.475911 0.719338 0.180386
v 0.475911 0.776392 0.180386
v 0.451822 0.776392 0.138662
v 0.475911 0.719338 0.180386
v 0.524089 0.719338 0.180386
v 0.524089 0.776392 0.180386
v 0.475911 0.776392 0.180386
v 0.524089 0.719338 0.180386
v 0.548178 0.719338 0.138662
v 0.548178 0.776392 0.138662
v 0.524089 0.776392 0.180386
v 0.548178 0.776392 0.138662
v 0.524089 0.776392 0.096939
v 0.475911 0.776392 0.096939
v 0.451822 0.776392 0.138662
v 0.475911 0.776392 0.180386
v 0.524089 0.776392 0.180386
v 0.524089 0.719338 0.180386
v 0.475911 0.719338 0.180386
v 0.451822 0.719338 0.138662
v 0.475911 0.719338 0.096939
v 0.524089 0.719338 0.096939
v 0.548178 0.719338 0.138662
v 0.292674 0.719338 0.244496
v 0.268585 0.719338 0.202772
v 0.268585 0.776392 0.202772
v 0.292674 0.776392 0.244496
v 0.268585 0.719338 0.202772
v 0.220406 0.719338 0.202772
v 0.220406 0.776392 0.202772
v 0.268585 0.776392 0.202772
v 0.220406 0.719338 0.202772
v 0.196317 0.719338 0.244496
v 0.196317 0.776392 0.244496
v 0.220406 0.776392 0.202772
v 0.196317 0.719338 0.244496
v 0.220406 0.719338 0.286219
v 0.220406 0.776392 0.286219
v 0.196317 0.776392 0.244496
v 0.220406 0.719338 0.286219
v 0.268585 0.719338 0.286219
v 0.268585 0.776392 0.286219
v 0.220406 0.776392 0.286219
v 0.268585 0.719338 0.286219
v 0.292674 0.719338 0.244496
v 0.292674 0.776392 0.244496
v 0.268585 0.776392 0.286219
v 0.292674 0.776392 0.244496
v 0.268585 0.776392 0.202772
v 0.220406 0.776392 0.202772
v 0.196317 0.776392 0.244496
v 0.220406 0.776392 0.286219
v 0.268585 0.776392 0.286219
v 0.268585 0.719338 0.286219
v 0.220406 0.719338 0.286219
v 0.196317 0.719338 0.244496
v 0.220406 0.719338 0.202772
v 0.268585 0.719338 0.202772
v 0.292674 0.719338 0.244496
v 0.186841 0.719338 0.500000
v 0.162751 0.719338 0.458276
v 0.162751 0.776392 0.458276
v 0.186841 0.776392 0.500000
v 0.162751 0.719338 0.458276
v 0.114573 0.719338 0.458276
v 0.114573 0.776392 0.458276
v 0.162751 0.776392 0.458276
v 0.114573 0.719338 0.458276
v 0.090484 0.719338 0.500000
v 0.090484 0.776392 0.500000
v 0.114573 0.776392 0.458276
v 0.090484 0.719338 0.500000
v 0.114573 0.719338 0.541724
v 0.114573 0.776392 0.541724
v 0.090484 0.776392 0.500000
v 0.114573 0.719338 0.541724
v 0.162751 0.719338 0.541724
v 0.162751 0.776392 0.541724
v 0.114573 0.776392 0.541724
v 0.162751 0.719338 0.541724
v 0.186841 0.719338 0.500000
v 0.186841 0.776392 0.500000
v 0.162751 0.776392 0.541724
v 0.186841 0.776392 0.500000
v 0.162751 0.776392 0.458276
v 0.114573 0.776392 0.458276
v 0.090484 0.776392 0.500000
v 0.114573 0.776392 0.541724
v 0.162751 0.776392 0.541724
v 0.162751 0.719338 0.541724
v 0.114573 0.719338 0.541724
v 0.090484 0.719338 0.500000
v 0.114573 0.719338 0.458276
v 0.162751 0.719338 0.458276
v 0.186841 0.719338 0.500000
v 0.292674 0.719338 0.755504
v 0.268585 0.719338 0.713781
v 0.268585 0.776392 0.713781
v 0.292674 0.776392 0.755504
v 0.268585 0.719338 0.713781
v 0.220406 0.719338 0.713781
v 0.220406 0.776392 0.713781
v 0.268585 0.776392 0.713781
v 0.220406 0.719338 0.713781
v 0.196317 0.719338 0.755504
v 0.196317 0.776392 0.755504
v 0.220406 0.776392 0.713781
v 0.196317 0.719338 0.755504
v 0.220406 0.719338 0.797228
v 0.220406 0.776392 0.797228
v 0.196317 0.776392 0.755504
v 0.220406 0.719338 0.797228
v 0.268585 0.719338 0.797228
v 0.268585 0.776392 0.797228
v 0.220406 0.776392 0.797228
v 0.268585 0.719338 0.797228
v 0.292674 0.719338 0.755504
v 0.292674 0.776392 0.755504
v 0.268585 0.776392 0.797228
v 0.292674 0.776392 0.755504
v 0.268585 0.776392 0.713781
v 0.220406 0.776392 0.713781
v 0.196317 0.776392 0.755504
v 0.220406 0.776392 0.797228
v 0.268585 0.776392 0.797228
v 0.268585 0.719338 0.797228
v 0.220406 0.719338 0.797228
v 0.196317 0.719338 0.755504
v 0.220406 0.719338 0.713781
v 0.268585 0.719338 0.713781
v 0.292674 0.719338 0.755504
v 0.548178 0.719338 0.861338
v 0.524089 0.719338 0.819614
v 0.524089 0.776392 0.819614
v 0.548178 0.776392 0.861338
v 0.524089 0.719338 0.819614
v 0.475911 0.719338 0.819614
v 0.475911 0.776392 0.819614
v 0.524089 0.776392 0.819614
v 0.475911 0.719338 0.819614
v 0.451822 0.719338 0.861338
v 0.451822 0.776392 0.861338
v 0.475911 0.776392 0.819614
v 0.451822 0.719338 0.861338
v 0.475911 0.719338 0.903061
v 0.475911 0.776392 0.903061
v 0.451822 0.776392 0.861338
v 0.475911 0.719338 0.903061
v 0.524089 0.719338 0.903061
v 0.524089 0.776392 0.903061
v 0.475911 0.776392 0.903061
v 0.524089 0.719338 0.903061
v 0.548178 0.719338 0.861338
v 0.548178 0.776392 0.861338
v 0.524089 0.776392 0.903061
v 0.548178 0.776392 0.861338
v 0.524089 0.776392 0.819614
v 0.475911 0.776392 0.819614
v 0.451822 0.776392 0.861338
v 0.475911 0.776392 0.903061
v 0.524089 0.776392 0.903061
v 0.524089 0.719338 0.903061
v 0.475911 0.719338 0.903061
v 0.451822 0.719338 0.861338
v 0.475911 0.719338 0.819614
v 0.524089 0.719338 0.819614
v 0.548178 0.719338 0.861338
v 0.803683 0.719338 0.755504
v 0.779594 0.719338 0.713781
v 0.779594 0.776392 0.713781
v 0.803683 0.776392 0.755504
v 0.779594 0.719338 0.713781
v 0.731415 0.719338 0.713781
v 0.731415 0.776392 0.713781
v 0.779594 0.776392 0.713781
v 0.731415 0.719338 0.713781
v 0.707326 0.719338 0.755504
v 0.707326 0.776392 0.755504
v 0.731415 0.776392 0.713781
v 0.707326 0.719338 0.755504
v 0.731415 0.719338 0.797228
v 0.731415 0.776392 0.797228
v 0.707326 0.776392 0.755504
v 0.731415 0.719338 0.797228
v 0.779594 0.719338 0.797228
v 0.779594 0.776392 0.797228
v 0.731415 0.776392 0.797228
v 0.779594 0.719338 0.797228
v 0.803683 0.719338 0.755504
v 0.803683 0.776392 0.755504
v 0.779594 0.776392 0.797228
v 0.803683 0.776392 0.755504
v 0.779594 0.776392 0.713781
v 0.731415 0.776392 0.713781
v 0.707326 0.776392 0.755504
v 0.731415 0.776392 0.797228
v 0.779594 0.776392 0.797228
v 0.779594 0.719338 0.797228
v 0.731415 0.719338 0.797228
v 0.707326 0.719338 0.755504
v 0.731415 0.719338 0.713781
v 0.779594 0.719338 0.713781
v 0.803683 0.719338 0.755504
v 0.909516 0.719338 0.500000
v 0.885427 0.719338 0.458276
v 0.885427 0.776392 0.458276
v 0.909516 0.776392 0.500000
v 0.885427 0.719338 0.458276
v 0.837249 0.719338 0.458276
v 0.837249 0.776392 0.458276
v 0.885427 0.776392 0.458276
v 0.837249 0.719338 0.458276
v 0.813159 0.719338 0.500000
v 0.813159 0.776392 0.500000
v 0.837249 0.776392 0.458276
v 0.813159 0.719338 0.500000
v 0.837249 0.719338 0.541724
v 0.837249 0.776392 0.541724
v 0.813159 0.776392 0.500000
v 0.837249 0.719338 0.541724
v 0.885427 0.719338 0.541724
v 0.885427 0.776392 0.541724
v 0.837249 0.776392 0.541724
v 0.885427 0.719338 0.541724
v 0.909516 0.719338 0.500000
v 0.909516 0.776392 0.500000
v 0.885427 0.776392 0.541724
v 0.909516 0.776392 0.500000
v 0.885427 0.776392 0.458276
v 0.837249 0.776392 0.458276
v 0.813159 0.776392 0.500000
v 0.837249 0.776392 0.541724
v 0.885427 0.776392 0.541724
v 0.885427 0.719338 0.541724
v 0.837249 0.719338 0.541724
v 0.813159 0.719338 0.500000
v 0.837249 0.719338 0.458276
v 0.885427 0.719338 0.458276
v 0.909516 0.719338 0.500000
v 0.803683 0.719338 0.244496
v 0.779594 0.719338 0.202772
v 0.779594 0.776392 0.202772
v 0.803683 0.776392 0.244496
v 0.779594 0.719338 0.202772
v 0.731415 0.719338 0.202772
v 0.731415 0.776392 0.202772
v 0.779594 0.776392 0.202772
v 0.731415 0.719338 0.202772
v 0.707326 0.719338 0.244496
v 0.707326 0.776392 0.244496
v 0.731415 0.776392 0.202772
v 0.707326 0.719338 0.244496
v 0.731415 0.719338 0.286219
v 0.731415 0.776392 0.286219
v 0.707326 0.776392 0.244496
v 0.731415 0.719338 0.286219
v 0.779594 0.719338 0.286219
v 0.779594 0.776392 0.286219
v 0.731415 0.776392 0.286219
v 0.779594 0.719338 0.286219
v 0.803683 0.719338 0.244496
v 0.803683 0.776392 0.244496
v 0.779594 0.776392 0.286219
v 0.803683 0.776392 0.244496
v 0.779594 0.776392 0.202772
v 0.731415 0.776392 0.202772
v 0.707326 0.776392 0.244496
v 0.731415 0.776392 0.286219
v 0.779594 0.776392 0.286219
v 0.779594 0.719338 0.286219
v 0.731415 0.719338 0.286219
v 0.707326 0.719338 0.244496
v 0.731415 0.719338 0.202772
v 0.779594 0.719338 0.202772
v 0.803683 0.719338 0.244496
v 0.778927 0.715535 0.500000
v 0.757695 0.715535 0.393259
v 0.757695 0.747231 0.393259
v 0.778927 0.747231 0.500000
v 0.757695 0.715535 0.393259
v 0.697231 0.715535 0.302769
v 0.697231 0.747231 0.302769
v 0.757695 0.747231 0.393259
v 0.697231 0.715535 0.302769
v 0.606741 0.715535 0.242305
v 0.606741 0.747231 0.242305
v 0.697231 0.747231 0.302769
v 0.606741 0.715535 0.242305
v 0.500000 0.715535 0.221073
v 0.500000 0.747231 0.221073
v 0.606741 0.747231 0.242305
v 0.500000 0.715535 0.221073
v 0.393259 0.715535 0.242305
v 0.393259 0.747231 0.242305
v 0.500000 0.747231 0.221073
v 0.393259 0.715535 0.242305
v 0.302769 0.715535 0.302769
v 0.302769 0.747231 0.302769
v 0.393259 0.747231 0.242305
v 0.302769 0.715535 0.302769
v 0.242305 0.715535 0.393259
v 0.242305 0.747231 0.393259
v 0.302769 0.747231 0.302769
v 0.242305 0.715535 0.393259
v 0.221073 0.715535 0.500000
v 0.221073 0.747231 0.500000
v 0.242305 0.747231 0.393259
v 0.221073 0.715535 0.500000
v 0.242305 0.715535 0.606741
v 0.242305 0.747231 0.606741
v 0.221073 0.747231 0.500000
v 0.242305 0.715535 0.606741
v 0.302769 0.715535 0.697231
v 0.302769 0.747231 0.697231
v 0.242305 0.747231 0.606741
v 0.302769 0.715535 0.697231
v 0.393259 0.715535 0.757695
v 0.393259 0.747231 0.757695
v 0.302769 0.747231 0.697231
v 0.393259 0.715535 0.757695
v 0.500000 0.715535 0.778927
v 0.500000 0.747231 0.778927
v 0.393259 0.747231 0.757695
v 0.500000 0.715535 0.778927
v 0.606741 0.715535 0.757695
v 0.606741 0.747231 0.757695
v 0.500000 0.747231 0.778927
v 0.606741 0.715535 0.757695
v 0.697231 0.715535 0.697231
v 0.697231 0.747231 0.697231
v 0.606741 0.747231 0.757695
v 0.697231 0.715535 0.697231
v 0.757695 0.715535 0.606741
v 0.757695 0.747231 0.606741
v 0.697231 0.747231 0.697231
v 0.757695 0.715535 0.606741
v 0.778927 0.715535 0.500000
v 0.778927 0.747231 0.500000
v 0.757695 0.747231 0.606741
v 0.778927 0.747231 0.500000
v 0.757695 0.747231 0.393259
v 0.697231 0.747231 0.302769
v 0.606741 0.747231 0.242305
v 0.500000 0.747231 0.221073
v 0.393259 0.747231 0.242305
v 0.302769 0.747231 0.302769
v 0.242305 0.747231 0.393259
v 0.221073 0.747231 0.500000
v 0.242305 0.747231 0.606741
v 0.302769 0.747231 0.697231
v 0.393259 0.747231 0.757695
v 0.500000 0.747231 0.778927
v 0.606741 0.747231 0.757695
v 0.697231 0.747231 0.697231
v 0.757695 0.747231 0.606741
v 0.757695 0.715535 0.606741
v 0.697231 0.715535 0.697231
v 0.606741 0.715535 0.757695
v 0.500000 0.715535 0.778927
v 0.393259 0.715535 0.757695
v 0.302769 0.715535 0.697231
v 0.242305 0.715535 0.606741
v 0.221073 0.715535 0.500000
v 0.242305 0.715535 0.393259
v 0.302769 0.715535 0.302769
v 0.393259 0.715535 0.242305
v 0.500000 0.715535 0.221073
v 0.606741 0.715535 0.242305
v 0.697231 0.715535 0.302769
v 0.757695 0.715535 0.393259
v 0.778927 0.715535 0.500000
v 0.740892 0.740892 0.500000
v 0.722555 0.740892 0.407815
v 0.722555 0.842320 0.407815
v 0.740892 0.842320 0.500000
v 0.722555 0.740892 0.407815
v 0.670336 0.740892 0.329664
v 0.670336 0.842320 0.329664
v 0.722555 0.842320 0.407815
v 0.670336 0.740892 0.329664
v 0.592185 0.740892 0.277445
v 0.592185 0.842320 0.277445
v 0.670336 0.842320 0.329664
v 0.592185 0.740892 0.277445
v 0.500000 0.740892 0.259108
v 0.500000 0.842320 0.259108
v 0.592185 0.842320 0.277445
v 0.500000 0.740892 0.259108
v 0.407815 0.740892 0.277445
v 0.407815 0.842320 0.277445
v 0.500000 0.842320 0.259108
v 0.407815 0.740892 0.277445
v 0.329664 0.740892 0.329664
v 0.329664 0.842320 0.329664
v 0.407815 0.842320 0.277445
v 0.329664 0.740892 0.329664
v 0.277445 0.740892 0.407815
v 0.277445 0.842320 0.407815
v 0.329664 0.842320 0.329664
v 0.277445 0.740892 0.407815
v 0.259108 0.740892 0.500000
v 0.259108 0.842320 0.500000
v 0.277445 0.842320 0.407815
v 0.259108 0.740892 0.500000
v 0.277445 0.740892 0.592185
v 0.277445 0.842320 0.592185
v 0.259108 0.842320 0.500000
v 0.277445 0.740892 0.592185
v 0.329664 0.740892 0.670336
v 0.329664 0.842320 0.670336
v 0.277445 0.842320 0.592185
v 0.329664 0.740892 0.670336
v 0.407815 0.740892 0.722555
v 0.407815 0.842320 0.722555
v 0.329664 0.842320 0.670336
v 0.407815 0.740892 0.722555
v 0.500000 0.740892 0.740892
v 0.500000 0.842320 0.740892
v 0.407815 0.842320 0.722555
v 0.500000 0.740892 0.740892
v 0.592185 0.740892 0.722555
v 0.592185 0.842320 0.722555
v 0.500000 0.842320 0.740892
v 0.592185 0.740892 0.722555
v 0.670336 0.740892 0.670336
v 0.670336 0.842320 0.670336
v 0.592185 0.842320 0.722555
v 0.670336 0.740892 0.670336
v 0.722555 0.740892 0.592185
v 0.722555 0.842320 0.592185
v 0.670336 0.842320 0.670336
v 0.722555 0.740892 0.592185
v 0.740892 0.740892 0.500000
v 0.740892 0.842320 0.500000
v 0.722555 0.842320 0.592185
v 0.740892 0.842320 0.500000
v 0.722555 0.842320 0.407815
v 0.670336 0.842320 0.329664
v 0.592185 0.842320 0.277445
v 0.500000 0.842320 0.259108
v 0.407815 0.842320 0.277445
v 0.329664 0.842320 0.329664
v 0.277445 0.842320 0.407815
v 0.259108 0.842320 0.500000
v 0.277445 0.842320 0.592185
v 0.329664 0.842320 0.670336
v 0.407815 0.842320 0.722555
v 0.500000 0.842320 0.740892
v 0.592185 0.842320 0.722555
v 0.670336 0.842320 0.670336
v 0.722555 0.842320 0.592185
v 0.722555 0.740892 0.592185
v 0.670336 0.740892 0.670336
v 0.592185 0.740892 0.722555
v 0.500000 0.740892 0.740892
v 0.407815 0.740892 0.722555
v 0.329664 0.740892 0.670336
v 0.277445 0.740892 0.592185
v 0.259108 0.740892 0.500000
v 0.277445 0.740892 0.407815
v 0.329664 0.740892 0.329664
v 0.407815 0.740892 0.277445
v 0.500000 0.740892 0.259108
v 0.592185 0.740892 0.277445
v 0.670336 0.740892 0.329664
v 0.722555 0.740892 0.407815
v 0.740892 0.740892 0.500000
v 0.634704 0.835981 0.444204
v 0.555796 0.835981 0.365296
v 0.555796 0.886695 0.365296
v 0.634704 0.886695 0.444204
v 0.555796 0.835981 0.365296
v 0.444204 0.835981 0.365296
v 0.444204 0.886695 0.365296
v 0.555796 0.886695 0.365296
v 0.444204 0.835981 0.365296
v 0.365296 0.835981 0.444204
v 0.365296 0.886695 0.444204
v 0.444204 0.886695 0.365296
v 0.365296 0.835981 0.444204
v 0.365296 0.835981 0.555796
v 0.365296 0.886695 0.555796
v 0.365296 0.886695 0.444204
v 0.365296 0.835981 0.555796
v 0.444204 0.835981 0.634704
v 0.444204 0.886695 0.634704
v 0.365296 0.886695 0.555796
v 0.444204 0.835981 0.634704
v 0.555796 0.835981 0.634704
v 0.555796 0.886695 0.634704
v 0.444204 0.886695 0.634704
v 0.555796 0.835981 0.634704
v 0.634704 0.835981 0.555796
v 0.634704 0.886695 0.555796
v 0.555796 0.886695 0.634704
v 0.634704 0.835981 0.555796
v 0.634704 0.835981 0.444204
v 0.634704 0.886695 0.444204
v 0.634704 0.886695 0.555796
v 0.634704 0.886695 0.444204
v 0.555796 0.886695 0.365296
v 0.444204 0.886695 0.365296
v 0.365296 0.886695 0.444204
v 0.365296 0.886695 0.555796
v 0.444204 0.886695 0.634704
v 0.555796 0.886695 0.634704
v 0.634704 0.886695 0.555796
v 0.634704 0.835981 0.555796
v 0.555796 0.835981 0.634704
v 0.444204 0.835981 0.634704
v 0.365296 0.835981 0.555796
v 0.365296 0.835981 0.444204
v 0.444204 0.835981 0.365296
v 0.555796 0.835981 0.365296
v 0.634704 0.835981 0.444204
v 0.576071 0.880356 0.500000
v 0.553790 0.880356 0.446210
v 0.553790 0.908248 0.446210
v 0.576071 0.908248 0.500000
v 0.553790 0.880356 0.446210
v 0.500000 0.880356 0.423929
v 0.500000 0.908248 0.423929
v 0.553790 0.908248 0.446210
v 0.500000 0.880356 0.423929
v 0.446210 0.880356 0.446210
v 0.446210 0.908248 0.446210
v 0.500000 0.908248 0.423929
v 0.446210 0.880356 0.446210
v 0.423929 0.880356 0.500000
v 0.423929 0.908248 0.500000
v 0.446210 0.908248 0.446210
v 0.423929 0.880356 0.500000
v 0.446210 0.880356 0.553790
v 0.446210 0.908248 0.553790
v 0.423929 0.908248 0.500000
v 0.446210 0.880356 0.553790
v 0.500000 0.880356 0.576071
v 0.500000 0.908248 0.576071
v 0.446210 0.908248 0.553790
v 0.500000 0.880356 0.576071
v 0.553790 0.880356 0.553790
v 0.553790 0.908248 0.553790
v 0.500000 0.908248 0.576071
v 0.553790 0.880356 0.553790
v 0.576071 0.880356 0.500000
v 0.576071 0.908248 0.500000
v 0.553790 0.908248 0.553790
v 0.576071 0.908248 0.500000
v 0.553790 0.908248 0.446210
v 0.500000 0.908248 0.423929
v 0.446210 0.908248 0.446210
v 0.423929 0.908248 0.500000
v 0.446210 0.908248 0.553790
v 0.500000 0.908248 0.576071
v 0.553790 0.908248 0.553790
v 0.553790 0.880356 0.553790
v 0.500000 0.880356 0.576071
v 0.446210 0.880356 0.553790
v 0.423929 0.880356 0.500000
v 0.446210 0.880356 0.446210
v 0.500000 0.880356 0.423929
v 0.553790 0.880356 0.446210
v 0.576071 0.880356 0.500000
vt 0.000000 0.821875
vt 0.086517 0.821875
vt 0.086517 1.000000
vt 0.000000 1.000000
vt 0.000000 0.821875
vt 0.053996 0.821875
vt 0.053996 1.000000
vt 0.000000 1.000000
vt 0.000000 0.917188
vt 0.086517 0.917188
vt 0.086517 1.000000
vt 0.000000 1.000000
vt 0.000000 0.917188
vt 0.086517 0.917188
vt 0.086517 1.000000
vt 0.000000 1.000000
vt 0.000000 0.821875
vt 0.086517 0.821875
vt 0.086517 1.000000
vt 0.000000 1.000000
vt 0.000000 0.821875
vt 0.053996 0.821875
vt 0.053996 1.000000
vt 0.000000 1.000000
vt 0.000000 0.917188
vt 0.086517 0.917188
vt 0.086517 1.000000
vt 0.000000 1.000000
vt 0.000000 0.917188
vt 0.086517 0.917188
vt 0.086517 1.000000
vt 0.000000 1.000000
vt 0.000000 0.821875
vt 0.086517 0.821875
vt 0.086517 1.000000
vt 0.000000 1.000000
vt 0.000000 0.821875
vt 0.053996 0.821875
vt 0.053996 1.000000
vt 0.000000 1.000000
vt 0.000000 0.917188
vt 0.086517 0.917188
vt 0.086517 1.000000
vt 0.000000 1.000000
vt 0.000000 0.917188
vt 0.086517 0.917188
vt 0.086517 1.000000
vt 0.000000 1.000000
vt 0.000000 0.821875
vt 0.086517 0.821875
vt 0.086517 1.000000
vt 0.000000 1.000000
vt 0.000000 0.821875
vt 0.053996 0.821875
vt 0.053996 1.000000
vt 0.000000 1.000000
vt 0.000000 0.917188
vt 0.086517 0.917188
vt 0.086517 1.000000
vt 0.000000 1.000000
vt 0.000000 0.917188
vt 0.086517 0.917188
vt 0.086517 1.000000
vt 0.000000 1.000000
vt 0.000000 0.821875
vt 0.086517 0.821875
vt 0.086517 1.000000
vt 0.000000 1.000000
vt 0.000000 0.821875
vt 0.053996 0.821875
vt 0.053996 1.000000
vt 0.000000 1.000000
vt 0.000000 0.917188
vt 0.086517 0.917188
vt 0.086517 1.000000
vt 0.000000 1.000000
vt 0.000000 0.917188
vt 0.086517 0.917188
vt 0.086517 1.000000
vt 0.000000 1.000000
vt 0.000000 0.821875
vt 0.086517 0.821875
vt 0.086517 1.000000
vt 0.000000 1.000000
vt 0.000000 0.821875
vt 0.053996 0.821875
vt 0.053996 1.000000
vt 0.000000 1.000000
vt 0.000000 0.917188
vt 0.086517 0.917188
vt 0.086517 1.000000
vt 0.000000 1.000000
vt 0.000000 0.917188
vt 0.086517 0.917188
vt 0.086517 1.000000
vt 0.000000 1.000000
vt 0.000000 0.821875
vt 0.086517 0.821875
vt 0.086517 1.000000
vt 0.000000 1.000000
vt 0.000000 0.821875
vt 0.053996 0.821875
vt 0.053996 1.000000
vt 0.000000 1.000000
vt 0.000000 0.917188
vt 0.086517 0.917188
vt 0.086517 1.000000
vt 0.000000 1.000000
vt 0.000000 0.917188
vt 0.086517 0.917188
vt 0.086517 1.000000
vt 0.000000 1.000000
vt 0.000000 0.821875
vt 0.086517 0.821875
vt 0.086517 1.000000
vt 0.000000 1.000000
vt 0.000000 0.821875
vt 0.053996 0.821875
vt 0.053996 1.000000
vt 0.000000 1.000000
vt 0.000000 0.917188
vt 0.086517 0.917188
vt 0.086517 1.000000
vt 0.000000 1.000000
vt 0.000000 0.917188
vt 0.086517 0.917188
vt 0.086517 1.000000
vt 0.000000 1.000000
vt 0.000000 0.821875
vt 0.086517 0.821875
vt 0.086517 1.000000
vt 0.000000 1.000000
vt 0.000000 0.821875
vt 0.053996 0.821875
vt 0.053996 1.000000
vt 0.000000 1.000000
vt 0.000000 0.917188
vt 0.086517 0.917188
vt 0.086517 1.000000
vt 0.000000 1.000000
vt 0.000000 0.917188
vt 0.086517 0.917188
vt 0.086517 1.000000
vt 0.000000 1.000000
vt 0.000000 0.821875
vt 0.086517 0.821875
vt 0.086517 1.000000
vt 0.000000 1.000000
vt 0.000000 0.821875
vt 0.053996 0.821875
vt 0.053996 1.000000
vt 0.000000 1.000000
vt 0.000000 0.917188
vt 0.086517 0.917188
vt 0.086517 1.000000
vt 0.000000 1.000000
vt 0.000000 0.917188
vt 0.086517 0.917188
vt 0.086517 1.000000
vt 0.000000 1.000000
vt 0.000000 0.821875
vt 0.086517 0.821875
vt 0.086517 1.000000
vt 0.000000 1.000000
vt 0.000000 0.821875
vt 0.053996 0.821875
vt 0.053996 1.000000
vt 0.000000 1.000000
vt 0.000000 0.917188
vt 0.086517 0.917188
vt 0.086517 1.000000
vt 0.000000 1.000000
vt 0.000000 0.917188
vt 0.086517 0.917188
vt 0.086517 1.000000
vt 0.000000 1.000000
vt 0.000000 0.821875
vt 0.086517 0.821875
vt 0.086517 1.000000
vt 0.000000 1.000000
vt 0.000000 0.821875
vt 0.053996 0.821875
vt 0.053996 1.000000
vt 0.000000 1.000000
vt 0.000000 0.917188
vt 0.086517 0.917188
vt 0.086517 1.000000
vt 0.000000 1.000000
vt 0.000000 0.917188
vt 0.086517 0.917188
vt 0.086517 1.000000
vt 0.000000 1.000000
vt 0.000000 0.821875
vt 0.086517 0.821875
vt 0.086517 1.000000
vt 0.000000 1.000000
vt 0.000000 0.821875
vt 0.053996 0.821875
vt 0.053996 1.000000
vt 0.000000 1.000000
vt 0.000000 0.917188
vt 0.086517 0.917188
vt 0.086517 1.000000
vt 0.000000 1.000000
vt 0.000000 0.917188
vt 0.086517 0.917188
vt 0.086517 1.000000
vt 0.000000 1.000000
vt 0.000000 0.821875
vt 0.086517 0.821875
vt 0.086517 1.000000
vt 0.000000 1.000000
vt 0.000000 0.821875
vt 0.053996 0.821875
vt 0.053996 1.000000
vt 0.000000 1.000000
vt 0.000000 0.917188
vt 0.086517 0.917188
vt 0.086517 1.000000
vt 0.000000 1.000000
vt 0.000000 0.917188
vt 0.086517 0.917188
vt 0.086517 1.000000
vt 0.000000 1.000000
vt 0.000000 0.821875
vt 0.086517 0.821875
vt 0.086517 1.000000
vt 0.000000 1.000000
vt 0.000000 0.821875
vt 0.053996 0.821875
vt 0.053996 1.000000
vt 0.000000 1.000000
vt 0.000000 0.917188
vt 0.086517 0.917188
vt 0.086517 1.000000
vt 0.000000 1.000000
vt 0.000000 0.917188
vt 0.086517 0.917188
vt 0.086517 1.000000
vt 0.000000 1.000000
vt 0.000000 0.821875
vt 0.086517 0.821875
vt 0.086517 1.000000
vt 0.000000 1.000000
vt 0.000000 0.821875
vt 0.053996 0.821875
vt 0.053996 1.000000
vt 0.000000 1.000000
vt 0.000000 0.917188
vt 0.086517 0.917188
vt 0.086517 1.000000
vt 0.000000 1.000000
vt 0.000000 0.917188
vt 0.086517 0.917188
vt 0.086517 1.000000
vt 0.000000 1.000000
vt 0.000000 0.325000
vt 0.090198 0.325000
vt 0.090198 0.500000
vt 0.000000 0.500000
vt 0.000000 0.325000
vt 0.085289 0.325000
vt 0.085289 0.500000
vt 0.000000 0.500000
vt 0.000000 0.487500
vt 0.090198 0.487500
vt 0.090198 0.500000
vt 0.000000 0.500000
vt 0.000000 0.487500
vt 0.090198 0.487500
vt 0.090198 0.500000
vt 0.000000 0.500000
vt 0.000000 0.325000
vt 0.090198 0.325000
vt 0.090198 0.500000
vt 0.000000 0.500000
vt 0.000000 0.325000
vt 0.085289 0.325000
vt 0.085289 0.500000
vt 0.000000 0.500000
vt 0.000000 0.487500
vt 0.090198 0.487500
vt 0.090198 0.500000
vt 0.000000 0.500000
vt 0.000000 0.487500
vt 0.090198 0.487500
vt 0.090198 0.500000
vt 0.000000 0.500000
vt 0.000000 0.325000
vt 0.090198 0.325000
vt 0.090198 0.500000
vt 0.000000 0.500000
vt 0.000000 0.325000
vt 0.085289 0.325000
vt 0.085289 0.500000
vt 0.000000 0.500000
vt 0.000000 0.487500
vt 0.090198 0.487500
vt 0.090198 0.500000
vt 0.000000 0.500000
vt 0.000000 0.487500
vt 0.090198 0.487500
vt 0.090198 0.500000
vt 0.000000 0.500000
vt 0.000000 0.325000
vt 0.090198 0.325000
vt 0.090198 0.500000
vt 0.000000 0.500000
vt 0.000000 0.325000
vt 0.085289 0.325000
vt 0.085289 0.500000
vt 0.000000 0.500000
vt 0.000000 0.487500
vt 0.090198 0.487500
vt 0.090198 0.500000
vt 0.000000 0.500000
vt 0.000000 0.487500
vt 0.090198 0.487500
vt 0.090198 0.500000
vt 0.000000 0.500000
vt 0.000000 0.325000
vt 0.090198 0.325000
vt 0.090198 0.500000
vt 0.000000 0.500000
vt 0.000000 0.325000
vt 0.085289 0.325000
vt 0.085289 0.500000
vt 0.000000 0.500000
vt 0.000000 0.487500
vt 0.090198 0.487500
vt 0.090198 0.500000
vt 0.000000 0.500000
vt 0.000000 0.487500
vt 0.090198 0.487500
vt 0.090198 0.500000
vt 0.000000 0.500000
vt 0.000000 0.325000
vt 0.090198 0.325000
vt 0.090198 0.500000
vt 0.000000 0.500000
vt 0.000000 0.325000
vt 0.085289 0.325000
vt 0.085289 0.500000
vt 0.000000 0.500000
vt 0.000000 0.487500
vt 0.090198 0.487500
vt 0.090198 0.500000
vt 0.000000 0.500000
vt 0.000000 0.487500
vt 0.090198 0.487500
vt 0.090198 0.500000
vt 0.000000 0.500000
vt 0.000000 0.325000
vt 0.090198 0.325000
vt 0.090198 0.500000
vt 0.000000 0.500000
vt 0.000000 0.325000
vt 0.085289 0.325000
vt 0.085289 0.500000
vt 0.000000 0.500000
vt 0.000000 0.487500
vt 0.090198 0.487500
vt 0.090198 0.500000
vt 0.000000 0.500000
vt 0.000000 0.487500
vt 0.090198 0.487500
vt 0.090198 0.500000
vt 0.000000 0.500000
vt 0.000000 0.325000
vt 0.090198 0.325000
vt 0.090198 0.500000
vt 0.000000 0.500000
vt 0.000000 0.325000
vt 0.085289 0.325000
vt 0.085289 0.500000
vt 0.000000 0.500000
vt 0.000000 0.487500
vt 0.090198 0.487500
vt 0.090198 0.500000
vt 0.000000 0.500000
vt 0.000000 0.487500
vt 0.090198 0.487500
vt 0.090198 0.500000
vt 0.000000 0.500000
vt 0.000000 0.325000
vt 0.090198 0.325000
vt 0.090198 0.500000
vt 0.000000 0.500000
vt 0.000000 0.325000
vt 0.085289 0.325000
vt 0.085289 0.500000
vt 0.000000 0.500000
vt 0.000000 0.487500
vt 0.090198 0.487500
vt 0.090198 0.500000
vt 0.000000 0.500000
vt 0.000000 0.487500
vt 0.090198 0.487500
vt 0.090198 0.500000
vt 0.000000 0.500000
vt 0.000000 0.325000
vt 0.090198 0.325000
vt 0.090198 0.500000
vt 0.000000 0.500000
vt 0.000000 0.325000
vt 0.085289 0.325000
vt 0.085289 0.500000
vt 0.000000 0.500000
vt 0.000000 0.487500
vt 0.090198 0.487500
vt 0.090198 0.500000
vt 0.000000 0.500000
vt 0.000000 0.487500
vt 0.090198 0.487500
vt 0.090198 0.500000
vt 0.000000 0.500000
vt 0.000000 0.325000
vt 0.090198 0.325000
vt 0.090198 0.500000
vt 0.000000 0.500000
vt 0.000000 0.325000
vt 0.085289 0.325000
vt 0.085289 0.500000
vt 0.000000 0.500000
vt 0.000000 0.487500
vt 0.090198 0.487500
vt 0.090198 0.500000
vt 0.000000 0.500000
vt 0.000000 0.487500
vt 0.090198 0.487500
vt 0.090198 0.500000
vt 0.000000 0.500000
vt 0.000000 0.325000
vt 0.090198 0.325000
vt 0.090198 0.500000
vt 0.000000 0.500000
vt 0.000000 0.325000
vt 0.085289 0.325000
vt 0.085289 0.500000
vt 0.000000 0.500000
vt 0.000000 0.487500
vt 0.090198 0.487500
vt 0.090198 0.500000
vt 0.000000 0.500000
vt 0.000000 0.487500
vt 0.090198 0.487500
vt 0.090198 0.500000
vt 0.000000 0.500000
vt 0.000000 0.325000
vt 0.090198 0.325000
vt 0.090198 0.500000
vt 0.000000 0.500000
vt 0.000000 0.325000
vt 0.085289 0.325000
vt 0.085289 0.500000
vt 0.000000 0.500000
vt 0.000000 0.487500
vt 0.090198 0.487500
vt 0.090198 0.500000
vt 0.000000 0.500000
vt 0.000000 0.487500
vt 0.090198 0.487500
vt 0.090198 0.500000
vt 0.000000 0.500000
vt 0.000000 0.325000
vt 0.090198 0.325000
vt 0.090198 0.500000
vt 0.000000 0.500000
vt 0.000000 0.325000
vt 0.085289 0.325000
vt 0.085289 0.500000
vt 0.000000 0.500000
vt 0.000000 0.487500
vt 0.090198 0.487500
vt 0.090198 0.500000
vt 0.000000 0.500000
vt 0.000000 0.487500
vt 0.090198 0.487500
vt 0.090198 0.500000
vt 0.000000 0.500000
vt 0.000000 0.325000
vt 0.090198 0.325000
vt 0.090198 0.500000
vt 0.000000 0.500000
vt 0.000000 0.325000
vt 0.085289 0.325000
vt 0.085289 0.500000
vt 0.000000 0.500000
vt 0.000000 0.487500
vt 0.090198 0.487500
vt 0.090198 0.500000
vt 0.000000 0.500000
vt 0.000000 0.487500
vt 0.090198 0.487500
vt 0.090198 0.500000
vt 0.000000 0.500000
vt 0.000000 0.325000
vt 0.090198 0.325000
vt 0.090198 0.500000
vt 0.000000 0.500000
vt 0.000000 0.325000
vt 0.085289 0.325000
vt 0.085289 0.500000
vt 0.000000 0.500000
vt 0.000000 0.487500
vt 0.090198 0.487500
vt 0.090198 0.500000
vt 0.000000 0.500000
vt 0.000000 0.487500
vt 0.090198 0.487500
vt 0.090198 0.500000
vt 0.000000 0.500000
vt 0.000000 0.992500
vt 0.083449 0.992500
vt 0.083449 1.000000
vt 0.000000 1.000000
vt 0.000000 0.992500
vt 0.074858 0.992500
vt 0.074858 1.000000
vt 0.000000 1.000000
vt 0.000000 0.978125
vt 0.083449 0.978125
vt 0.083449 1.000000
vt 0.000000 1.000000
vt 0.000000 0.978125
vt 0.083449 0.978125
vt 0.083449 1.000000
vt 0.000000 1.000000
vt 0.000000 0.992500
vt 0.083449 0.992500
vt 0.083449 1.000000
vt 0.000000 1.000000
vt 0.000000 0.992500
vt 0.074858 0.992500
vt 0.074858 1.000000
vt 0.000000 1.000000
vt 0.000000 0.978125
vt 0.083449 0.978125
vt 0.083449 1.000000
vt 0.000000 1.000000
vt 0.000000 0.978125
vt 0.083449 0.978125
vt 0.083449 1.000000
vt 0.000000 1.000000
vt 0.000000 0.992500
vt 0.083449 0.992500
vt 0.083449 1.000000
vt 0.000000 1.000000
vt 0.000000 0.992500
vt 0.074858 0.992500
vt 0.074858 1.000000
vt 0.000000 1.000000
vt 0.000000 0.978125
vt 0.083449 0.978125
vt 0.083449 1.000000
vt 0.000000 1.000000
vt 0.000000 0.978125
vt 0.083449 0.978125
vt 0.083449 1.000000
vt 0.000000 1.000000
vt 0.000000 0.992500
vt 0.083449 0.992500
vt 0.083449 1.000000
vt 0.000000 1.000000
vt 0.000000 0.992500
vt 0.074858 0.992500
vt 0.074858 1.000000
vt 0.000000 1.000000
vt 0.000000 0.978125
vt 0.083449 0.978125
vt 0.083449 1.000000
vt 0.000000 1.000000
vt 0.000000 0.978125
vt 0.083449 0.978125
vt 0.083449 1.000000
vt 0.000000 1.000000
vt 0.000000 0.992500
vt 0.083449 0.992500
vt 0.083449 1.000000
vt 0.000000 1.000000
vt 0.000000 0.992500
vt 0.074858 0.992500
vt 0.074858 1.000000
vt 0.000000 1.000000
vt 0.000000 0.978125
vt 0.083449 0.978125
vt 0.083449 1.000000
vt 0.000000 1.000000
vt 0.000000 0.978125
vt 0.083449 0.978125
vt 0.083449 1.000000
vt 0.000000 1.000000
vt 0.000000 0.992500
vt 0.083449 0.992500
vt 0.083449 1.000000
vt 0.000000 1.000000
vt 0.000000 0.992500
vt 0.074858 0.992500
vt 0.074858 1.000000
vt 0.000000 1.000000
vt 0.000000 0.978125
vt 0.083449 0.978125
vt 0.083449 1.000000
vt 0.000000 1.000000
vt 0.000000 0.978125
vt 0.083449 0.978125
vt 0.083449 1.000000
vt 0.000000 1.000000
vt 0.000000 0.992500
vt 0.083449 0.992500
vt 0.083449 1.000000
vt 0.000000 1.000000
vt 0.000000 0.992500
vt 0.074858 0.992500
vt 0.074858 1.000000
vt 0.000000 1.000000
vt 0.000000 0.978125
vt 0.083449 0.978125
vt 0.083449 1.000000
vt 0.000000 1.000000
vt 0.000000 0.978125
vt 0.083449 0.978125
vt 0.083449 1.000000
vt 0.000000 1.000000
vt 0.000000 0.992500
vt 0.083449 0.992500
vt 0.083449 1.000000
vt 0.000000 1.000000
vt 0.000000 0.992500
vt 0.074858 0.992500
vt 0.074858 1.000000
vt 0.000000 1.000000
vt 0.000000 0.978125
vt 0.083449 0.978125
vt 0.083449 1.000000
vt 0.000000 1.000000
vt 0.000000 0.978125
vt 0.083449 0.978125
vt 0.083449 1.000000
vt 0.000000 1.000000
vt 0.000000 0.992500
vt 0.083449 0.992500
vt 0.083449 1.000000
vt 0.000000 1.000000
vt 0.000000 0.992500
vt 0.074858 0.992500
vt 0.074858 1.000000
vt 0.000000 1.000000
vt 0.000000 0.978125
vt 0.083449 0.978125
vt 0.083449 1.000000
vt 0.000000 1.000000
vt 0.000000 0.978125
vt 0.083449 0.978125
vt 0.083449 1.000000
vt 0.000000 1.000000
vt 0.000000 0.992500
vt 0.083449 0.992500
vt 0.083449 1.000000
vt 0.000000 1.000000
vt 0.000000 0.992500
vt 0.074858 0.992500
vt 0.074858 1.000000
vt 0.000000 1.000000
vt 0.000000 0.978125
vt 0.083449 0.978125
vt 0.083449 1.000000
vt 0.000000 1.000000
vt 0.000000 0.978125
vt 0.083449 0.978125
vt 0.083449 1.000000
vt 0.000000 1.000000
vt 0.000000 0.992500
vt 0.083449 0.992500
vt 0.083449 1.000000
vt 0.000000 1.000000
vt 0.000000 0.992500
vt 0.074858 0.992500
vt 0.074858 1.000000
vt 0.000000 1.000000
vt 0.000000 0.978125
vt 0.083449 0.978125
vt 0.083449 1.000000
vt 0.000000 1.000000
vt 0.000000 0.978125
vt 0.083449 0.978125
vt 0.083449 1.000000
vt 0.000000 1.000000
vt 0.000000 0.992500
vt 0.083449 0.992500
vt 0.083449 1.000000
vt 0.000000 1.000000
vt 0.000000 0.992500
vt 0.074858 0.992500
vt 0.074858 1.000000
vt 0.000000 1.000000
vt 0.000000 0.978125
vt 0.083449 0.978125
vt 0.083449 1.000000
vt 0.000000 1.000000
vt 0.000000 0.978125
vt 0.083449 0.978125
vt 0.083449 1.000000
vt 0.000000 1.000000
vt 0.000000 0.992500
vt 0.083449 0.992500
vt 0.083449 1.000000
vt 0.000000 1.000000
vt 0.000000 0.992500
vt 0.074858 0.992500
vt 0.074858 1.000000
vt 0.000000 1.000000
vt 0.000000 0.978125
vt 0.083449 0.978125
vt 0.083449 1.000000
vt 0.000000 1.000000
vt 0.000000 0.978125
vt 0.083449 0.978125
vt 0.083449 1.000000
vt 0.000000 1.000000
vt 0.000000 0.992500
vt 0.083449 0.992500
vt 0.083449 1.000000
vt 0.000000 1.000000
vt 0.000000 0.992500
vt 0.074858 0.992500
vt 0.074858 1.000000
vt 0.000000 1.000000
vt 0.000000 0.978125
vt 0.083449 0.978125
vt 0.083449 1.000000
vt 0.000000 1.000000
vt 0.000000 0.978125
vt 0.083449 0.978125
vt 0.083449 1.000000
vt 0.000000 1.000000
vt 0.000000 0.992500
vt 0.083449 0.992500
vt 0.083449 1.000000
vt 0.000000 1.000000
vt 0.000000 0.992500
vt 0.074858 0.992500
vt 0.074858 1.000000
vt 0.000000 1.000000
vt 0.000000 0.978125
vt 0.083449 0.978125
vt 0.083449 1.000000
vt 0.000000 1.000000
vt 0.000000 0.978125
vt 0.083449 0.978125
vt 0.083449 1.000000
vt 0.000000 1.000000
vt 0.000000 0.992500
vt 0.083449 0.992500
vt 0.083449 1.000000
vt 0.000000 1.000000
vt 0.000000 0.992500
vt 0.074858 0.992500
vt 0.074858 1.000000
vt 0.000000 1.000000
vt 0.000000 0.978125
vt 0.083449 0.978125
vt 0.083449 1.000000
vt 0.000000 1.000000
vt 0.000000 0.978125
vt 0.083449 0.978125
vt 0.083449 1.000000
vt 0.000000 1.000000
vt 0.000000 0.992500
vt 0.083449 0.992500
vt 0.083449 1.000000
vt 0.000000 1.000000
vt 0.000000 0.992500
vt 0.074858 0.992500
vt 0.074858 1.000000
vt 0.000000 1.000000
vt 0.000000 0.978125
vt 0.083449 0.978125
vt 0.083449 1.000000
vt 0.000000 1.000000
vt 0.000000 0.978125
vt 0.083449 0.978125
vt 0.083449 1.000000
vt 0.000000 1.000000
vt 0.000000 0.992500
vt 0.083449 0.992500
vt 0.083449 1.000000
vt 0.000000 1.000000
vt 0.000000 0.992500
vt 0.074858 0.992500
vt 0.074858 1.000000
vt 0.000000 1.000000
vt 0.000000 0.978125
vt 0.083449 0.978125
vt 0.083449 1.000000
vt 0.000000 1.000000
vt 0.000000 0.978125
vt 0.083449 0.978125
vt 0.083449 1.000000
vt 0.000000 1.000000
vt 0.000000 0.992500
vt 0.083449 0.992500
vt 0.083449 1.000000
vt 0.000000 1.000000
vt 0.000000 0.992500
vt 0.074858 0.992500
vt 0.074858 1.000000
vt 0.000000 1.000000
vt 0.000000 0.978125
vt 0.083449 0.978125
vt 0.083449 1.000000
vt 0.000000 1.000000
vt 0.000000 0.978125
vt 0.083449 0.978125
vt 0.083449 1.000000
vt 0.000000 1.000000
vt 0.000000 0.992500
vt 0.083449 0.992500
vt 0.083449 1.000000
vt 0.000000 1.000000
vt 0.000000 0.992500
vt 0.074858 0.992500
vt 0.074858 1.000000
vt 0.000000 1.000000
vt 0.000000 0.978125
vt 0.083449 0.978125
vt 0.083449 1.000000
vt 0.000000 1.000000
vt 0.000000 0.978125
vt 0.083449 0.978125
vt 0.083449 1.000000
vt 0.000000 1.000000
vt 0.000000 0.992500
vt 0.083449 0.992500
vt 0.083449 1.000000
vt 0.000000 1.000000
vt 0.000000 0.992500
vt 0.074858 0.992500
vt 0.074858 1.000000
vt 0.000000 1.000000
vt 0.000000 0.978125
vt 0.083449 0.978125
vt 0.083449 1.000000
vt 0.000000 1.000000
vt 0.000000 0.978125
vt 0.083449 0.978125
vt 0.083449 1.000000
vt 0.000000 1.000000
vt 0.000000 0.992500
vt 0.083449 0.992500
vt 0.083449 1.000000
vt 0.000000 1.000000
vt 0.000000 0.992500
vt 0.074858 0.992500
vt 0.074858 1.000000
vt 0.000000 1.000000
vt 0.000000 0.978125
vt 0.083449 0.978125
vt 0.083449 1.000000
vt 0.000000 1.000000
vt 0.000000 0.978125
vt 0.083449 0.978125
vt 0.083449 1.000000
vt 0.000000 1.000000
vt 0.000000 0.992500
vt 0.083449 0.992500
vt 0.083449 1.000000
vt 0.000000 1.000000
vt 0.000000 0.992500
vt 0.074858 0.992500
vt 0.074858 1.000000
vt 0.000000 1.000000
vt 0.000000 0.978125
vt 0.083449 0.978125
vt 0.083449 1.000000
vt 0.000000 1.000000
vt 0.000000 0.978125
vt 0.083449 0.978125
vt 0.083449 1.000000
vt 0.000000 1.000000
vt 0.000000 0.992500
vt 0.083449 0.992500
vt 0.083449 1.000000
vt 0.000000 1.000000
vt 0.000000 0.992500
vt 0.074858 0.992500
vt 0.074858 1.000000
vt 0.000000 1.000000
vt 0.000000 0.978125
vt 0.083449 0.978125
vt 0.083449 1.000000
vt 0.000000 1.000000
vt 0.000000 0.978125
vt 0.083449 0.978125
vt 0.083449 1.000000
vt 0.000000 1.000000
vt 0.000000 0.992500
vt 0.083449 0.992500
vt 0.083449 1.000000
vt 0.000000 1.000000
vt 0.000000 0.992500
vt 0.074858 0.992500
vt 0.074858 1.000000
vt 0.000000 1.000000
vt 0.000000 0.978125
vt 0.083449 0.978125
vt 0.083449 1.000000
vt 0.000000 1.000000
vt 0.000000 0.978125
vt 0.083449 0.978125
vt 0.083449 1.000000
vt 0.000000 1.000000
vt 0.000000 0.992500
vt 0.083449 0.992500
vt 0.083449 1.000000
vt 0.000000 1.000000
vt 0.000000 0.992500
vt 0.074858 0.992500
vt 0.074858 1.000000
vt 0.000000 1.000000
vt 0.000000 0.978125
vt 0.083449 0.978125
vt 0.083449 1.000000
vt 0.000000 1.000000
vt 0.000000 0.978125
vt 0.083449 0.978125
vt 0.083449 1.000000
vt 0.000000 1.000000
vt 0.000000 0.992500
vt 0.083449 0.992500
vt 0.083449 1.000000
vt 0.000000 1.000000
vt 0.000000 0.992500
vt 0.074858 0.992500
vt 0.074858 1.000000
vt 0.000000 1.000000
vt 0.000000 0.978125
vt 0.083449 0.978125
vt 0.083449 1.000000
vt 0.000000 1.000000
vt 0.000000 0.978125
vt 0.083449 0.978125
vt 0.083449 1.000000
vt 0.000000 1.000000
vt 0.000000 0.992500
vt 0.083449 0.992500
vt 0.083449 1.000000
vt 0.000000 1.000000
vt 0.000000 0.992500
vt 0.074858 0.992500
vt 0.074858 1.000000
vt 0.000000 1.000000
vt 0.000000 0.978125
vt 0.083449 0.978125
vt 0.083449 1.000000
vt 0.000000 1.000000
vt 0.000000 0.978125
vt 0.083449 0.978125
vt 0.083449 1.000000
vt 0.000000 1.000000
vt 0.000000 0.992500
vt 0.083449 0.992500
vt 0.083449 1.000000
vt 0.000000 1.000000
vt 0.000000 0.992500
vt 0.074858 0.992500
vt 0.074858 1.000000
vt 0.000000 1.000000
vt 0.000000 0.978125
vt 0.083449 0.978125
vt 0.083449 1.000000
vt 0.000000 1.000000
vt 0.000000 0.978125
vt 0.083449 0.978125
vt 0.083449 1.000000
vt 0.000000 1.000000
vt 0.000000 0.992500
vt 0.083449 0.992500
vt 0.083449 1.000000
vt 0.000000 1.000000
vt 0.000000 0.992500
vt 0.074858 0.992500
vt 0.074858 1.000000
vt 0.000000 1.000000
vt 0.000000 0.978125
vt 0.083449 0.978125
vt 0.083449 1.000000
vt 0.000000 1.000000
vt 0.000000 0.978125
vt 0.083449 0.978125
vt 0.083449 1.000000
vt 0.000000 1.000000
vt 0.000000 0.992500
vt 0.083449 0.992500
vt 0.083449 1.000000
vt 0.000000 1.000000
vt 0.000000 0.992500
vt 0.074858 0.992500
vt 0.074858 1.000000
vt 0.000000 1.000000
vt 0.000000 0.978125
vt 0.083449 0.978125
vt 0.083449 1.000000
vt 0.000000 1.000000
vt 0.000000 0.978125
vt 0.083449 0.978125
vt 0.083449 1.000000
vt 0.000000 1.000000
vt 0.000000 0.992500
vt 0.083449 0.992500
vt 0.083449 1.000000
vt 0.000000 1.000000
vt 0.000000 0.992500
vt 0.074858 0.992500
vt 0.074858 1.000000
vt 0.000000 1.000000
vt 0.000000 0.978125
vt 0.083449 0.978125
vt 0.083449 1.000000
vt 0.000000 1.000000
vt 0.000000 0.978125
vt 0.083449 0.978125
vt 0.083449 1.000000
vt 0.000000 1.000000
vt 0.000000 0.974375
vt 0.100000 0.974375
vt 0.100000 1.000000
vt 0.000000 1.000000
vt 0.000000 0.974375
vt 0.100000 0.974375
vt 0.100000 1.000000
vt 0.000000 1.000000
vt 0.000000 0.890625
vt 0.100000 0.890625
vt 0.100000 1.000000
vt 0.000000 1.000000
vt 0.000000 0.890625
vt 0.100000 0.890625
vt 0.100000 1.000000
vt 0.000000 1.000000
vt 0.000000 0.890625
vt 0.025625 0.890625
vt 0.025625 1.000000
vt 0.000000 1.000000
vt 0.000000 0.890625
vt 0.025625 0.890625
vt 0.025625 1.000000
vt 0.000000 1.000000
vt 0.000000 0.974375
vt 0.100000 0.974375
vt 0.100000 1.000000
vt 0.000000 1.000000
vt 0.000000 0.974375
vt 0.100000 0.974375
vt 0.100000 1.000000
vt 0.000000 1.000000
vt 0.000000 0.890625
vt 0.100000 0.890625
vt 0.100000 1.000000
vt 0.000000 1.000000
vt 0.000000 0.890625
vt 0.100000 0.890625
vt 0.100000 1.000000
vt 0.000000 1.000000
vt 0.000000 0.890625
vt 0.025625 0.890625
vt 0.025625 1.000000
vt 0.000000 1.000000
vt 0.000000 0.890625
vt 0.025625 0.890625
vt 0.025625 1.000000
vt 0.000000 1.000000
vt 0.000000 0.974375
vt 0.100000 0.974375
vt 0.100000 1.000000
vt 0.000000 1.000000
vt 0.000000 0.974375
vt 0.100000 0.974375
vt 0.100000 1.000000
vt 0.000000 1.000000
vt 0.000000 0.890625
vt 0.100000 0.890625
vt 0.100000 1.000000
vt 0.000000 1.000000
vt 0.000000 0.890625
vt 0.100000 0.890625
vt 0.100000 1.000000
vt 0.000000 1.000000
vt 0.000000 0.890625
vt 0.025625 0.890625
vt 0.025625 1.000000
vt 0.000000 1.000000
vt 0.000000 0.890625
vt 0.025625 0.890625
vt 0.025625 1.000000
vt 0.000000 1.000000
vt 0.000000 0.974375
vt 0.100000 0.974375
vt 0.100000 1.000000
vt 0.000000 1.000000
vt 0.000000 0.974375
vt 0.100000 0.974375
vt 0.100000 1.000000
vt 0.000000 1.000000
vt 0.000000 0.890625
vt 0.100000 0.890625
vt 0.100000 1.000000
vt 0.000000 1.000000
vt 0.000000 0.890625
vt 0.100000 0.890625
vt 0.100000 1.000000
vt 0.000000 1.000000
vt 0.000000 0.890625
vt 0.025625 0.890625
vt 0.025625 1.000000
vt 0.000000 1.000000
vt 0.000000 0.890625
vt 0.025625 0.890625
vt 0.025625 1.000000
vt 0.000000 1.000000
vt 0.000000 0.974375
vt 0.100000 0.974375
vt 0.100000 1.000000
vt 0.000000 1.000000
vt 0.000000 0.974375
vt 0.100000 0.974375
vt 0.100000 1.000000
vt 0.000000 1.000000
vt 0.000000 0.890625
vt 0.100000 0.890625
vt 0.100000 1.000000
vt 0.000000 1.000000
vt 0.000000 0.890625
vt 0.100000 0.890625
vt 0.100000 1.000000
vt 0.000000 1.000000
vt 0.000000 0.890625
vt 0.025625 0.890625
vt 0.025625 1.000000
vt 0.000000 1.000000
vt 0.000000 0.890625
vt 0.025625 0.890625
vt 0.025625 1.000000
vt 0.000000 1.000000
vt 0.000000 0.974375
vt 0.100000 0.974375
vt 0.100000 1.000000
vt 0.000000 1.000000
vt 0.000000 0.974375
vt 0.100000 0.974375
vt 0.100000 1.000000
vt 0.000000 1.000000
vt 0.000000 0.890625
vt 0.100000 0.890625
vt 0.100000 1.000000
vt 0.000000 1.000000
vt 0.000000 0.890625
vt 0.100000 0.890625
vt 0.100000 1.000000
vt 0.000000 1.000000
vt 0.000000 0.890625
vt 0.025625 0.890625
vt 0.025625 1.000000
vt 0.000000 1.000000
vt 0.000000 0.890625
vt 0.025625 0.890625
vt 0.025625 1.000000
vt 0.000000 1.000000
vt 0.000000 0.974375
vt 0.100000 0.974375
vt 0.100000 1.000000
vt 0.000000 1.000000
vt 0.000000 0.974375
vt 0.100000 0.974375
vt 0.100000 1.000000
vt 0.000000 1.000000
vt 0.000000 0.890625
vt 0.100000 0.890625
vt 0.100000 1.000000
vt 0.000000 1.000000
vt 0.000000 0.890625
vt 0.100000 0.890625
vt 0.100000 1.000000
vt 0.000000 1.000000
vt 0.000000 0.890625
vt 0.025625 0.890625
vt 0.025625 1.000000
vt 0.000000 1.000000
vt 0.000000 0.890625
vt 0.025625 0.890625
vt 0.025625 1.000000
vt 0.000000 1.000000
vt 0.000000 0.974375
vt 0.100000 0.974375
vt 0.100000 1.000000
vt 0.000000 1.000000
vt 0.000000 0.974375
vt 0.100000 0.974375
vt 0.100000 1.000000
vt 0.000000 1.000000
vt 0.000000 0.890625
vt 0.100000 0.890625
vt 0.100000 1.000000
vt 0.000000 1.000000
vt 0.000000 0.890625
vt 0.100000 0.890625
vt 0.100000 1.000000
vt 0.000000 1.000000
vt 0.000000 0.890625
vt 0.025625 0.890625
vt 0.025625 1.000000
vt 0.000000 1.000000
vt 0.000000 0.890625
vt 0.025625 0.890625
vt 0.025625 1.000000
vt 0.000000 1.000000
vt 0.000000 0.974375
vt 0.100000 0.974375
vt 0.100000 1.000000
vt 0.000000 1.000000
vt 0.000000 0.974375
vt 0.100000 0.974375
vt 0.100000 1.000000
vt 0.000000 1.000000
vt 0.000000 0.890625
vt 0.100000 0.890625
vt 0.100000 1.000000
vt 0.000000 1.000000
vt 0.000000 0.890625
vt 0.100000 0.890625
vt 0.100000 1.000000
vt 0.000000 1.000000
vt 0.000000 0.890625
vt 0.025625 0.890625
vt 0.025625 1.000000
vt 0.000000 1.000000
vt 0.000000 0.890625
vt 0.025625 0.890625
vt 0.025625 1.000000
vt 0.000000 1.000000
vt 0.000000 0.974375
vt 0.100000 0.974375
vt 0.100000 1.000000
vt 0.000000 1.000000
vt 0.000000 0.974375
vt 0.100000 0.974375
vt 0.100000 1.000000
vt 0.000000 1.000000
vt 0.000000 0.890625
vt 0.100000 0.890625
vt 0.100000 1.000000
vt 0.000000 1.000000
vt 0.000000 0.890625
vt 0.100000 0.890625
vt 0.100000 1.000000
vt 0.000000 1.000000
vt 0.000000 0.890625
vt 0.025625 0.890625
vt 0.025625 1.000000
vt 0.000000 1.000000
vt 0.000000 0.890625
vt 0.025625 0.890625
vt 0.025625 1.000000
vt 0.000000 1.000000
vt 0.000000 0.974375
vt 0.100000 0.974375
vt 0.100000 1.000000
vt 0.000000 1.000000
vt 0.000000 0.974375
vt 0.100000 0.974375
vt 0.100000 1.000000
vt 0.000000 1.000000
vt 0.000000 0.890625
vt 0.100000 0.890625
vt 0.100000 1.000000
vt 0.000000 1.000000
vt 0.000000 0.890625
vt 0.100000 0.890625
vt 0.100000 1.000000
vt 0.000000 1.000000
vt 0.000000 0.890625
vt 0.025625 0.890625
vt 0.025625 1.000000
vt 0.000000 1.000000
vt 0.000000 0.890625
vt 0.025625 0.890625
vt 0.025625 1.000000
vt 0.000000 1.000000
vt 0.000000 0.974375
vt 0.100000 0.974375
vt 0.100000 1.000000
vt 0.000000 1.000000
vt 0.000000 0.974375
vt 0.100000 0.974375
vt 0.100000 1.000000
vt 0.000000 1.000000
vt 0.000000 0.890625
vt 0.100000 0.890625
vt 0.100000 1.000000
vt 0.000000 1.000000
vt 0.000000 0.890625
vt 0.100000 0.890625
vt 0.100000 1.000000
vt 0.000000 1.000000
vt 0.000000 0.890625
vt 0.025625 0.890625
vt 0.025625 1.000000
vt 0.000000 1.000000
vt 0.000000 0.890625
vt 0.025625 0.890625
vt 0.025625 1.000000
vt 0.000000 1.000000
vt 0.000000 0.974375
vt 0.100000 0.974375
vt 0.100000 1.000000
vt 0.000000 1.000000
vt 0.000000 0.974375
vt 0.100000 0.974375
vt 0.100000 1.000000
vt 0.000000 1.000000
vt 0.000000 0.890625
vt 0.100000 0.890625
vt 0.100000 1.000000
vt 0.000000 1.000000
vt 0.000000 0.890625
vt 0.100000 0.890625
vt 0.100000 1.000000
vt 0.000000 1.000000
vt 0.000000 0.890625
vt 0.025625 0.890625
vt 0.025625 1.000000
vt 0.000000 1.000000
vt 0.000000 0.890625
vt 0.025625 0.890625
vt 0.025625 1.000000
vt 0.000000 1.000000
vt 0.000000 0.974375
vt 0.100000 0.974375
vt 0.100000 1.000000
vt 0.000000 1.000000
vt 0.000000 0.974375
vt 0.100000 0.974375
vt 0.100000 1.000000
vt 0.000000 1.000000
vt 0.000000 0.890625
vt 0.100000 0.890625
vt 0.100000 1.000000
vt 0.000000 1.000000
vt 0.000000 0.890625
vt 0.100000 0.890625
vt 0.100000 1.000000
vt 0.000000 1.000000
vt 0.000000 0.890625
vt 0.025625 0.890625
vt 0.025625 1.000000
vt 0.000000 1.000000
vt 0.000000 0.890625
vt 0.025625 0.890625
vt 0.025625 1.000000
vt 0.000000 1.000000
vt 0.000000 0.974375
vt 0.100000 0.974375
vt 0.100000 1.000000
vt 0.000000 1.000000
vt 0.000000 0.974375
vt 0.100000 0.974375
vt 0.100000 1.000000
vt 0.000000 1.000000
vt 0.000000 0.890625
vt 0.100000 0.890625
vt 0.100000 1.000000
vt 0.000000 1.000000
vt 0.000000 0.890625
vt 0.100000 0.890625
vt 0.100000 1.000000
vt 0.000000 1.000000
vt 0.000000 0.890625
vt 0.025625 0.890625
vt 0.025625 1.000000
vt 0.000000 1.000000
vt 0.000000 0.890625
vt 0.025625 0.890625
vt 0.025625 1.000000
vt 0.000000 1.000000
vt 0.000000 0.974375
vt 0.100000 0.974375
vt 0.100000 1.000000
vt 0.000000 1.000000
vt 0.000000 0.974375
vt 0.100000 0.974375
vt 0.100000 1.000000
vt 0.000000 1.000000
vt 0.000000 0.890625
vt 0.100000 0.890625
vt 0.100000 1.000000
vt 0.000000 1.000000
vt 0.000000 0.890625
vt 0.100000 0.890625
vt 0.100000 1.000000
vt 0.000000 1.000000
vt 0.000000 0.890625
vt 0.025625 0.890625
vt 0.025625 1.000000
vt 0.000000 1.000000
vt 0.000000 0.890625
vt 0.025625 0.890625
vt 0.025625 1.000000
vt 0.000000 1.000000
vt 0.500000 0.840625
vt 0.554364 0.840625
vt 0.554364 1.000000
vt 0.500000 1.000000
vt 0.500000 0.840625
vt 0.536816 0.840625
vt 0.536816 1.000000
vt 0.500000 1.000000
vt 0.500000 0.955313
vt 0.554364 0.955313
vt 0.554364 1.000000
vt 0.500000 1.000000
vt 0.500000 0.955313
vt 0.554364 0.955313
vt 0.554364 1.000000
vt 0.500000 1.000000
vt 0.500000 0.840625
vt 0.554364 0.840625
vt 0.554364 1.000000
vt 0.500000 1.000000
vt 0.500000 0.840625
vt 0.536816 0.840625
vt 0.536816 1.000000
vt 0.500000 1.000000
vt 0.500000 0.955313
vt 0.554364 0.955313
vt 0.554364 1.000000
vt 0.500000 1.000000
vt 0.500000 0.955313
vt 0.554364 0.955313
vt 0.554364 1.000000
vt 0.500000 1.000000
vt 0.500000 0.840625
vt 0.554364 0.840625
vt 0.554364 1.000000
vt 0.500000 1.000000
vt 0.500000 0.840625
vt 0.536816 0.840625
vt 0.536816 1.000000
vt 0.500000 1.000000
vt 0.500000 0.955313
vt 0.554364 0.955313
vt 0.554364 1.000000
vt 0.500000 1.000000
vt 0.500000 0.955313
vt 0.554364 0.955313
vt 0.554364 1.000000
vt 0.500000 1.000000
vt 0.500000 0.840625
vt 0.554364 0.840625
vt 0.554364 1.000000
vt 0.500000 1.000000
vt 0.500000 0.840625
vt 0.536816 0.840625
vt 0.536816 1.000000
vt 0.500000 1.000000
vt 0.500000 0.955313
vt 0.554364 0.955313
vt 0.554364 1.000000
vt 0.500000 1.000000
vt 0.500000 0.955313
vt 0.554364 0.955313
vt 0.554364 1.000000
vt 0.500000 1.000000
vt 0.500000 0.840625
vt 0.554364 0.840625
vt 0.554364 1.000000
vt 0.500000 1.000000
vt 0.500000 0.840625
vt 0.536816 0.840625
vt 0.536816 1.000000
vt 0.500000 1.000000
vt 0.500000 0.955313
vt 0.554364 0.955313
vt 0.554364 1.000000
vt 0.500000 1.000000
vt 0.500000 0.955313
vt 0.554364 0.955313
vt 0.554364 1.000000
vt 0.500000 1.000000
vt 0.500000 0.840625
vt 0.554364 0.840625
vt 0.554364 1.000000
vt 0.500000 1.000000
vt 0.500000 0.840625
vt 0.536816 0.840625
vt 0.536816 1.000000
vt 0.500000 1.000000
vt 0.500000 0.955313
vt 0.554364 0.955313
vt 0.554364 1.000000
vt 0.500000 1.000000
vt 0.500000 0.955313
vt 0.554364 0.955313
vt 0.554364 1.000000
vt 0.500000 1.000000
vt 0.500000 0.840625
vt 0.554364 0.840625
vt 0.554364 1.000000
vt 0.500000 1.000000
vt 0.500000 0.840625
vt 0.536816 0.840625
vt 0.536816 1.000000
vt 0.500000 1.000000
vt 0.500000 0.955313
vt 0.554364 0.955313
vt 0.554364 1.000000
vt 0.500000 1.000000
vt 0.500000 0.955313
vt 0.554364 0.955313
vt 0.554364 1.000000
vt 0.500000 1.000000
vt 0.500000 0.840625
vt 0.554364 0.840625
vt 0.554364 1.000000
vt 0.500000 1.000000
vt 0.500000 0.840625
vt 0.536816 0.840625
vt 0.536816 1.000000
vt 0.500000 1.000000
vt 0.500000 0.955313
vt 0.554364 0.955313
vt 0.554364 1.000000
vt 0.500000 1.000000
vt 0.500000 0.955313
vt 0.554364 0.955313
vt 0.554364 1.000000
vt 0.500000 1.000000
vt 0.500000 0.840625
vt 0.554364 0.840625
vt 0.554364 1.000000
vt 0.500000 1.000000
vt 0.500000 0.840625
vt 0.536816 0.840625
vt 0.536816 1.000000
vt 0.500000 1.000000
vt 0.500000 0.955313
vt 0.554364 0.955313
vt 0.554364 1.000000
vt 0.500000 1.000000
vt 0.500000 0.955313
vt 0.554364 0.955313
vt 0.554364 1.000000
vt 0.500000 1.000000
vt 0.500000 0.840625
vt 0.554364 0.840625
vt 0.554364 1.000000
vt 0.500000 1.000000
vt 0.500000 0.840625
vt 0.536816 0.840625
vt 0.536816 1.000000
vt 0.500000 1.000000
vt 0.500000 0.955313
vt 0.554364 0.955313
vt 0.554364 1.000000
vt 0.500000 1.000000
vt 0.500000 0.955313
vt 0.554364 0.955313
vt 0.554364 1.000000
vt 0.500000 1.000000
vt 0.500000 0.840625
vt 0.554364 0.840625
vt 0.554364 1.000000
vt 0.500000 1.000000
vt 0.500000 0.840625
vt 0.536816 0.840625
vt 0.536816 1.000000
vt 0.500000 1.000000
vt 0.500000 0.955313
vt 0.554364 0.955313
vt 0.554364 1.000000
vt 0.500000 1.000000
vt 0.500000 0.955313
vt 0.554364 0.955313
vt 0.554364 1.000000
vt 0.500000 1.000000
vt 0.500000 0.840625
vt 0.554364 0.840625
vt 0.554364 1.000000
vt 0.500000 1.000000
vt 0.500000 0.840625
vt 0.536816 0.840625
vt 0.536816 1.000000
vt 0.500000 1.000000
vt 0.500000 0.955313
vt 0.554364 0.955313
vt 0.554364 1.000000
vt 0.500000 1.000000
vt 0.500000 0.955313
vt 0.554364 0.955313
vt 0.554364 1.000000
vt 0.500000 1.000000
vt 0.500000 0.840625
vt 0.554364 0.840625
vt 0.554364 1.000000
vt 0.500000 1.000000
vt 0.500000 0.840625
vt 0.536816 0.840625
vt 0.536816 1.000000
vt 0.500000 1.000000
vt 0.500000 0.955313
vt 0.554364 0.955313
vt 0.554364 1.000000
vt 0.500000 1.000000
vt 0.500000 0.955313
vt 0.554364 0.955313
vt 0.554364 1.000000
vt 0.500000 1.000000
vt 0.500000 0.840625
vt 0.554364 0.840625
vt 0.554364 1.000000
vt 0.500000 1.000000
vt 0.500000 0.840625
vt 0.536816 0.840625
vt 0.536816 1.000000
vt 0.500000 1.000000
vt 0.500000 0.955313
vt 0.554364 0.955313
vt 0.554364 1.000000
vt 0.500000 1.000000
vt 0.500000 0.955313
vt 0.554364 0.955313
vt 0.554364 1.000000
vt 0.500000 1.000000
vt 0.500000 0.840625
vt 0.554364 0.840625
vt 0.554364 1.000000
vt 0.500000 1.000000
vt 0.500000 0.840625
vt 0.536816 0.840625
vt 0.536816 1.000000
vt 0.500000 1.000000
vt 0.500000 0.955313
vt 0.554364 0.955313
vt 0.554364 1.000000
vt 0.500000 1.000000
vt 0.500000 0.955313
vt 0.554364 0.955313
vt 0.554364 1.000000
vt 0.500000 1.000000
vt 0.500000 0.840625
vt 0.554364 0.840625
vt 0.554364 1.000000
vt 0.500000 1.000000
vt 0.500000 0.840625
vt 0.536816 0.840625
vt 0.536816 1.000000
vt 0.500000 1.000000
vt 0.500000 0.955313
vt 0.554364 0.955313
vt 0.554364 1.000000
vt 0.500000 1.000000
vt 0.500000 0.955313
vt 0.554364 0.955313
vt 0.554364 1.000000
vt 0.500000 1.000000
vt 0.500000 0.978125
vt 0.555837 0.978125
vt 0.555837 1.000000
vt 0.500000 1.000000
vt 0.500000 0.978125
vt 0.546633 0.978125
vt 0.546633 1.000000
vt 0.500000 1.000000
vt 0.500000 0.976562
vt 0.555837 0.976562
vt 0.555837 1.000000
vt 0.500000 1.000000
vt 0.500000 0.976562
vt 0.555837 0.976562
vt 0.555837 1.000000
vt 0.500000 1.000000
vt 0.500000 0.978125
vt 0.555837 0.978125
vt 0.555837 1.000000
vt 0.500000 1.000000
vt 0.500000 0.978125
vt 0.546633 0.978125
vt 0.546633 1.000000
vt 0.500000 1.000000
vt 0.500000 0.976562
vt 0.555837 0.976562
vt 0.555837 1.000000
vt 0.500000 1.000000
vt 0.500000 0.976562
vt 0.555837 0.976562
vt 0.555837 1.000000
vt 0.500000 1.000000
vt 0.500000 0.978125
vt 0.555837 0.978125
vt 0.555837 1.000000
vt 0.500000 1.000000
vt 0.500000 0.978125
vt 0.546633 0.978125
vt 0.546633 1.000000
vt 0.500000 1.000000
vt 0.500000 0.976562
vt 0.555837 0.976562
vt 0.555837 1.000000
vt 0.500000 1.000000
vt 0.500000 0.976562
vt 0.555837 0.976562
vt 0.555837 1.000000
vt 0.500000 1.000000
vt 0.500000 0.978125
vt 0.555837 0.978125
vt 0.555837 1.000000
vt 0.500000 1.000000
vt 0.500000 0.978125
vt 0.546633 0.978125
vt 0.546633 1.000000
vt 0.500000 1.000000
vt 0.500000 0.976562
vt 0.555837 0.976562
vt 0.555837 1.000000
vt 0.500000 1.000000
vt 0.500000 0.976562
vt 0.555837 0.976562
vt 0.555837 1.000000
vt 0.500000 1.000000
vt 0.500000 0.978125
vt 0.555837 0.978125
vt 0.555837 1.000000
vt 0.500000 1.000000
vt 0.500000 0.978125
vt 0.546633 0.978125
vt 0.546633 1.000000
vt 0.500000 1.000000
vt 0.500000 0.976562
vt 0.555837 0.976562
vt 0.555837 1.000000
vt 0.500000 1.000000
vt 0.500000 0.976562
vt 0.555837 0.976562
vt 0.555837 1.000000
vt 0.500000 1.000000
vt 0.500000 0.978125
vt 0.555837 0.978125
vt 0.555837 1.000000
vt 0.500000 1.000000
vt 0.500000 0.978125
vt 0.546633 0.978125
vt 0.546633 1.000000
vt 0.500000 1.000000
vt 0.500000 0.976562
vt 0.555837 0.976562
vt 0.555837 1.000000
vt 0.500000 1.000000
vt 0.500000 0.976562
vt 0.555837 0.976562
vt 0.555837 1.000000
vt 0.500000 1.000000
vt 0.500000 0.978125
vt 0.555837 0.978125
vt 0.555837 1.000000
vt 0.500000 1.000000
vt 0.500000 0.978125
vt 0.546633 0.978125
vt 0.546633 1.000000
vt 0.500000 1.000000
vt 0.500000 0.976562
vt 0.555837 0.976562
vt 0.555837 1.000000
vt 0.500000 1.000000
vt 0.500000 0.976562
vt 0.555837 0.976562
vt 0.555837 1.000000
vt 0.500000 1.000000
vt 0.500000 0.978125
vt 0.555837 0.978125
vt 0.555837 1.000000
vt 0.500000 1.000000
vt 0.500000 0.978125
vt 0.546633 0.978125
vt 0.546633 1.000000
vt 0.500000 1.000000
vt 0.500000 0.976562
vt 0.555837 0.976562
vt 0.555837 1.000000
vt 0.500000 1.000000
vt 0.500000 0.976562
vt 0.555837 0.976562
vt 0.555837 1.000000
vt 0.500000 1.000000
vt 0.500000 0.978125
vt 0.555837 0.978125
vt 0.555837 1.000000
vt 0.500000 1.000000
vt 0.500000 0.978125
vt 0.546633 0.978125
vt 0.546633 1.000000
vt 0.500000 1.000000
vt 0.500000 0.976562
vt 0.555837 0.976562
vt 0.555837 1.000000
vt 0.500000 1.000000
vt 0.500000 0.976562
vt 0.555837 0.976562
vt 0.555837 1.000000
vt 0.500000 1.000000
vt 0.500000 0.978125
vt 0.555837 0.978125
vt 0.555837 1.000000
vt 0.500000 1.000000
vt 0.500000 0.978125
vt 0.546633 0.978125
vt 0.546633 1.000000
vt 0.500000 1.000000
vt 0.500000 0.976562
vt 0.555837 0.976562
vt 0.555837 1.000000
vt 0.500000 1.000000
vt 0.500000 0.976562
vt 0.555837 0.976562
vt 0.555837 1.000000
vt 0.500000 1.000000
vt 0.500000 0.978125
vt 0.555837 0.978125
vt 0.555837 1.000000
vt 0.500000 1.000000
vt 0.500000 0.978125
vt 0.546633 0.978125
vt 0.546633 1.000000
vt 0.500000 1.000000
vt 0.500000 0.976562
vt 0.555837 0.976562
vt 0.555837 1.000000
vt 0.500000 1.000000
vt 0.500000 0.976562
vt 0.555837 0.976562
vt 0.555837 1.000000
vt 0.500000 1.000000
vt 0.500000 0.978125
vt 0.555837 0.978125
vt 0.555837 1.000000
vt 0.500000 1.000000
vt 0.500000 0.978125
vt 0.546633 0.978125
vt 0.546633 1.000000
vt 0.500000 1.000000
vt 0.500000 0.976562
vt 0.555837 0.976562
vt 0.555837 1.000000
vt 0.500000 1.000000
vt 0.500000 0.976562
vt 0.555837 0.976562
vt 0.555837 1.000000
vt 0.500000 1.000000
vt 0.500000 0.978125
vt 0.555837 0.978125
vt 0.555837 1.000000
vt 0.500000 1.000000
vt 0.500000 0.978125
vt 0.546633 0.978125
vt 0.546633 1.000000
vt 0.500000 1.000000
vt 0.500000 0.976562
vt 0.555837 0.976562
vt 0.555837 1.000000
vt 0.500000 1.000000
vt 0.500000 0.976562
vt 0.555837 0.976562
vt 0.555837 1.000000
vt 0.500000 1.000000
vt 0.500000 0.978125
vt 0.555837 0.978125
vt 0.555837 1.000000
vt 0.500000 1.000000
vt 0.500000 0.978125
vt 0.546633 0.978125
vt 0.546633 1.000000
vt 0.500000 1.000000
vt 0.500000 0.976562
vt 0.555837 0.976562
vt 0.555837 1.000000
vt 0.500000 1.000000
vt 0.500000 0.976562
vt 0.555837 0.976562
vt 0.555837 1.000000
vt 0.500000 1.000000
vt 0.500000 0.978125
vt 0.555837 0.978125
vt 0.555837 1.000000
vt 0.500000 1.000000
vt 0.500000 0.978125
vt 0.546633 0.978125
vt 0.546633 1.000000
vt 0.500000 1.000000
vt 0.500000 0.976562
vt 0.555837 0.976562
vt 0.555837 1.000000
vt 0.500000 1.000000
vt 0.500000 0.976562
vt 0.555837 0.976562
vt 0.555837 1.000000
vt 0.500000 1.000000
vt 0.500000 0.978125
vt 0.555837 0.978125
vt 0.555837 1.000000
vt 0.500000 1.000000
vt 0.500000 0.978125
vt 0.546633 0.978125
vt 0.546633 1.000000
vt 0.500000 1.000000
vt 0.500000 0.976562
vt 0.555837 0.976562
vt 0.555837 1.000000
vt 0.500000 1.000000
vt 0.500000 0.976562
vt 0.555837 0.976562
vt 0.555837 1.000000
vt 0.500000 1.000000
vt 0.500000 0.979688
vt 0.547860 0.979688
vt 0.547860 1.000000
vt 0.500000 1.000000
vt 0.500000 0.979688
vt 0.547860 0.979688
vt 0.547860 1.000000
vt 0.500000 1.000000
vt 0.500000 0.979688
vt 0.547860 0.979688
vt 0.547860 1.000000
vt 0.500000 1.000000
vt 0.500000 0.979688
vt 0.547860 0.979688
vt 0.547860 1.000000
vt 0.500000 1.000000
vt 0.500000 0.979688
vt 0.547860 0.979688
vt 0.547860 1.000000
vt 0.500000 1.000000
vt 0.500000 0.979688
vt 0.547860 0.979688
vt 0.547860 1.000000
vt 0.500000 1.000000
vt 0.500000 0.979688
vt 0.547860 0.979688
vt 0.547860 1.000000
vt 0.500000 1.000000
vt 0.500000 0.979688
vt 0.547860 0.979688
vt 0.547860 1.000000
vt 0.500000 1.000000
vt 0.500000 0.979688
vt 0.547860 0.979688
vt 0.547860 1.000000
vt 0.500000 1.000000
vt 0.500000 0.979688
vt 0.547860 0.979688
vt 0.547860 1.000000
vt 0.500000 1.000000
vt 0.500000 0.979688
vt 0.547860 0.979688
vt 0.547860 1.000000
vt 0.500000 1.000000
vt 0.500000 0.979688
vt 0.547860 0.979688
vt 0.547860 1.000000
vt 0.500000 1.000000
vt 0.500000 0.979688
vt 0.547860 0.979688
vt 0.547860 1.000000
vt 0.500000 1.000000
vt 0.500000 0.979688
vt 0.547860 0.979688
vt 0.547860 1.000000
vt 0.500000 1.000000
vt 0.500000 0.979688
vt 0.547860 0.979688
vt 0.547860 1.000000
vt 0.500000 1.000000
vt 0.500000 0.979688
vt 0.547860 0.979688
vt 0.547860 1.000000
vt 0.500000 1.000000
vt 0.743750 0.878125
vt 0.734473 0.831485
vt 0.708054 0.791946
vt 0.668515 0.765527
vt 0.621875 0.756250
vt 0.575235 0.765527
vt 0.535696 0.791946
vt 0.509277 0.831485
vt 0.500000 0.878125
vt 0.509277 0.924765
vt 0.535696 0.964304
vt 0.575235 0.990723
vt 0.621875 1.000000
vt 0.668515 0.990723
vt 0.708054 0.964304
vt 0.734473 0.924765
vt 0.734473 0.924765
vt 0.708054 0.964304
vt 0.668515 0.990723
vt 0.621875 1.000000
vt 0.575235 0.990723
vt 0.535696 0.964304
vt 0.509277 0.924765
vt 0.500000 0.878125
vt 0.509277 0.831485
vt 0.535696 0.791946
vt 0.575235 0.765527
vt 0.621875 0.756250
vt 0.668515 0.765527
vt 0.708054 0.791946
vt 0.734473 0.831485
vt 0.743750 0.878125
vt 0.500000 0.981250
vt 0.553383 0.981250
vt 0.553383 1.000000
vt 0.500000 1.000000
vt 0.500000 0.981250
vt 0.525157 0.981250
vt 0.525157 1.000000
vt 0.500000 1.000000
vt 0.500000 0.928125
vt 0.553383 0.928125
vt 0.553383 1.000000
vt 0.500000 1.000000
vt 0.500000 0.928125
vt 0.553383 0.928125
vt 0.553383 1.000000
vt 0.500000 1.000000
vt 0.500000 0.981250
vt 0.553383 0.981250
vt 0.553383 1.000000
vt 0.500000 1.000000
vt 0.500000 0.981250
vt 0.525157 0.981250
vt 0.525157 1.000000
vt 0.500000 1.000000
vt 0.500000 0.928125
vt 0.553383 0.928125
vt 0.553383 1.000000
vt 0.500000 1.000000
vt 0.500000 0.928125
vt 0.553383 0.928125
vt 0.553383 1.000000
vt 0.500000 1.000000
vt 0.500000 0.981250
vt 0.553383 0.981250
vt 0.553383 1.000000
vt 0.500000 1.000000
vt 0.500000 0.981250
vt 0.525157 0.981250
vt 0.525157 1.000000
vt 0.500000 1.000000
vt 0.500000 0.928125
vt 0.553383 0.928125
vt 0.553383 1.000000
vt 0.500000 1.000000
vt 0.500000 0.928125
vt 0.553383 0.928125
vt 0.553383 1.000000
vt 0.500000 1.000000
vt 0.500000 0.981250
vt 0.553383 0.981250
vt 0.553383 1.000000
vt 0.500000 1.000000
vt 0.500000 0.981250
vt 0.525157 0.981250
vt 0.525157 1.000000
vt 0.500000 1.000000
vt 0.500000 0.928125
vt 0.553383 0.928125
vt 0.553383 1.000000
vt 0.500000 1.000000
vt 0.500000 0.928125
vt 0.553383 0.928125
vt 0.553383 1.000000
vt 0.500000 1.000000
vt 0.500000 0.981250
vt 0.553383 0.981250
vt 0.553383 1.000000
vt 0.500000 1.000000
vt 0.500000 0.981250
vt 0.525157 0.981250
vt 0.525157 1.000000
vt 0.500000 1.000000
vt 0.500000 0.928125
vt 0.553383 0.928125
vt 0.553383 1.000000
vt 0.500000 1.000000
vt 0.500000 0.928125
vt 0.553383 0.928125
vt 0.553383 1.000000
vt 0.500000 1.000000
vt 0.500000 0.981250
vt 0.553383 0.981250
vt 0.553383 1.000000
vt 0.500000 1.000000
vt 0.500000 0.981250
vt 0.525157 0.981250
vt 0.525157 1.000000
vt 0.500000 1.000000
vt 0.500000 0.928125
vt 0.553383 0.928125
vt 0.553383 1.000000
vt 0.500000 1.000000
vt 0.500000 0.928125
vt 0.553383 0.928125
vt 0.553383 1.000000
vt 0.500000 1.000000
vt 0.500000 0.981250
vt 0.553383 0.981250
vt 0.553383 1.000000
vt 0.500000 1.000000
vt 0.500000 0.981250
vt 0.525157 0.981250
vt 0.525157 1.000000
vt 0.500000 1.000000
vt 0.500000 0.928125
vt 0.553383 0.928125
vt 0.553383 1.000000
vt 0.500000 1.000000
vt 0.500000 0.928125
vt 0.553383 0.928125
vt 0.553383 1.000000
vt 0.500000 1.000000
vt 0.500000 0.981250
vt 0.553383 0.981250
vt 0.553383 1.000000
vt 0.500000 1.000000
vt 0.500000 0.981250
vt 0.525157 0.981250
vt 0.525157 1.000000
vt 0.500000 1.000000
vt 0.500000 0.928125
vt 0.553383 0.928125
vt 0.553383 1.000000
vt 0.500000 1.000000
vt 0.500000 0.928125
vt 0.553383 0.928125
vt 0.553383 1.000000
vt 0.500000 1.000000
vt 0.500000 0.981250
vt 0.553383 0.981250
vt 0.553383 1.000000
vt 0.500000 1.000000
vt 0.500000 0.981250
vt 0.525157 0.981250
vt 0.525157 1.000000
vt 0.500000 1.000000
vt 0.500000 0.928125
vt 0.553383 0.928125
vt 0.553383 1.000000
vt 0.500000 1.000000
vt 0.500000 0.928125
vt 0.553383 0.928125
vt 0.553383 1.000000
vt 0.500000 1.000000
vt 0.500000 0.981250
vt 0.553383 0.981250
vt 0.553383 1.000000
vt 0.500000 1.000000
vt 0.500000 0.981250
vt 0.525157 0.981250
vt 0.525157 1.000000
vt 0.500000 1.000000
vt 0.500000 0.928125
vt 0.553383 0.928125
vt 0.553383 1.000000
vt 0.500000 1.000000
vt 0.500000 0.928125
vt 0.553383 0.928125
vt 0.553383 1.000000
vt 0.500000 1.000000
vt 0.500000 0.981250
vt 0.553383 0.981250
vt 0.553383 1.000000
vt 0.500000 1.000000
vt 0.500000 0.981250
vt 0.525157 0.981250
vt 0.525157 1.000000
vt 0.500000 1.000000
vt 0.500000 0.928125
vt 0.553383 0.928125
vt 0.553383 1.000000
vt 0.500000 1.000000
vt 0.500000 0.928125
vt 0.553383 0.928125
vt 0.553383 1.000000
vt 0.500000 1.000000
vt 0.500000 0.981250
vt 0.553383 0.981250
vt 0.553383 1.000000
vt 0.500000 1.000000
vt 0.500000 0.981250
vt 0.525157 0.981250
vt 0.525157 1.000000
vt 0.500000 1.000000
vt 0.500000 0.928125
vt 0.553383 0.928125
vt 0.553383 1.000000
vt 0.500000 1.000000
vt 0.500000 0.928125
vt 0.553383 0.928125
vt 0.553383 1.000000
vt 0.500000 1.000000
vt 0.500000 0.981250
vt 0.553383 0.981250
vt 0.553383 1.000000
vt 0.500000 1.000000
vt 0.500000 0.981250
vt 0.525157 0.981250
vt 0.525157 1.000000
vt 0.500000 1.000000
vt 0.500000 0.928125
vt 0.553383 0.928125
vt 0.553383 1.000000
vt 0.500000 1.000000
vt 0.500000 0.928125
vt 0.553383 0.928125
vt 0.553383 1.000000
vt 0.500000 1.000000
vt 0.500000 0.981250
vt 0.553383 0.981250
vt 0.553383 1.000000
vt 0.500000 1.000000
vt 0.500000 0.981250
vt 0.525157 0.981250
vt 0.525157 1.000000
vt 0.500000 1.000000
vt 0.500000 0.928125
vt 0.553383 0.928125
vt 0.553383 1.000000
vt 0.500000 1.000000
vt 0.500000 0.928125
vt 0.553383 0.928125
vt 0.553383 1.000000
vt 0.500000 1.000000
vt 0.500000 0.981250
vt 0.553383 0.981250
vt 0.553383 1.000000
vt 0.500000 1.000000
vt 0.500000 0.981250
vt 0.525157 0.981250
vt 0.525157 1.000000
vt 0.500000 1.000000
vt 0.500000 0.928125
vt 0.553383 0.928125
vt 0.553383 1.000000
vt 0.500000 1.000000
vt 0.500000 0.928125
vt 0.553383 0.928125
vt 0.553383 1.000000
vt 0.500000 1.000000
vt 0.500000 0.981250
vt 0.553383 0.981250
vt 0.553383 1.000000
vt 0.500000 1.000000
vt 0.500000 0.981250
vt 0.525157 0.981250
vt 0.525157 1.000000
vt 0.500000 1.000000
vt 0.500000 0.928125
vt 0.553383 0.928125
vt 0.553383 1.000000
vt 0.500000 1.000000
vt 0.500000 0.928125
vt 0.553383 0.928125
vt 0.553383 1.000000
vt 0.500000 1.000000
vt 0.500000 0.453125
vt 0.525403 0.453125
vt 0.525403 0.500000
vt 0.500000 0.500000
vt 0.500000 0.453125
vt 0.525403 0.453125
vt 0.525403 0.500000
vt 0.500000 0.500000
vt 0.500000 0.453125
vt 0.525403 0.453125
vt 0.525403 0.500000
vt 0.500000 0.500000
vt 0.500000 0.453125
vt 0.525403 0.453125
vt 0.525403 0.500000
vt 0.500000 0.500000
vt 0.500000 0.453125
vt 0.525403 0.453125
vt 0.525403 0.500000
vt 0.500000 0.500000
vt 0.500000 0.453125
vt 0.525403 0.453125
vt 0.525403 0.500000
vt 0.500000 0.500000
vt 0.500000 0.453125
vt 0.525403 0.453125
vt 0.525403 0.500000
vt 0.500000 0.500000
vt 0.500000 0.453125
vt 0.525403 0.453125
vt 0.525403 0.500000
vt 0.500000 0.500000
vt 0.500000 0.453125
vt 0.525403 0.453125
vt 0.525403 0.500000
vt 0.500000 0.500000
vt 0.500000 0.453125
vt 0.525403 0.453125
vt 0.525403 0.500000
vt 0.500000 0.500000
vt 0.500000 0.453125
vt 0.525403 0.453125
vt 0.525403 0.500000
vt 0.500000 0.500000
vt 0.500000 0.453125
vt 0.525403 0.453125
vt 0.525403 0.500000
vt 0.500000 0.500000
vt 0.500000 0.453125
vt 0.525403 0.453125
vt 0.525403 0.500000
vt 0.500000 0.500000
vt 0.500000 0.453125
vt 0.525403 0.453125
vt 0.525403 0.500000
vt 0.500000 0.500000
vt 0.500000 0.453125
vt 0.525403 0.453125
vt 0.525403 0.500000
vt 0.500000 0.500000
vt 0.500000 0.453125
vt 0.525403 0.453125
vt 0.525403 0.500000
vt 0.500000 0.500000
vt 0.629375 0.435312
vt 0.624451 0.410558
vt 0.610428 0.389572
vt 0.589442 0.375549
vt 0.564688 0.370625
vt 0.539933 0.375549
vt 0.518947 0.389572
vt 0.504924 0.410558
vt 0.500000 0.435312
vt 0.504924 0.460067
vt 0.518947 0.481053
vt 0.539933 0.495076
vt 0.564688 0.500000
vt 0.589442 0.495076
vt 0.610428 0.481053
vt 0.624451 0.460067
vt 0.624451 0.460067
vt 0.610428 0.481053
vt 0.589442 0.495076
vt 0.564688 0.500000
vt 0.539933 0.495076
vt 0.518947 0.481053
vt 0.504924 0.460067
vt 0.500000 0.435312
vt 0.504924 0.410558
vt 0.518947 0.389572
vt 0.539933 0.375549
vt 0.564688 0.370625
vt 0.589442 0.375549
vt 0.610428 0.389572
vt 0.624451 0.410558
vt 0.629375 0.435312
vt 0.500000 0.488750
vt 0.526998 0.488750
vt 0.526998 0.500000
vt 0.500000 0.500000
vt 0.500000 0.488750
vt 0.526998 0.488750
vt 0.526998 0.500000
vt 0.500000 0.500000
vt 0.500000 0.488750
vt 0.526998 0.488750
vt 0.526998 0.500000
vt 0.500000 0.500000
vt 0.500000 0.488750
vt 0.526998 0.488750
vt 0.526998 0.500000
vt 0.500000 0.500000
vt 0.500000 0.488750
vt 0.526998 0.488750
vt 0.526998 0.500000
vt 0.500000 0.500000
vt 0.500000 0.488750
vt 0.526998 0.488750
vt 0.526998 0.500000
vt 0.500000 0.500000
vt 0.500000 0.488750
vt 0.526998 0.488750
vt 0.526998 0.500000
vt 0.500000 0.500000
vt 0.500000 0.488750
vt 0.526998 0.488750
vt 0.526998 0.500000
vt 0.500000 0.500000
vt 0.566133 0.452470
vt 0.547530 0.433867
vt 0.521220 0.433867
vt 0.502617 0.452470
vt 0.502617 0.478780
vt 0.521220 0.497383
vt 0.547530 0.497383
vt 0.566133 0.478780
vt 0.566133 0.478780
vt 0.547530 0.497383
vt 0.521220 0.497383
vt 0.502617 0.478780
vt 0.502617 0.452470
vt 0.521220 0.433867
vt 0.547530 0.433867
vt 0.566133 0.452470
vt 0.500000 0.492812
vt 0.508508 0.492812
vt 0.508508 0.500000
vt 0.500000 0.500000
vt 0.500000 0.492812
vt 0.508508 0.492812
vt 0.508508 0.500000
vt 0.500000 0.500000
vt 0.500000 0.492812
vt 0.508508 0.492812
vt 0.508508 0.500000
vt 0.500000 0.500000
vt 0.500000 0.492812
vt 0.508508 0.492812
vt 0.508508 0.500000
vt 0.500000 0.500000
vt 0.500000 0.492812
vt 0.508508 0.492812
vt 0.508508 0.500000
vt 0.500000 0.500000
vt 0.500000 0.492812
vt 0.508508 0.492812
vt 0.508508 0.500000
vt 0.500000 0.500000
vt 0.516250 0.491875
vt 0.512188 0.484839
vt 0.504062 0.484839
vt 0.500000 0.491875
vt 0.504062 0.498911
vt 0.512188 0.498911
vt 0.512188 0.498911
vt 0.504062 0.498911
vt 0.500000 0.491875
vt 0.504062 0.484839
vt 0.512188 0.484839
vt 0.516250 0.491875
vt 0.500000 0.492812
vt 0.508508 0.492812
vt 0.508508 0.500000
vt 0.500000 0.500000
vt 0.500000 0.492812
vt 0.508508 0.492812
vt 0.508508 0.500000
vt 0.500000 0.500000
vt 0.500000 0.492812
vt 0.508508 0.492812
vt 0.508508 0.500000
vt 0.500000 0.500000
vt 0.500000 0.492812
vt 0.508508 0.492812
vt 0.508508 0.500000
vt 0.500000 0.500000
vt 0.500000 0.492812
vt 0.508508 0.492812
vt 0.508508 0.500000
vt 0.500000 0.500000
vt 0.500000 0.492812
vt 0.508508 0.492812
vt 0.508508 0.500000
vt 0.500000 0.500000
vt 0.516250 0.491875
vt 0.512188 0.484839
vt 0.504062 0.484839
vt 0.500000 0.491875
vt 0.504062 0.498911
vt 0.512188 0.498911
vt 0.512188 0.498911
vt 0.504062 0.498911
vt 0.500000 0.491875
vt 0.504062 0.484839
vt 0.512188 0.484839
vt 0.516250 0.491875
vt 0.500000 0.492812
vt 0.508508 0.492812
vt 0.508508 0.500000
vt 0.500000 0.500000
vt 0.500000 0.492812
vt 0.508508 0.492812
vt 0.508508 0.500000
vt 0.500000 0.500000
vt 0.500000 0.492812
vt 0.508508 0.492812
vt 0.508508 0.500000
vt 0.500000 0.500000
vt 0.500000 0.492812
vt 0.508508 0.492812
vt 0.508508 0.500000
vt 0.500000 0.500000
vt 0.500000 0.492812
vt 0.508508 0.492812
vt 0.508508 0.500000
vt 0.500000 0.500000
vt 0.500000 0.492812
vt 0.508508 0.492812
vt 0.508508 0.500000
vt 0.500000 0.500000
vt 0.516250 0.491875
vt 0.512188 0.484839
vt 0.504062 0.484839
vt 0.500000 0.491875
vt 0.504062 0.498911
vt 0.512188 0.498911
vt 0.512188 0.498911
vt 0.504062 0.498911
vt 0.500000 0.491875
vt 0.504062 0.484839
vt 0.512188 0.484839
vt 0.516250 0.491875
vt 0.500000 0.492812
vt 0.508508 0.492812
vt 0.508508 0.500000
vt 0.500000 0.500000
vt 0.500000 0.492812
vt 0.508508 0.492812
vt 0.508508 0.500000
vt 0.500000 0.500000
vt 0.500000 0.492812
vt 0.508508 0.492812
vt 0.508508 0.500000
vt 0.500000 0.500000
vt 0.500000 0.492812
vt 0.508508 0.492812
vt 0.508508 0.500000
vt 0.500000 0.500000
vt 0.500000 0.492812
vt 0.508508 0.492812
vt 0.508508 0.500000
vt 0.500000 0.500000
vt 0.500000 0.492812
vt 0.508508 0.492812
vt 0.508508 0.500000
vt 0.500000 0.500000
vt 0.516250 0.491875
vt 0.512188 0.484839
vt 0.504062 0.484839
vt 0.500000 0.491875
vt 0.504062 0.498911
vt 0.512188 0.498911
vt 0.512188 0.498911
vt 0.504062 0.498911
vt 0.500000 0.491875
vt 0.504062 0.484839
vt 0.512188 0.484839
vt 0.516250 0.491875
vt 0.500000 0.492812
vt 0.508508 0.492812
vt 0.508508 0.500000
vt 0.500000 0.500000
vt 0.500000 0.492812
vt 0.508508 0.492812
vt 0.508508 0.500000
vt 0.500000 0.500000
vt 0.500000 0.492812
vt 0.508508 0.492812
vt 0.508508 0.500000
vt 0.500000 0.500000
vt 0.500000 0.492812
vt 0.508508 0.492812
vt 0.508508 0.500000
vt 0.500000 0.500000
vt 0.500000 0.492812
vt 0.508508 0.492812
vt 0.508508 0.500000
vt 0.500000 0.500000
vt 0.500000 0.492812
vt 0.508508 0.492812
vt 0.508508 0.500000
vt 0.500000 0.500000
vt 0.516250 0.491875
vt 0.512188 0.484839
vt 0.504062 0.484839
vt 0.500000 0.491875
vt 0.504062 0.498911
vt 0.512188 0.498911
vt 0.512188 0.498911
vt 0.504062 0.498911
vt 0.500000 0.491875
vt 0.504062 0.484839
vt 0.512188 0.484839
vt 0.516250 0.491875
vt 0.500000 0.492812
vt 0.508508 0.492812
vt 0.508508 0.500000
vt 0.500000 0.500000
vt 0.500000 0.492812
vt 0.508508 0.492812
vt 0.508508 0.500000
vt 0.500000 0.500000
vt 0.500000 0.492812
vt 0.508508 0.492812
vt 0.508508 0.500000
vt 0.500000 0.500000
vt 0.500000 0.492812
vt 0.508508 0.492812
vt 0.508508 0.500000
vt 0.500000 0.500000
vt 0.500000 0.492812
vt 0.508508 0.492812
vt 0.508508 0.500000
vt 0.500000 0.500000
vt 0.500000 0.492812
vt 0.508508 0.492812
vt 0.508508 0.500000
vt 0.500000 0.500000
vt 0.516250 0.491875
vt 0.512188 0.484839
vt 0.504062 0.484839
vt 0.500000 0.491875
vt 0.504062 0.498911
vt 0.512188 0.498911
vt 0.512188 0.498911
vt 0.504062 0.498911
vt 0.500000 0.491875
vt 0.504062 0.484839
vt 0.512188 0.484839
vt 0.516250 0.491875
vt 0.500000 0.485937
vt 0.512435 0.485937
vt 0.512435 0.500000
vt 0.500000 0.500000
vt 0.500000 0.485937
vt 0.512435 0.485937
vt 0.512435 0.500000
vt 0.500000 0.500000
vt 0.500000 0.485937
vt 0.512435 0.485937
vt 0.512435 0.500000
vt 0.500000 0.500000
vt 0.500000 0.485937
vt 0.512435 0.485937
vt 0.512435 0.500000
vt 0.500000 0.500000
vt 0.500000 0.485937
vt 0.512435 0.485937
vt 0.512435 0.500000
vt 0.500000 0.500000
vt 0.500000 0.485937
vt 0.512435 0.485937
vt 0.512435 0.500000
vt 0.500000 0.500000
vt 0.523750 0.488125
vt 0.517813 0.477841
vt 0.505938 0.477841
vt 0.500000 0.488125
vt 0.505938 0.498409
vt 0.517813 0.498409
vt 0.517813 0.498409
vt 0.505938 0.498409
vt 0.500000 0.488125
vt 0.505938 0.477841
vt 0.517813 0.477841
vt 0.523750 0.488125
vt 0.500000 0.485937
vt 0.512435 0.485937
vt 0.512435 0.500000
vt 0.500000 0.500000
vt 0.500000 0.485937
vt 0.512435 0.485937
vt 0.512435 0.500000
vt 0.500000 0.500000
vt 0.500000 0.485937
vt 0.512435 0.485937
vt 0.512435 0.500000
vt 0.500000 0.500000
vt 0.500000 0.485937
vt 0.512435 0.485937
vt 0.512435 0.500000
vt 0.500000 0.500000
vt 0.500000 0.485937
vt 0.512435 0.485937
vt 0.512435 0.500000
vt 0.500000 0.500000
vt 0.500000 0.485937
vt 0.512435 0.485937
vt 0.512435 0.500000
vt 0.500000 0.500000
vt 0.523750 0.488125
vt 0.517813 0.477841
vt 0.505938 0.477841
vt 0.500000 0.488125
vt 0.505938 0.498409
vt 0.517813 0.498409
vt 0.517813 0.498409
vt 0.505938 0.498409
vt 0.500000 0.488125
vt 0.505938 0.477841
vt 0.517813 0.477841
vt 0.523750 0.488125
vt 0.500000 0.485937
vt 0.512435 0.485937
vt 0.512435 0.500000
vt 0.500000 0.500000
vt 0.500000 0.485937
vt 0.512435 0.485937
vt 0.512435 0.500000
vt 0.500000 0.500000
vt 0.500000 0.485937
vt 0.512435 0.485937
vt 0.512435 0.500000
vt 0.500000 0.500000
vt 0.500000 0.485937
vt 0.512435 0.485937
vt 0.512435 0.500000
vt 0.500000 0.500000
vt 0.500000 0.485937
vt 0.512435 0.485937
vt 0.512435 0.500000
vt 0.500000 0.500000
vt 0.500000 0.485937
vt 0.512435 0.485937
vt 0.512435 0.500000
vt 0.500000 0.500000
vt 0.523750 0.488125
vt 0.517813 0.477841
vt 0.505938 0.477841
vt 0.500000 0.488125
vt 0.505938 0.498409
vt 0.517813 0.498409
vt 0.517813 0.498409
vt 0.505938 0.498409
vt 0.500000 0.488125
vt 0.505938 0.477841
vt 0.517813 0.477841
vt 0.523750 0.488125
vt 0.500000 0.485937
vt 0.512435 0.485937
vt 0.512435 0.500000
vt 0.500000 0.500000
vt 0.500000 0.485937
vt 0.512435 0.485937
vt 0.512435 0.500000
vt 0.500000 0.500000
vt 0.500000 0.485937
vt 0.512435 0.485937
vt 0.512435 0.500000
vt 0.500000 0.500000
vt 0.500000 0.485937
vt 0.512435 0.485937
vt 0.512435 0.500000
vt 0.500000 0.500000
vt 0.500000 0.485937
vt 0.512435 0.485937
vt 0.512435 0.500000
vt 0.500000 0.500000
vt 0.500000 0.485937
vt 0.512435 0.485937
vt 0.512435 0.500000
vt 0.500000 0.500000
vt 0.523750 0.488125
vt 0.517813 0.477841
vt 0.505938 0.477841
vt 0.500000 0.488125
vt 0.505938 0.498409
vt 0.517813 0.498409
vt 0.517813 0.498409
vt 0.505938 0.498409
vt 0.500000 0.488125
vt 0.505938 0.477841
vt 0.517813 0.477841
vt 0.523750 0.488125
vt 0.500000 0.485937
vt 0.512435 0.485937
vt 0.512435 0.500000
vt 0.500000 0.500000
vt 0.500000 0.485937
vt 0.512435 0.485937
vt 0.512435 0.500000
vt 0.500000 0.500000
vt 0.500000 0.485937
vt 0.512435 0.485937
vt 0.512435 0.500000
vt 0.500000 0.500000
vt 0.500000 0.485937
vt 0.512435 0.485937
vt 0.512435 0.500000
vt 0.500000 0.500000
vt 0.500000 0.485937
vt 0.512435 0.485937
vt 0.512435 0.500000
vt 0.500000 0.500000
vt 0.500000 0.485937
vt 0.512435 0.485937
vt 0.512435 0.500000
vt 0.500000 0.500000
vt 0.523750 0.488125
vt 0.517813 0.477841
vt 0.505938 0.477841
vt 0.500000 0.488125
vt 0.505938 0.498409
vt 0.517813 0.498409
vt 0.517813 0.498409
vt 0.505938 0.498409
vt 0.500000 0.488125
vt 0.505938 0.477841
vt 0.517813 0.477841
vt 0.523750 0.488125
vt 0.500000 0.485937
vt 0.512435 0.485937
vt 0.512435 0.500000
vt 0.500000 0.500000
vt 0.500000 0.485937
vt 0.512435 0.485937
vt 0.512435 0.500000
vt 0.500000 0.500000
vt 0.500000 0.485937
vt 0.512435 0.485937
vt 0.512435 0.500000
vt 0.500000 0.500000
vt 0.500000 0.485937
vt 0.512435 0.485937
vt 0.512435 0.500000
vt 0.500000 0.500000
vt 0.500000 0.485937
vt 0.512435 0.485937
vt 0.512435 0.500000
vt 0.500000 0.500000
vt 0.500000 0.485937
vt 0.512435 0.485937
vt 0.512435 0.500000
vt 0.500000 0.500000
vt 0.523750 0.488125
vt 0.517813 0.477841
vt 0.505938 0.477841
vt 0.500000 0.488125
vt 0.505938 0.498409
vt 0.517813 0.498409
vt 0.517813 0.498409
vt 0.505938 0.498409
vt 0.500000 0.488125
vt 0.505938 0.477841
vt 0.517813 0.477841
vt 0.523750 0.488125
vt 0.500000 0.485937
vt 0.512435 0.485937
vt 0.512435 0.500000
vt 0.500000 0.500000
vt 0.500000 0.485937
vt 0.512435 0.485937
vt 0.512435 0.500000
vt 0.500000 0.500000
vt 0.500000 0.485937
vt 0.512435 0.485937
vt 0.512435 0.500000
vt 0.500000 0.500000
vt 0.500000 0.485937
vt 0.512435 0.485937
vt 0.512435 0.500000
vt 0.500000 0.500000
vt 0.500000 0.485937
vt 0.512435 0.485937
vt 0.512435 0.500000
vt 0.500000 0.500000
vt 0.500000 0.485937
vt 0.512435 0.485937
vt 0.512435 0.500000
vt 0.500000 0.500000
vt 0.523750 0.488125
vt 0.517813 0.477841
vt 0.505938 0.477841
vt 0.500000 0.488125
vt 0.505938 0.498409
vt 0.517813 0.498409
vt 0.517813 0.498409
vt 0.505938 0.498409
vt 0.500000 0.488125
vt 0.505938 0.477841
vt 0.517813 0.477841
vt 0.523750 0.488125
vt 0.500000 0.485937
vt 0.512435 0.485937
vt 0.512435 0.500000
vt 0.500000 0.500000
vt 0.500000 0.485937
vt 0.512435 0.485937
vt 0.512435 0.500000
vt 0.500000 0.500000
vt 0.500000 0.485937
vt 0.512435 0.485937
vt 0.512435 0.500000
vt 0.500000 0.500000
vt 0.500000 0.485937
vt 0.512435 0.485937
vt 0.512435 0.500000
vt 0.500000 0.500000
vt 0.500000 0.485937
vt 0.512435 0.485937
vt 0.512435 0.500000
vt 0.500000 0.500000
vt 0.500000 0.485937
vt 0.512435 0.485937
vt 0.512435 0.500000
vt 0.500000 0.500000
vt 0.523750 0.488125
vt 0.517813 0.477841
vt 0.505938 0.477841
vt 0.500000 0.488125
vt 0.505938 0.498409
vt 0.517813 0.498409
vt 0.517813 0.498409
vt 0.505938 0.498409
vt 0.500000 0.488125
vt 0.505938 0.477841
vt 0.517813 0.477841
vt 0.523750 0.488125
vt 0.500000 0.492188
vt 0.526998 0.492188
vt 0.526998 0.500000
vt 0.500000 0.500000
vt 0.500000 0.492188
vt 0.526998 0.492188
vt 0.526998 0.500000
vt 0.500000 0.500000
vt 0.500000 0.492188
vt 0.526998 0.492188
vt 0.526998 0.500000
vt 0.500000 0.500000
vt 0.500000 0.492188
vt 0.526998 0.492188
vt 0.526998 0.500000
vt 0.500000 0.500000
vt 0.500000 0.492188
vt 0.526998 0.492188
vt 0.526998 0.500000
vt 0.500000 0.500000
vt 0.500000 0.492188
vt 0.526998 0.492188
vt 0.526998 0.500000
vt 0.500000 0.500000
vt 0.500000 0.492188
vt 0.526998 0.492188
vt 0.526998 0.500000
vt 0.500000 0.500000
vt 0.500000 0.492188
vt 0.526998 0.492188
vt 0.526998 0.500000
vt 0.500000 0.500000
vt 0.500000 0.492188
vt 0.526998 0.492188
vt 0.526998 0.500000
vt 0.500000 0.500000
vt 0.500000 0.492188
vt 0.526998 0.492188
vt 0.526998 0.500000
vt 0.500000 0.500000
vt 0.500000 0.492188
vt 0.526998 0.492188
vt 0.526998 0.500000
vt 0.500000 0.500000
vt 0.500000 0.492188
vt 0.526998 0.492188
vt 0.526998 0.500000
vt 0.500000 0.500000
vt 0.500000 0.492188
vt 0.526998 0.492188
vt 0.526998 0.500000
vt 0.500000 0.500000
vt 0.500000 0.492188
vt 0.526998 0.492188
vt 0.526998 0.500000
vt 0.500000 0.500000
vt 0.500000 0.492188
vt 0.526998 0.492188
vt 0.526998 0.500000
vt 0.500000 0.500000
vt 0.500000 0.492188
vt 0.526998 0.492188
vt 0.526998 0.500000
vt 0.500000 0.500000
vt 0.637500 0.431250
vt 0.632267 0.404941
vt 0.617364 0.382636
vt 0.595059 0.367733
vt 0.568750 0.362500
vt 0.542441 0.367733
vt 0.520136 0.382636
vt 0.505233 0.404941
vt 0.500000 0.431250
vt 0.505233 0.457559
vt 0.520136 0.479864
vt 0.542441 0.494767
vt 0.568750 0.500000
vt 0.595059 0.494767
vt 0.617364 0.479864
vt 0.632267 0.457559
vt 0.632267 0.457559
vt 0.617364 0.479864
vt 0.595059 0.494767
vt 0.568750 0.500000
vt 0.542441 0.494767
vt 0.520136 0.479864
vt 0.505233 0.457559
vt 0.500000 0.431250
vt 0.505233 0.404941
vt 0.520136 0.382636
vt 0.542441 0.367733
vt 0.568750 0.362500
vt 0.595059 0.367733
vt 0.617364 0.382636
vt 0.632267 0.404941
vt 0.637500 0.431250
vt 0.500000 0.475000
vt 0.523317 0.475000
vt 0.523317 0.500000
vt 0.500000 0.500000
vt 0.500000 0.475000
vt 0.523317 0.475000
vt 0.523317 0.500000
vt 0.500000 0.500000
vt 0.500000 0.475000
vt 0.523317 0.475000
vt 0.523317 0.500000
vt 0.500000 0.500000
vt 0.500000 0.475000
vt 0.523317 0.475000
vt 0.523317 0.500000
vt 0.500000 0.500000
vt 0.500000 0.475000
vt 0.523317 0.475000
vt 0.523317 0.500000
vt 0.500000 0.500000
vt 0.500000 0.475000
vt 0.523317 0.475000
vt 0.523317 0.500000
vt 0.500000 0.500000
vt 0.500000 0.475000
vt 0.523317 0.475000
vt 0.523317 0.500000
vt 0.500000 0.500000
vt 0.500000 0.475000
vt 0.523317 0.475000
vt 0.523317 0.500000
vt 0.500000 0.500000
vt 0.500000 0.475000
vt 0.523317 0.475000
vt 0.523317 0.500000
vt 0.500000 0.500000
vt 0.500000 0.475000
vt 0.523317 0.475000
vt 0.523317 0.500000
vt 0.500000 0.500000
vt 0.500000 0.475000
vt 0.523317 0.475000
vt 0.523317 0.500000
vt 0.500000 0.500000
vt 0.500000 0.475000
vt 0.523317 0.475000
vt 0.523317 0.500000
vt 0.500000 0.500000
vt 0.500000 0.475000
vt 0.523317 0.475000
vt 0.523317 0.500000
vt 0.500000 0.500000
vt 0.500000 0.475000
vt 0.523317 0.475000
vt 0.523317 0.500000
vt 0.500000 0.500000
vt 0.500000 0.475000
vt 0.523317 0.475000
vt 0.523317 0.500000
vt 0.500000 0.500000
vt 0.500000 0.475000
vt 0.523317 0.475000
vt 0.523317 0.500000
vt 0.500000 0.500000
vt 0.618750 0.440625
vt 0.614230 0.417903
vt 0.601359 0.398641
vt 0.582097 0.385770
vt 0.559375 0.381250
vt 0.536653 0.385770
vt 0.517391 0.398641
vt 0.504520 0.417903
vt 0.500000 0.440625
vt 0.504520 0.463347
vt 0.517391 0.482609
vt 0.536653 0.495480
vt 0.559375 0.500000
vt 0.582097 0.495480
vt 0.601359 0.482609
vt 0.614230 0.463347
vt 0.614230 0.463347
vt 0.601359 0.482609
vt 0.582097 0.495480
vt 0.559375 0.500000
vt 0.536653 0.495480
vt 0.517391 0.482609
vt 0.504520 0.463347
vt 0.500000 0.440625
vt 0.504520 0.417903
vt 0.517391 0.398641
vt 0.536653 0.385770
vt 0.559375 0.381250
vt 0.582097 0.385770
vt 0.601359 0.398641
vt 0.614230 0.417903
vt 0.618750 0.440625
vt 0.500000 0.487500
vt 0.528225 0.487500
vt 0.528225 0.500000
vt 0.500000 0.500000
vt 0.500000 0.487500
vt 0.528225 0.487500
vt 0.528225 0.500000
vt 0.500000 0.500000
vt 0.500000 0.487500
vt 0.528225 0.487500
vt 0.528225 0.500000
vt 0.500000 0.500000
vt 0.500000 0.487500
vt 0.528225 0.487500
vt 0.528225 0.500000
vt 0.500000 0.500000
vt 0.500000 0.487500
vt 0.528225 0.487500
vt 0.528225 0.500000
vt 0.500000 0.500000
vt 0.500000 0.487500
vt 0.528225 0.487500
vt 0.528225 0.500000
vt 0.500000 0.500000
vt 0.500000 0.487500
vt 0.528225 0.487500
vt 0.528225 0.500000
vt 0.500000 0.500000
vt 0.500000 0.487500
vt 0.528225 0.487500
vt 0.528225 0.500000
vt 0.500000 0.500000
vt 0.569139 0.450310
vt 0.549690 0.430861
vt 0.522185 0.430861
vt 0.502736 0.450310
vt 0.502736 0.477815
vt 0.522185 0.497264
vt 0.549690 0.497264
vt 0.569139 0.477815
vt 0.569139 0.477815
vt 0.549690 0.497264
vt 0.522185 0.497264
vt 0.502736 0.477815
vt 0.502736 0.450310
vt 0.522185 0.430861
vt 0.549690 0.430861
vt 0.569139 0.450310
vt 0.500000 0.493125
vt 0.514726 0.493125
vt 0.514726 0.500000
vt 0.500000 0.500000
vt 0.500000 0.493125
vt 0.514726 0.493125
vt 0.514726 0.500000
vt 0.500000 0.500000
vt 0.500000 0.493125
vt 0.514726 0.493125
vt 0.514726 0.500000
vt 0.500000 0.500000
vt 0.500000 0.493125
vt 0.514726 0.493125
vt 0.514726 0.500000
vt 0.500000 0.500000
vt 0.500000 0.493125
vt 0.514726 0.493125
vt 0.514726 0.500000
vt 0.500000 0.500000
vt 0.500000 0.493125
vt 0.514726 0.493125
vt 0.514726 0.500000
vt 0.500000 0.500000
vt 0.500000 0.493125
vt 0.514726 0.493125
vt 0.514726 0.500000
vt 0.500000 0.500000
vt 0.500000 0.493125
vt 0.514726 0.493125
vt 0.514726 0.500000
vt 0.500000 0.500000
vt 0.537500 0.481250
vt 0.532008 0.467992
vt 0.518750 0.462500
vt 0.505492 0.467992
vt 0.500000 0.481250
vt 0.505492 0.494508
vt 0.518750 0.500000
vt 0.532008 0.494508
vt 0.532008 0.494508
vt 0.518750 0.500000
vt 0.505492 0.494508
vt 0.500000 0.481250
vt 0.505492 0.467992
vt 0.518750 0.462500
vt 0.532008 0.467992
vt 0.537500 0.481250
vn 0.9808 0.0000 -0.1951
vn -0.9808 0.0000 0.1951
vn -0.0000 1.0000 0.0000
vn 0.0000 -1.0000 0.0000
vn 0.8315 0.0000 -0.5556
vn -0.8315 0.0000 0.5556
vn 0.0000 1.0000 0.0000
vn 0.0000 -1.0000 0.0000
vn 0.5556 0.0000 -0.8315
vn -0.5556 0.0000 0.8315
vn 0.0000 1.0000 0.0000
vn 0.0000 -1.0000 0.0000
vn 0.1951 0.0000 -0.9808
vn -0.1951 0.0000 0.9808
vn 0.0000 1.0000 0.0000
vn 0.0000 -1.0000 0.0000
vn -0.1951 0.0000 -0.9808
vn 0.1951 0.0000 0.9808
vn 0.0000 1.0000 0.0000
vn 0.0000 -1.0000 -0.0000
vn -0.5556 0.0000 -0.8315
vn 0.5556 0.0000 0.8315
vn 0.0000 1.0000 0.0000
vn 0.0000 -1.0000 -0.0000
vn -0.8315 0.0000 -0.5556
vn 0.8315 0.0000 0.5556
vn 0.0000 1.0000 0.0000
vn 0.0000 -1.0000 0.0000
vn -0.9808 0.0000 -0.1951
vn 0.9808 0.0000 0.1951
vn 0.0000 1.0000 0.0000
vn -0.0000 -1.0000 0.0000
vn -0.9808 0.0000 0.1951
vn 0.9808 0.0000 -0.1951
vn 0.0000 1.0000 0.0000
vn -0.0000 -1.0000 0.0000
vn -0.8315 0.0000 0.5556
vn 0.8315 0.0000 -0.5556
vn 0.0000 1.0000 0.0000
vn -0.0000 -1.0000 0.0000
vn -0.5556 0.0000 0.8315
vn 0.5556 0.0000 -0.8315
vn 0.0000 1.0000 -0.0000
vn 0.0000 -1.0000 0.0000
vn -0.1951 0.0000 0.9808
vn 0.1951 0.0000 -0.9808
vn 0.0000 1.0000 -0.0000
vn 0.0000 -1.0000 0.0000
vn 0.1951 0.0000 0.9808
vn -0.1951 0.0000 -0.9808
vn 0.0000 1.0000 0.0000
vn 0.0000 -1.0000 0.0000
vn 0.5556 0.0000 0.8315
vn -0.5556 0.0000 -0.8315
vn 0.0000 1.0000 0.0000
vn 0.0000 -1.0000 0.0000
vn 0.8315 0.0000 0.5556
vn -0.8315 0.0000 -0.5556
vn -0.0000 1.0000 0.0000
vn 0.0000 -1.0000 0.0000
vn 0.9808 0.0000 0.1951
vn -0.9808 0.0000 -0.1951
vn -0.0000 1.0000 0.0000
vn 0.0000 -1.0000 0.0000
vn 0.9808 0.0000 -0.1951
vn -0.9808 0.0000 0.1951
vn -0.0000 1.0000 0.0000
vn 0.0000 -1.0000 0.0000
vn 0.8315 0.0000 -0.5556
vn -0.8315 0.0000 0.5556
vn 0.0000 1.0000 0.0000
vn 0.0000 -1.0000 0.0000
vn 0.5556 0.0000 -0.8315
vn -0.5556 0.0000 0.8315
vn 0.0000 1.0000 0.0000
vn 0.0000 -1.0000 0.0000
vn 0.1951 0.0000 -0.9808
vn -0.1951 0.0000 0.9808
vn 0.0000 1.0000 0.0000
vn 0.0000 -1.0000 0.0000
vn -0.1951 0.0000 -0.9808
vn 0.1951 0.0000 0.9808
vn 0.0000 1.0000 0.0000
vn 0.0000 -1.0000 -0.0000
vn -0.5556 0.0000 -0.8315
vn 0.5556 0.0000 0.8315
vn 0.0000 1.0000 0.0000
vn 0.0000 -1.0000 -0.0000
vn -0.8315 0.0000 -0.5556
vn 0.8315 0.0000 0.5556
vn 0.0000 1.0000 0.0000
vn 0.0000 -1.0000 -0.0000
vn -0.9808 0.0000 -0.1951
vn 0.9808 0.0000 0.1951
vn 0.0000 1.0000 0.0000
vn 0.0000 -1.0000 -0.0000
vn -0.9808 0.0000 0.1951
vn 0.9808 0.0000 -0.1951
vn 0.0000 1.0000 -0.0000
vn -0.0000 -1.0000 0.0000
vn -0.8315 0.0000 0.5556
vn 0.8315 0.0000 -0.5556
vn 0.0000 1.0000 -0.0000
vn -0.0000 -1.0000 0.0000
vn -0.5556 0.0000 0.8315
vn 0.5556 0.0000 -0.8315
vn 0.0000 1.0000 -0.0000
vn -0.0000 -1.0000 0.0000
vn -0.1951 0.0000 0.9808
vn 0.1951 0.0000 -0.9808
vn 0.0000 1.0000 -0.0000
vn -0.0000 -1.0000 0.0000
vn 0.1951 0.0000 0.9808
vn -0.1951 0.0000 -0.9808
vn -0.0000 1.0000 -0.0000
vn 0.0000 -1.0000 0.0000
vn 0.5556 0.0000 0.8315
vn -0.5556 0.0000 -0.8315
vn -0.0000 1.0000 0.0000
vn 0.0000 -1.0000 0.0000
vn 0.8315 0.0000 0.5556
vn -0.8315 0.0000 -0.5556
vn -0.0000 1.0000 0.0000
vn 0.0000 -1.0000 0.0000
vn 0.9808 0.0000 0.1951
vn -0.9808 0.0000 -0.1951
vn -0.0000 1.0000 0.0000
vn 0.0000 -1.0000 0.0000
vn 0.9808 0.0000 -0.1951
vn -0.9808 0.0000 0.1951
vn -0.0000 1.0000 0.0000
vn 0.0000 -1.0000 0.0000
vn 0.8315 0.0000 -0.5556
vn -0.8315 0.0000 0.5556
vn 0.0000 1.0000 0.0000
vn 0.0000 -1.0000 0.0000
vn 0.5556 0.0000 -0.8315
vn -0.5556 0.0000 0.8315
vn 0.0000 1.0000 0.0000
vn 0.0000 -1.0000 0.0000
vn 0.1951 0.0000 -0.9808
vn -0.1951 0.0000 0.9808
vn 0.0000 1.0000 0.0000
vn 0.0000 -1.0000 0.0000
vn -0.1951 0.0000 -0.9808
vn 0.1951 0.0000 0.9808
vn 0.0000 1.0000 0.0000
vn 0.0000 -1.0000 -0.0000
vn -0.5556 0.0000 -0.8315
vn 0.5556 0.0000 0.8315
vn 0.0000 1.0000 0.0000
vn 0.0000 -1.0000 -0.0000
vn -0.8315 0.0000 -0.5556
vn 0.8315 0.0000 0.5556
vn 0.0000 1.0000 0.0000
vn 0.0000 -1.0000 -0.0000
vn -0.9808 0.0000 -0.1951
vn 0.9808 0.0000 0.1951
vn 0.0000 1.0000 0.0000
vn -0.0000 -1.0000 0.0000
vn -0.9808 0.0000 0.1951
vn 0.9808 0.0000 -0.1951
vn 0.0000 1.0000 0.0000
vn -0.0000 -1.0000 0.0000
vn -0.8315 0.0000 0.5556
vn 0.8315 0.0000 -0.5556
vn 0.0000 1.0000 -0.0000
vn -0.0000 -1.0000 0.0000
vn -0.5556 0.0000 0.8315
vn 0.5556 0.0000 -0.8315
vn 0.0000 1.0000 -0.0000
vn -0.0000 -1.0000 0.0000
vn -0.1951 0.0000 0.9808
vn 0.1951 0.0000 -0.9808
vn 0.0000 1.0000 -0.0000
vn 0.0000 -1.0000 0.0000
vn 0.1951 0.0000 0.9808
vn -0.1951 0.0000 -0.9808
vn 0.0000 1.0000 0.0000
vn 0.0000 -1.0000 0.0000
vn 0.5556 0.0000 0.8315
vn -0.5556 0.0000 -0.8315
vn -0.0000 1.0000 0.0000
vn 0.0000 -1.0000 0.0000
vn 0.8315 0.0000 0.5556
vn -0.8315 0.0000 -0.5556
vn -0.0000 1.0000 0.0000
vn 0.0000 -1.0000 0.0000
vn 0.9808 0.0000 0.1951
vn -0.9808 0.0000 -0.1951
vn -0.0000 1.0000 0.0000
vn 0.0000 -1.0000 0.0000
vn 0.9808 0.0000 -0.1951
vn -0.9808 0.0000 0.1951
vn -0.0000 1.0000 0.0000
vn 0.0000 -1.0000 0.0000
vn 0.8315 0.0000 -0.5556
vn -0.8315 0.0000 0.5556
vn 0.0000 1.0000 0.0000
vn 0.0000 -1.0000 0.0000
vn 0.5556 0.0000 -0.8315
vn -0.5556 0.0000 0.8315
vn 0.0000 1.0000 0.0000
vn 0.0000 -1.0000 0.0000
vn 0.1951 0.0000 -0.9808
vn -0.1951 0.0000 0.9808
vn 0.0000 1.0000 0.0000
vn 0.0000 -1.0000 0.0000
vn -0.1951 0.0000 -0.9808
vn 0.1951 0.0000 0.9808
vn 0.0000 1.0000 0.0000
vn 0.0000 -1.0000 -0.0000
vn -0.5556 0.0000 -0.8315
vn 0.5556 0.0000 0.8315
vn 0.0000 1.0000 0.0000
vn 0.0000 -1.0000 -0.0000
vn -0.8315 0.0000 -0.5556
vn 0.8315 0.0000 0.5556
vn 0.0000 1.0000 0.0000
vn 0.0000 -1.0000 -0.0000
vn -0.9808 0.0000 -0.1951
vn 0.9808 0.0000 0.1951
vn 0.0000 1.0000 0.0000
vn -0.0000 -1.0000 0.0000
vn -0.9808 0.0000 0.1951
vn 0.9808 0.0000 -0.1951
vn 0.0000 1.0000 0.0000
vn -0.0000 -1.0000 0.0000
vn -0.8315 0.0000 0.5556
vn 0.8315 0.0000 -0.5556
vn 0.0000 1.0000 -0.0000
vn -0.0000 -1.0000 0.0000
vn -0.5556 0.0000 0.8315
vn 0.5556 0.0000 -0.8315
vn 0.0000 1.0000 -0.0000
vn -0.0000 -1.0000 0.0000
vn -0.1951 0.0000 0.9808
vn 0.1951 0.0000 -0.9808
vn 0.0000 1.0000 -0.0000
vn 0.0000 -1.0000 0.0000
vn 0.1951 0.0000 0.9808
vn -0.1951 0.0000 -0.9808
vn 0.0000 1.0000 0.0000
vn 0.0000 -1.0000 0.0000
vn 0.5556 0.0000 0.8315
vn -0.5556 0.0000 -0.8315
vn -0.0000 1.0000 0.0000
vn 0.0000 -1.0000 0.0000
vn 0.8315 0.0000 0.5556
vn -0.8315 0.0000 -0.5556
vn -0.0000 1.0000 0.0000
vn 0.0000 -1.0000 0.0000
vn 0.9808 0.0000 0.1951
vn -0.9808 0.0000 -0.1951
vn -0.0000 1.0000 0.0000
vn 0.0000 -1.0000 0.0000
vn 0.0000 -1.0000 0.0000
vn -0.0000 1.0000 0.0000
vn 0.0000 0.0000 1.0000
vn 0.0000 0.0000 -1.0000
vn -1.0000 0.0000 0.0000
vn 1.0000 0.0000 0.0000
vn 0.0000 -1.0000 -0.0000
vn 0.0000 1.0000 0.0000
vn 0.3827 0.0000 0.9239
vn -0.3827 0.0000 -0.9239
vn -0.9239 0.0000 0.3827
vn 0.9239 0.0000 -0.3827
vn 0.0000 -1.0000 -0.0000
vn 0.0000 1.0000 0.0000
vn 0.7071 0.0000 0.7071
vn -0.7071 0.0000 -0.7071
vn -0.7071 0.0000 0.7071
vn 0.7071 0.0000 -0.7071
vn 0.0000 -1.0000 -0.0000
vn 0.0000 1.0000 0.0000
vn 0.9239 0.0000 0.3827
vn -0.9239 0.0000 -0.3827
vn -0.3827 0.0000 0.9239
vn 0.3827 0.0000 -0.9239
vn -0.0000 -1.0000 0.0000
vn 0.0000 1.0000 0.0000
vn 1.0000 0.0000 0.0000
vn -1.0000 0.0000 0.0000
vn 0.0000 -0.0000 1.0000
vn 0.0000 0.0000 -1.0000
vn -0.0000 -1.0000 0.0000
vn 0.0000 1.0000 0.0000
vn 0.9239 0.0000 -0.3827
vn -0.9239 0.0000 0.3827
vn 0.3827 -0.0000 0.9239
vn -0.3827 0.0000 -0.9239
vn -0.0000 -1.0000 0.0000
vn 0.0000 1.0000 0.0000
vn 0.7071 0.0000 -0.7071
vn -0.7071 0.0000 0.7071
vn 0.7071 -0.0000 0.7071
vn -0.7071 0.0000 -0.7071
vn -0.0000 -1.0000 0.0000
vn 0.0000 1.0000 0.0000
vn 0.3827 0.0000 -0.9239
vn -0.3827 0.0000 0.9239
vn 0.9239 -0.0000 0.3827
vn -0.9239 0.0000 -0.3827
vn 0.0000 -1.0000 0.0000
vn 0.0000 1.0000 0.0000
vn 0.0000 0.0000 -1.0000
vn 0.0000 -0.0000 1.0000
vn 1.0000 -0.0000 0.0000
vn -1.0000 0.0000 0.0000
vn 0.0000 -1.0000 0.0000
vn 0.0000 1.0000 0.0000
vn -0.3827 0.0000 -0.9239
vn 0.3827 -0.0000 0.9239
vn 0.9239 0.0000 -0.3827
vn -0.9239 0.0000 0.3827
vn 0.0000 -1.0000 0.0000
vn 0.0000 1.0000 0.0000
vn -0.7071 0.0000 -0.7071
vn 0.7071 -0.0000 0.7071
vn 0.7071 0.0000 -0.7071
vn -0.7071 0.0000 0.7071
vn 0.0000 -1.0000 0.0000
vn 0.0000 1.0000 0.0000
vn -0.9239 0.0000 -0.3827
vn 0.9239 -0.0000 0.3827
vn 0.3827 0.0000 -0.9239
vn -0.3827 0.0000 0.9239
vn 0.0000 -1.0000 0.0000
vn 0.0000 1.0000 0.0000
vn -1.0000 0.0000 0.0000
vn 1.0000 0.0000 0.0000
vn 0.0000 0.0000 -1.0000
vn 0.0000 0.0000 1.0000
vn 0.0000 -1.0000 0.0000
vn 0.0000 1.0000 0.0000
vn -0.9239 0.0000 0.3827
vn 0.9239 0.0000 -0.3827
vn -0.3827 0.0000 -0.9239
vn 0.3827 0.0000 0.9239
vn 0.0000 -1.0000 0.0000
vn 0.0000 1.0000 0.0000
vn -0.7071 0.0000 0.7071
vn 0.7071 0.0000 -0.7071
vn -0.7071 0.0000 -0.7071
vn 0.7071 0.0000 0.7071
vn 0.0000 -1.0000 0.0000
vn 0.0000 1.0000 0.0000
vn -0.3827 0.0000 0.9239
vn 0.3827 0.0000 -0.9239
vn -0.9239 0.0000 -0.3827
vn 0.9239 0.0000 0.3827
vn 0.9808 0.0000 -0.1951
vn -0.9808 0.0000 0.1951
vn -0.0000 1.0000 0.0000
vn 0.0000 -1.0000 0.0000
vn 0.8315 0.0000 -0.5556
vn -0.8315 0.0000 0.5556
vn 0.0000 1.0000 0.0000
vn 0.0000 -1.0000 0.0000
vn 0.5556 0.0000 -0.8315
vn -0.5556 0.0000 0.8315
vn 0.0000 1.0000 0.0000
vn 0.0000 -1.0000 0.0000
vn 0.1951 0.0000 -0.9808
vn -0.1951 0.0000 0.9808
vn 0.0000 1.0000 0.0000
vn 0.0000 -1.0000 0.0000
vn -0.1951 0.0000 -0.9808
vn 0.1951 0.0000 0.9808
vn 0.0000 1.0000 0.0000
vn 0.0000 -1.0000 -0.0000
vn -0.5556 0.0000 -0.8315
vn 0.5556 0.0000 0.8315
vn 0.0000 1.0000 0.0000
vn 0.0000 -1.0000 -0.0000
vn -0.8315 0.0000 -0.5556
vn 0.8315 0.0000 0.5556
vn 0.0000 1.0000 0.0000
vn 0.0000 -1.0000 0.0000
vn -0.9808 0.0000 -0.1951
vn 0.9808 0.0000 0.1951
vn 0.0000 1.0000 0.0000
vn -0.0000 -1.0000 0.0000
vn -0.9808 0.0000 0.1951
vn 0.9808 0.0000 -0.1951
vn 0.0000 1.0000 0.0000
vn -0.0000 -1.0000 0.0000
vn -0.8315 0.0000 0.5556
vn 0.8315 0.0000 -0.5556
vn 0.0000 1.0000 0.0000
vn -0.0000 -1.0000 0.0000
vn -0.5556 0.0000 0.8315
vn 0.5556 0.0000 -0.8315
vn 0.0000 1.0000 -0.0000
vn 0.0000 -1.0000 0.0000
vn -0.1951 0.0000 0.9808
vn 0.1951 0.0000 -0.9808
vn 0.0000 1.0000 -0.0000
vn 0.0000 -1.0000 0.0000
vn 0.1951 0.0000 0.9808
vn -0.1951 0.0000 -0.9808
vn 0.0000 1.0000 0.0000
vn 0.0000 -1.0000 0.0000
vn 0.5556 0.0000 0.8315
vn -0.5556 0.0000 -0.8315
vn 0.0000 1.0000 0.0000
vn 0.0000 -1.0000 0.0000
vn 0.8315 0.0000 0.5556
vn -0.8315 0.0000 -0.5556
vn -0.0000 1.0000 0.0000
vn 0.0000 -1.0000 0.0000
vn 0.9808 0.0000 0.1951
vn -0.9808 0.0000 -0.1951
vn -0.0000 1.0000 0.0000
vn 0.0000 -1.0000 0.0000
vn 0.9808 0.0000 -0.1951
vn -0.9808 0.0000 0.1951
vn -0.0000 1.0000 0.0000
vn 0.0000 -1.0000 0.0000
vn 0.8315 0.0000 -0.5556
vn -0.8315 0.0000 0.5556
vn 0.0000 1.0000 0.0000
vn 0.0000 -1.0000 0.0000
vn 0.5556 0.0000 -0.8315
vn -0.5556 0.0000 0.8315
vn 0.0000 1.0000 0.0000
vn 0.0000 -1.0000 0.0000
vn 0.1951 0.0000 -0.9808
vn -0.1951 0.0000 0.9808
vn 0.0000 1.0000 0.0000
vn 0.0000 -1.0000 0.0000
vn -0.1951 0.0000 -0.9808
vn 0.1951 0.0000 0.9808
vn 0.0000 1.0000 0.0000
vn 0.0000 -1.0000 -0.0000
vn -0.5556 0.0000 -0.8315
vn 0.5556 0.0000 0.8315
vn 0.0000 1.0000 0.0000
vn 0.0000 -1.0000 -0.0000
vn -0.8315 0.0000 -0.5556
vn 0.8315 0.0000 0.5556
vn 0.0000 1.0000 0.0000
vn 0.0000 -1.0000 -0.0000
vn -0.9808 0.0000 -0.1951
vn 0.9808 0.0000 0.1951
vn 0.0000 1.0000 0.0000
vn -0.0000 -1.0000 0.0000
vn -0.9808 0.0000 0.1951
vn 0.9808 0.0000 -0.1951
vn 0.0000 1.0000 0.0000
vn -0.0000 -1.0000 0.0000
vn -0.8315 0.0000 0.5556
vn 0.8315 0.0000 -0.5556
vn 0.0000 1.0000 -0.0000
vn -0.0000 -1.0000 0.0000
vn -0.5556 0.0000 0.8315
vn 0.5556 0.0000 -0.8315
vn 0.0000 1.0000 -0.0000
vn -0.0000 -1.0000 0.0000
vn -0.1951 0.0000 0.9808
vn 0.1951 0.0000 -0.9808
vn 0.0000 1.0000 -0.0000
vn 0.0000 -1.0000 0.0000
vn 0.1951 0.0000 0.9808
vn -0.1951 0.0000 -0.9808
vn 0.0000 1.0000 0.0000
vn 0.0000 -1.0000 0.0000
vn 0.5556 0.0000 0.8315
vn -0.5556 0.0000 -0.8315
vn -0.0000 1.0000 0.0000
vn 0.0000 -1.0000 0.0000
vn 0.8315 0.0000 0.5556
vn -0.8315 0.0000 -0.5556
vn -0.0000 1.0000 0.0000
vn 0.0000 -1.0000 0.0000
vn 0.9808 0.0000 0.1951
vn -0.9808 0.0000 -0.1951
vn -0.0000 1.0000 0.0000
vn 0.0000 -1.0000 0.0000
vn 0.9808 0.0000 -0.1951
vn 0.8315 0.0000 -0.5556
vn 0.5556 0.0000 -0.8315
vn 0.1951 0.0000 -0.9808
vn -0.1951 0.0000 -0.9808
vn -0.5556 0.0000 -0.8315
vn -0.8315 0.0000 -0.5556
vn -0.9808 0.0000 -0.1951
vn -0.9808 0.0000 0.1951
vn -0.8315 0.0000 0.5556
vn -0.5556 0.0000 0.8315
vn -0.1951 0.0000 0.9808
vn 0.1951 0.0000 0.9808
vn 0.5556 0.0000 0.8315
vn 0.8315 0.0000 0.5556
vn 0.9808 0.0000 0.1951
vn 0.0000 1.0000 0.0000
vn 0.0000 1.0000 0.0000
vn 0.0000 1.0000 0.0000
vn 0.0000 1.0000 0.0000
vn 0.0000 1.0000 0.0000
vn 0.0000 1.0000 0.0000
vn 0.0000 1.0000 0.0000
vn 0.0000 -1.0000 0.0000
vn 0.0000 -1.0000 0.0000
vn -0.0000 -1.0000 0.0000
vn 0.0000 -1.0000 0.0000
vn 0.0000 -1.0000 0.0000
vn 0.0000 -1.0000 0.0000
vn 0.0000 -1.0000 -0.0000
vn 0.9808 0.0000 -0.1951
vn -0.9808 0.0000 0.1951
vn -0.0000 1.0000 0.0000
vn 0.0000 -1.0000 0.0000
vn 0.8315 0.0000 -0.5556
vn -0.8315 0.0000 0.5556
vn 0.0000 1.0000 0.0000
vn 0.0000 -1.0000 0.0000
vn 0.5556 0.0000 -0.8315
vn -0.5556 0.0000 0.8315
vn 0.0000 1.0000 0.0000
vn 0.0000 -1.0000 0.0000
vn 0.1951 0.0000 -0.9808
vn -0.1951 0.0000 0.9808
vn 0.0000 1.0000 0.0000
vn 0.0000 -1.0000 0.0000
vn -0.1951 0.0000 -0.9808
vn 0.1951 0.0000 0.9808
vn 0.0000 1.0000 0.0000
vn 0.0000 -1.0000 -0.0000
vn -0.5556 0.0000 -0.8315
vn 0.5556 0.0000 0.8315
vn 0.0000 1.0000 0.0000
vn 0.0000 -1.0000 0.0000
vn -0.8315 0.0000 -0.5556
vn 0.8315 0.0000 0.5556
vn 0.0000 1.0000 0.0000
vn 0.0000 -1.0000 0.0000
vn -0.9808 0.0000 -0.1951
vn 0.9808 0.0000 0.1951
vn 0.0000 1.0000 0.0000
vn -0.0000 -1.0000 0.0000
vn -0.9808 0.0000 0.1951
vn 0.9808 0.0000 -0.1951
vn 0.0000 1.0000 0.0000
vn -0.0000 -1.0000 0.0000
vn -0.8315 0.0000 0.5556
vn 0.8315 0.0000 -0.5556
vn 0.0000 1.0000 0.0000
vn 0.0000 -1.0000 0.0000
vn -0.5556 0.0000 0.8315
vn 0.5556 0.0000 -0.8315
vn 0.0000 1.0000 0.0000
vn 0.0000 -1.0000 0.0000
vn -0.1951 0.0000 0.9808
vn 0.1951 0.0000 -0.9808
vn 0.0000 1.0000 -0.0000
vn 0.0000 -1.0000 0.0000
vn 0.1951 0.0000 0.9808
vn -0.1951 0.0000 -0.9808
vn 0.0000 1.0000 -0.0000
vn 0.0000 -1.0000 0.0000
vn 0.5556 0.0000 0.8315
vn -0.5556 0.0000 -0.8315
vn 0.0000 1.0000 0.0000
vn 0.0000 -1.0000 0.0000
vn 0.8315 0.0000 0.5556
vn -0.8315 0.0000 -0.5556
vn 0.0000 1.0000 0.0000
vn 0.0000 -1.0000 0.0000
vn 0.9808 0.0000 0.1951
vn -0.9808 0.0000 -0.1951
vn -0.0000 1.0000 0.0000
vn 0.0000 -1.0000 0.0000
vn 0.9808 0.0000 -0.1951
vn 0.8315 0.0000 -0.5556
vn 0.5556 0.0000 -0.8315
vn 0.1951 0.0000 -0.9808
vn -0.1951 0.0000 -0.9808
vn -0.5556 0.0000 -0.8315
vn -0.8315 0.0000 -0.5556
vn -0.9808 0.0000 -0.1951
vn -0.9808 0.0000 0.1951
vn -0.8315 0.0000 0.5556
vn -0.5556 0.0000 0.8315
vn -0.1951 0.0000 0.9808
vn 0.1951 0.0000 0.9808
vn 0.5556 0.0000 0.8315
vn 0.8315 0.0000 0.5556
vn 0.9808 0.0000 0.1951
vn 0.0000 1.0000 0.0000
vn 0.0000 1.0000 0.0000
vn 0.0000 1.0000 0.0000
vn 0.0000 1.0000 0.0000
vn 0.0000 1.0000 0.0000
vn 0.0000 1.0000 0.0000
vn 0.0000 1.0000 0.0000
vn 0.0000 -1.0000 0.0000
vn 0.0000 -1.0000 0.0000
vn -0.0000 -1.0000 0.0000
vn 0.0000 -1.0000 0.0000
vn 0.0000 -1.0000 0.0000
vn 0.0000 -1.0000 0.0000
vn 0.0000 -1.0000 -0.0000
vn 0.7071 0.0000 -0.7071
vn 0.0000 0.0000 -1.0000
vn -0.7071 0.0000 -0.7071
vn -1.0000 0.0000 -0.0000
vn -0.7071 0.0000 0.7071
vn 0.0000 0.0000 1.0000
vn 0.7071 0.0000 0.7071
vn 1.0000 0.0000 0.0000
vn 0.0000 1.0000 0.0000
vn 0.0000 1.0000 0.0000
vn 0.0000 1.0000 0.0000
vn 0.0000 -1.0000 0.0000
vn 0.0000 -1.0000 0.0000
vn 0.0000 -1.0000 0.0000
vn 0.8660 0.0000 -0.5000
vn 0.0000 0.0000 -1.0000
vn -0.8660 0.0000 -0.5000
vn -0.8660 0.0000 0.5000
vn 0.0000 0.0000 1.0000
vn 0.8660 0.0000 0.5000
vn 0.0000 1.0000 0.0000
vn 0.0000 1.0000 0.0000
vn -0.0000 -1.0000 0.0000
vn 0.0000 -1.0000 -0.0000
vn 0.8660 0.0000 -0.5000
vn 0.0000 0.0000 -1.0000
vn -0.8660 0.0000 -0.5000
vn -0.8660 0.0000 0.5000
vn 0.0000 0.0000 1.0000
vn 0.8660 0.0000 0.5000
vn 0.0000 1.0000 0.0000
vn 0.0000 1.0000 0.0000
vn -0.0000 -1.0000 0.0000
vn 0.0000 -1.0000 -0.0000
vn 0.8660 0.0000 -0.5000
vn 0.0000 0.0000 -1.0000
vn -0.8660 0.0000 -0.5000
vn -0.8660 0.0000 0.5000
vn 0.0000 0.0000 1.0000
vn 0.8660 0.0000 0.5000
vn 0.0000 1.0000 0.0000
vn 0.0000 1.0000 0.0000
vn -0.0000 -1.0000 0.0000
vn 0.0000 -1.0000 -0.0000
vn 0.8660 0.0000 -0.5000
vn 0.0000 0.0000 -1.0000
vn -0.8660 0.0000 -0.5000
vn -0.8660 0.0000 0.5000
vn 0.0000 0.0000 1.0000
vn 0.8660 0.0000 0.5000
vn 0.0000 1.0000 0.0000
vn 0.0000 1.0000 0.0000
vn -0.0000 -1.0000 0.0000
vn 0.0000 -1.0000 -0.0000
vn 0.8660 0.0000 -0.5000
vn 0.0000 0.0000 -1.0000
vn -0.8660 0.0000 -0.5000
vn -0.8660 0.0000 0.5000
vn 0.0000 0.0000 1.0000
vn 0.8660 0.0000 0.5000
vn 0.0000 1.0000 0.0000
vn 0.0000 1.0000 0.0000
vn -0.0000 -1.0000 0.0000
vn 0.0000 -1.0000 -0.0000
vn 0.8660 0.0000 -0.5000
vn 0.0000 0.0000 -1.0000
vn -0.8660 0.0000 -0.5000
vn -0.8660 0.0000 0.5000
vn 0.0000 0.0000 1.0000
vn 0.8660 0.0000 0.5000
vn 0.0000 1.0000 0.0000
vn 0.0000 1.0000 0.0000
vn -0.0000 -1.0000 0.0000
vn 0.0000 -1.0000 -0.0000
vn 0.8660 0.0000 -0.5000
vn 0.0000 0.0000 -1.0000
vn -0.8660 0.0000 -0.5000
vn -0.8660 0.0000 0.5000
vn 0.0000 0.0000 1.0000
vn 0.8660 0.0000 0.5000
vn 0.0000 1.0000 0.0000
vn 0.0000 1.0000 0.0000
vn -0.0000 -1.0000 0.0000
vn 0.0000 -1.0000 -0.0000
vn 0.8660 0.0000 -0.5000
vn 0.0000 0.0000 -1.0000
vn -0.8660 0.0000 -0.5000
vn -0.8660 0.0000 0.5000
vn 0.0000 0.0000 1.0000
vn 0.8660 0.0000 0.5000
vn 0.0000 1.0000 0.0000
vn 0.0000 1.0000 0.0000
vn -0.0000 -1.0000 0.0000
vn 0.0000 -1.0000 -0.0000
vn 0.8660 0.0000 -0.5000
vn 0.0000 0.0000 -1.0000
vn -0.8660 0.0000 -0.5000
vn -0.8660 0.0000 0.5000
vn 0.0000 0.0000 1.0000
vn 0.8660 0.0000 0.5000
vn 0.0000 1.0000 0.0000
vn 0.0000 1.0000 0.0000
vn -0.0000 -1.0000 0.0000
vn 0.0000 -1.0000 -0.0000
vn 0.8660 0.0000 -0.5000
vn 0.0000 0.0000 -1.0000
vn -0.8660 0.0000 -0.5000
vn -0.8660 0.0000 0.5000
vn 0.0000 0.0000 1.0000
vn 0.8660 0.0000 0.5000
vn 0.0000 1.0000 0.0000
vn 0.0000 1.0000 0.0000
vn -0.0000 -1.0000 0.0000
vn 0.0000 -1.0000 -0.0000
vn 0.8660 0.0000 -0.5000
vn 0.0000 0.0000 -1.0000
vn -0.8660 0.0000 -0.5000
vn -0.8660 0.0000 0.5000
vn 0.0000 0.0000 1.0000
vn 0.8660 0.0000 0.5000
vn 0.0000 1.0000 0.0000
vn 0.0000 1.0000 0.0000
vn -0.0000 -1.0000 0.0000
vn 0.0000 -1.0000 -0.0000
vn 0.8660 0.0000 -0.5000
vn 0.0000 0.0000 -1.0000
vn -0.8660 0.0000 -0.5000
vn -0.8660 0.0000 0.5000
vn 0.0000 0.0000 1.0000
vn 0.8660 0.0000 0.5000
vn 0.0000 1.0000 0.0000
vn 0.0000 1.0000 0.0000
vn -0.0000 -1.0000 0.0000
vn 0.0000 -1.0000 -0.0000
vn 0.8660 0.0000 -0.5000
vn 0.0000 0.0000 -1.0000
vn -0.8660 0.0000 -0.5000
vn -0.8660 0.0000 0.5000
vn 0.0000 0.0000 1.0000
vn 0.8660 0.0000 0.5000
vn 0.0000 1.0000 0.0000
vn 0.0000 1.0000 0.0000
vn -0.0000 -1.0000 0.0000
vn 0.0000 -1.0000 -0.0000
vn 0.8660 0.0000 -0.5000
vn 0.0000 0.0000 -1.0000
vn -0.8660 0.0000 -0.5000
vn -0.8660 0.0000 0.5000
vn 0.0000 0.0000 1.0000
vn 0.8660 0.0000 0.5000
vn 0.0000 1.0000 0.0000
vn 0.0000 1.0000 0.0000
vn -0.0000 -1.0000 0.0000
vn 0.0000 -1.0000 -0.0000
vn 0.9808 0.0000 -0.1951
vn 0.8315 0.0000 -0.5556
vn 0.5556 0.0000 -0.8315
vn 0.1951 0.0000 -0.9808
vn -0.1951 0.0000 -0.9808
vn -0.5556 0.0000 -0.8315
vn -0.8315 0.0000 -0.5556
vn -0.9808 0.0000 -0.1951
vn -0.9808 0.0000 0.1951
vn -0.8315 0.0000 0.5556
vn -0.5556 0.0000 0.8315
vn -0.1951 0.0000 0.9808
vn 0.1951 0.0000 0.9808
vn 0.5556 0.0000 0.8315
vn 0.8315 0.0000 0.5556
vn 0.9808 0.0000 0.1951
vn 0.0000 1.0000 0.0000
vn 0.0000 1.0000 0.0000
vn 0.0000 1.0000 0.0000
vn 0.0000 1.0000 0.0000
vn 0.0000 1.0000 0.0000
vn 0.0000 1.0000 0.0000
vn 0.0000 1.0000 0.0000
vn 0.0000 -1.0000 0.0000
vn 0.0000 -1.0000 0.0000
vn -0.0000 -1.0000 0.0000
vn 0.0000 -1.0000 0.0000
vn 0.0000 -1.0000 0.0000
vn 0.0000 -1.0000 0.0000
vn 0.0000 -1.0000 -0.0000
vn 0.9808 0.0000 -0.1951
vn 0.8315 0.0000 -0.5556
vn 0.5556 0.0000 -0.8315
vn 0.1951 0.0000 -0.9808
vn -0.1951 0.0000 -0.9808
vn -0.5556 0.0000 -0.8315
vn -0.8315 0.0000 -0.5556
vn -0.9808 0.0000 -0.1951
vn -0.9808 0.0000 0.1951
vn -0.8315 0.0000 0.5556
vn -0.5556 0.0000 0.8315
vn -0.1951 0.0000 0.9808
vn 0.1951 0.0000 0.9808
vn 0.5556 0.0000 0.8315
vn 0.8315 0.0000 0.5556
vn 0.9808 0.0000 0.1951
vn 0.0000 1.0000 0.0000
vn 0.0000 1.0000 0.0000
vn 0.0000 1.0000 0.0000
vn 0.0000 1.0000 0.0000
vn 0.0000 1.0000 0.0000
vn 0.0000 1.0000 0.0000
vn 0.0000 1.0000 0.0000
vn 0.0000 -1.0000 0.0000
vn 0.0000 -1.0000 0.0000
vn -0.0000 -1.0000 0.0000
vn 0.0000 -1.0000 0.0000
vn 0.0000 -1.0000 0.0000
vn 0.0000 -1.0000 0.0000
vn 0.0000 -1.0000 -0.0000
vn 0.7071 0.0000 -0.7071
vn 0.0000 0.0000 -1.0000
vn -0.7071 0.0000 -0.7071
vn -1.0000 0.0000 0.0000
vn -0.7071 0.0000 0.7071
vn 0.0000 0.0000 1.0000
vn 0.7071 0.0000 0.7071
vn 1.0000 0.0000 0.0000
vn 0.0000 1.0000 0.0000
vn 0.0000 1.0000 0.0000
vn 0.0000 1.0000 0.0000
vn 0.0000 -1.0000 0.0000
vn -0.0000 -1.0000 0.0000
vn 0.0000 -1.0000 0.0000
vn 0.9239 0.0000 -0.3827
vn 0.3827 0.0000 -0.9239
vn -0.3827 0.0000 -0.9239
vn -0.9239 0.0000 -0.3827
vn -0.9239 0.0000 0.3827
vn -0.3827 0.0000 0.9239
vn 0.3827 0.0000 0.9239
vn 0.9239 0.0000 0.3827
vn 0.0000 1.0000 0.0000
vn 0.0000 1.0000 0.0000
vn 0.0000 1.0000 0.0000
vn 0.0000 -1.0000 0.0000
vn 0.0000 -1.0000 0.0000
vn 0.0000 -1.0000 -0.0000
usemtl m_tire_0
g tyre_carcass
f 1/1/1 2/2/1 3/3/1 4/4/1
f 5/5/2 6/6/2 7/7/2 8/8/2
f 9/9/3 10/10/3 11/11/3 12/12/3
f 13/13/4 14/14/4 15/15/4 16/16/4
f 17/17/5 18/18/5 19/19/5 20/20/5
f 21/21/6 22/22/6 23/23/6 24/24/6
f 25/25/7 26/26/7 27/27/7 28/28/7
f 29/29/8 30/30/8 31/31/8 32/32/8
f 33/33/9 34/34/9 35/35/9 36/36/9
f 37/37/10 38/38/10 39/39/10 40/40/10
f 41/41/11 42/42/11 43/43/11 44/44/11
f 45/45/12 46/46/12 47/47/12 48/48/12
f 49/49/13 50/50/13 51/51/13 52/52/13
f 53/53/14 54/54/14 55/55/14 56/56/14
f 57/57/15 58/58/15 59/59/15 60/60/15
f 61/61/16 62/62/16 63/63/16 64/64/16
f 65/65/17 66/66/17 67/67/17 68/68/17
f 69/69/18 70/70/18 71/71/18 72/72/18
f 73/73/19 74/74/19 75/75/19 76/76/19
f 77/77/20 78/78/20 79/79/20 80/80/20
f 81/81/21 82/82/21 83/83/21 84/84/21
f 85/85/22 86/86/22 87/87/22 88/88/22
f 89/89/23 90/90/23 91/91/23 92/92/23
f 93/93/24 94/94/24 95/95/24 96/96/24
f 97/97/25 98/98/25 99/99/25 100/100/25
f 101/101/26 102/102/26 103/103/26 104/104/26
f 105/105/27 106/106/27 107/107/27 108/108/27
f 109/109/28 110/110/28 111/111/28 112/112/28
f 113/113/29 114/114/29 115/115/29 116/116/29
f 117/117/30 118/118/30 119/119/30 120/120/30
f 121/121/31 122/122/31 123/123/31 124/124/31
f 125/125/32 126/126/32 127/127/32 128/128/32
f 129/129/33 130/130/33 131/131/33 132/132/33
f 133/133/34 134/134/34 135/135/34 136/136/34
f 137/137/35 138/138/35 139/139/35 140/140/35
f 141/141/36 142/142/36 143/143/36 144/144/36
f 145/145/37 146/146/37 147/147/37 148/148/37
f 149/149/38 150/150/38 151/151/38 152/152/38
f 153/153/39 154/154/39 155/155/39 156/156/39
f 157/157/40 158/158/40 159/159/40 160/160/40
f 161/161/41 162/162/41 163/163/41 164/164/41
f 165/165/42 166/166/42 167/167/42 168/168/42
f 169/169/43 170/170/43 171/171/43 172/172/43
f 173/173/44 174/174/44 175/175/44 176/176/44
f 177/177/45 178/178/45 179/179/45 180/180/45
f 181/181/46 182/182/46 183/183/46 184/184/46
f 185/185/47 186/186/47 187/187/47 188/188/47
f 189/189/48 190/190/48 191/191/48 192/192/48
f 193/193/49 194/194/49 195/195/49 196/196/49
f 197/197/50 198/198/50 199/199/50 200/200/50
f 201/201/51 202/202/51 203/203/51 204/204/51
f 205/205/52 206/206/52 207/207/52 208/208/52
f 209/209/53 210/210/53 211/211/53 212/212/53
f 213/213/54 214/214/54 215/215/54 216/216/54
f 217/217/55 218/218/55 219/219/55 220/220/55
f 221/221/56 222/222/56 223/223/56 224/224/56
f 225/225/57 226/226/57 227/227/57 228/228/57
f 229/229/58 230/230/58 231/231/58 232/232/58
f 233/233/59 234/234/59 235/235/59 236/236/59
f 237/237/60 238/238/60 239/239/60 240/240/60
f 241/241/61 242/242/61 243/243/61 244/244/61
f 245/245/62 246/246/62 247/247/62 248/248/62
f 249/249/63 250/250/63 251/251/63 252/252/63
f 253/253/64 254/254/64 255/255/64 256/256/64
g tyre_tread_base
f 257/257/65 258/258/65 259/259/65 260/260/65
f 261/261/66 262/262/66 263/263/66 264/264/66
f 265/265/67 266/266/67 267/267/67 268/268/67
f 269/269/68 270/270/68 271/271/68 272/272/68
f 273/273/69 274/274/69 275/275/69 276/276/69
f 277/277/70 278/278/70 279/279/70 280/280/70
f 281/281/71 282/282/71 283/283/71 284/284/71
f 285/285/72 286/286/72 287/287/72 288/288/72
f 289/289/73 290/290/73 291/291/73 292/292/73
f 293/293/74 294/294/74 295/295/74 296/296/74
f 297/297/75 298/298/75 299/299/75 300/300/75
f 301/301/76 302/302/76 303/303/76 304/304/76
f 305/305/77 306/306/77 307/307/77 308/308/77
f 309/309/78 310/310/78 311/311/78 312/312/78
f 313/313/79 314/314/79 315/315/79 316/316/79
f 317/317/80 318/318/80 319/319/80 320/320/80
f 321/321/81 322/322/81 323/323/81 324/324/81
f 325/325/82 326/326/82 327/327/82 328/328/82
f 329/329/83 330/330/83 331/331/83 332/332/83
f 333/333/84 334/334/84 335/335/84 336/336/84
f 337/337/85 338/338/85 339/339/85 340/340/85
f 341/341/86 342/342/86 343/343/86 344/344/86
f 345/345/87 346/346/87 347/347/87 348/348/87
f 349/349/88 350/350/88 351/351/88 352/352/88
f 353/353/89 354/354/89 355/355/89 356/356/89
f 357/357/90 358/358/90 359/359/90 360/360/90
f 361/361/91 362/362/91 363/363/91 364/364/91
f 365/365/92 366/366/92 367/367/92 368/368/92
f 369/369/93 370/370/93 371/371/93 372/372/93
f 373/373/94 374/374/94 375/375/94 376/376/94
f 377/377/95 378/378/95 379/379/95 380/380/95
f 381/381/96 382/382/96 383/383/96 384/384/96
f 385/385/97 386/386/97 387/387/97 388/388/97
f 389/389/98 390/390/98 391/391/98 392/392/98
f 393/393/99 394/394/99 395/395/99 396/396/99
f 397/397/100 398/398/100 399/399/100 400/400/100
f 401/401/101 402/402/101 403/403/101 404/404/101
f 405/405/102 406/406/102 407/407/102 408/408/102
f 409/409/103 410/410/103 411/411/103 412/412/103
f 413/413/104 414/414/104 415/415/104 416/416/104
f 417/417/105 418/418/105 419/419/105 420/420/105
f 421/421/106 422/422/106 423/423/106 424/424/106
f 425/425/107 426/426/107 427/427/107 428/428/107
f 429/429/108 430/430/108 431/431/108 432/432/108
f 433/433/109 434/434/109 435/435/109 436/436/109
f 437/437/110 438/438/110 439/439/110 440/440/110
f 441/441/111 442/442/111 443/443/111 444/444/111
f 445/445/112 446/446/112 447/447/112 448/448/112
f 449/449/113 450/450/113 451/451/113 452/452/113
f 453/453/114 454/454/114 455/455/114 456/456/114
f 457/457/115 458/458/115 459/459/115 460/460/115
f 461/461/116 462/462/116 463/463/116 464/464/116
f 465/465/117 466/466/117 467/467/117 468/468/117
f 469/469/118 470/470/118 471/471/118 472/472/118
f 473/473/119 474/474/119 475/475/119 476/476/119
f 477/477/120 478/478/120 479/479/120 480/480/120
f 481/481/121 482/482/121 483/483/121 484/484/121
f 485/485/122 486/486/122 487/487/122 488/488/122
f 489/489/123 490/490/123 491/491/123 492/492/123
f 493/493/124 494/494/124 495/495/124 496/496/124
f 497/497/125 498/498/125 499/499/125 500/500/125
f 501/501/126 502/502/126 503/503/126 504/504/126
f 505/505/127 506/506/127 507/507/127 508/508/127
f 509/509/128 510/510/128 511/511/128 512/512/128
g tyre_band_back
f 513/513/129 514/514/129 515/515/129 516/516/129
f 517/517/130 518/518/130 519/519/130 520/520/130
f 521/521/131 522/522/131 523/523/131 524/524/131
f 525/525/132 526/526/132 527/527/132 528/528/132
f 529/529/133 530/530/133 531/531/133 532/532/133
f 533/533/134 534/534/134 535/535/134 536/536/134
f 537/537/135 538/538/135 539/539/135 540/540/135
f 541/541/136 542/542/136 543/543/136 544/544/136
f 545/545/137 546/546/137 547/547/137 548/548/137
f 549/549/138 550/550/138 551/551/138 552/552/138
f 553/553/139 554/554/139 555/555/139 556/556/139
f 557/557/140 558/558/140 559/559/140 560/560/140
f 561/561/141 562/562/141 563/563/141 564/564/141
f 565/565/142 566/566/142 567/567/142 568/568/142
f 569/569/143 570/570/143 571/571/143 572/572/143
f 573/573/144 574/574/144 575/575/144 576/576/144
f 577/577/145 578/578/145 579/579/145 580/580/145
f 581/581/146 582/582/146 583/583/146 584/584/146
f 585/585/147 586/586/147 587/587/147 588/588/147
f 589/589/148 590/590/148 591/591/148 592/592/148
f 593/593/149 594/594/149 595/595/149 596/596/149
f 597/597/150 598/598/150 599/599/150 600/600/150
f 601/601/151 602/602/151 603/603/151 604/604/151
f 605/605/152 606/606/152 607/607/152 608/608/152
f 609/609/153 610/610/153 611/611/153 612/612/153
f 613/613/154 614/614/154 615/615/154 616/616/154
f 617/617/155 618/618/155 619/619/155 620/620/155
f 621/621/156 622/622/156 623/623/156 624/624/156
f 625/625/157 626/626/157 627/627/157 628/628/157
f 629/629/158 630/630/158 631/631/158 632/632/158
f 633/633/159 634/634/159 635/635/159 636/636/159
f 637/637/160 638/638/160 639/639/160 640/640/160
f 641/641/161 642/642/161 643/643/161 644/644/161
f 645/645/162 646/646/162 647/647/162 648/648/162
f 649/649/163 650/650/163 651/651/163 652/652/163
f 653/653/164 654/654/164 655/655/164 656/656/164
f 657/657/165 658/658/165 659/659/165 660/660/165
f 661/661/166 662/662/166 663/663/166 664/664/166
f 665/665/167 666/666/167 667/667/167 668/668/167
f 669/669/168 670/670/168 671/671/168 672/672/168
f 673/673/169 674/674/169 675/675/169 676/676/169
f 677/677/170 678/678/170 679/679/170 680/680/170
f 681/681/171 682/682/171 683/683/171 684/684/171
f 685/685/172 686/686/172 687/687/172 688/688/172
f 689/689/173 690/690/173 691/691/173 692/692/173
f 693/693/174 694/694/174 695/695/174 696/696/174
f 697/697/175 698/698/175 699/699/175 700/700/175
f 701/701/176 702/702/176 703/703/176 704/704/176
f 705/705/177 706/706/177 707/707/177 708/708/177
f 709/709/178 710/710/178 711/711/178 712/712/178
f 713/713/179 714/714/179 715/715/179 716/716/179
f 717/717/180 718/718/180 719/719/180 720/720/180
f 721/721/181 722/722/181 723/723/181 724/724/181
f 725/725/182 726/726/182 727/727/182 728/728/182
f 729/729/183 730/730/183 731/731/183 732/732/183
f 733/733/184 734/734/184 735/735/184 736/736/184
f 737/737/185 738/738/185 739/739/185 740/740/185
f 741/741/186 742/742/186 743/743/186 744/744/186
f 745/745/187 746/746/187 747/747/187 748/748/187
f 749/749/188 750/750/188 751/751/188 752/752/188
f 753/753/189 754/754/189 755/755/189 756/756/189
f 757/757/190 758/758/190 759/759/190 760/760/190
f 761/761/191 762/762/191 763/763/191 764/764/191
f 765/765/192 766/766/192 767/767/192 768/768/192
g tyre_band_front
f 769/769/193 770/770/193 771/771/193 772/772/193
f 773/773/194 774/774/194 775/775/194 776/776/194
f 777/777/195 778/778/195 779/779/195 780/780/195
f 781/781/196 782/782/196 783/783/196 784/784/196
f 785/785/197 786/786/197 787/787/197 788/788/197
f 789/789/198 790/790/198 791/791/198 792/792/198
f 793/793/199 794/794/199 795/795/199 796/796/199
f 797/797/200 798/798/200 799/799/200 800/800/200
f 801/801/201 802/802/201 803/803/201 804/804/201
f 805/805/202 806/806/202 807/807/202 808/808/202
f 809/809/203 810/810/203 811/811/203 812/812/203
f 813/813/204 814/814/204 815/815/204 816/816/204
f 817/817/205 818/818/205 819/819/205 820/820/205
f 821/821/206 822/822/206 823/823/206 824/824/206
f 825/825/207 826/826/207 827/827/207 828/828/207
f 829/829/208 830/830/208 831/831/208 832/832/208
f 833/833/209 834/834/209 835/835/209 836/836/209
f 837/837/210 838/838/210 839/839/210 840/840/210
f 841/841/211 842/842/211 843/843/211 844/844/211
f 845/845/212 846/846/212 847/847/212 848/848/212
f 849/849/213 850/850/213 851/851/213 852/852/213
f 853/853/214 854/854/214 855/855/214 856/856/214
f 857/857/215 858/858/215 859/859/215 860/860/215
f 861/861/216 862/862/216 863/863/216 864/864/216
f 865/865/217 866/866/217 867/867/217 868/868/217
f 869/869/218 870/870/218 871/871/218 872/872/218
f 873/873/219 874/874/219 875/875/219 876/876/219
f 877/877/220 878/878/220 879/879/220 880/880/220
f 881/881/221 882/882/221 883/883/221 884/884/221
f 885/885/222 886/886/222 887/887/222 888/888/222
f 889/889/223 890/890/223 891/891/223 892/892/223
f 893/893/224 894/894/224 895/895/224 896/896/224
f 897/897/225 898/898/225 899/899/225 900/900/225
f 901/901/226 902/902/226 903/903/226 904/904/226
f 905/905/227 906/906/227 907/907/227 908/908/227
f 909/909/228 910/910/228 911/911/228 912/912/228
f 913/913/229 914/914/229 915/915/229 916/916/229
f 917/917/230 918/918/230 919/919/230 920/920/230
f 921/921/231 922/922/231 923/923/231 924/924/231
f 925/925/232 926/926/232 927/927/232 928/928/232
f 929/929/233 930/930/233 931/931/233 932/932/233
f 933/933/234 934/934/234 935/935/234 936/936/234
f 937/937/235 938/938/235 939/939/235 940/940/235
f 941/941/236 942/942/236 943/943/236 944/944/236
f 945/945/237 946/946/237 947/947/237 948/948/237
f 949/949/238 950/950/238 951/951/238 952/952/238
f 953/953/239 954/954/239 955/955/239 956/956/239
f 957/957/240 958/958/240 959/959/240 960/960/240
f 961/961/241 962/962/241 963/963/241 964/964/241
f 965/965/242 966/966/242 967/967/242 968/968/242
f 969/969/243 970/970/243 971/971/243 972/972/243
f 973/973/244 974/974/244 975/975/244 976/976/244
f 977/977/245 978/978/245 979/979/245 980/980/245
f 981/981/246 982/982/246 983/983/246 984/984/246
f 985/985/247 986/986/247 987/987/247 988/988/247
f 989/989/248 990/990/248 991/991/248 992/992/248
f 993/993/249 994/994/249 995/995/249 996/996/249
f 997/997/250 998/998/250 999/999/250 1000/1000/250
f 1001/1001/251 1002/1002/251 1003/1003/251 1004/1004/251
f 1005/1005/252 1006/1006/252 1007/1007/252 1008/1008/252
f 1009/1009/253 1010/1010/253 1011/1011/253 1012/1012/253
f 1013/1013/254 1014/1014/254 1015/1015/254 1016/1016/254
f 1017/1017/255 1018/1018/255 1019/1019/255 1020/1020/255
f 1021/1021/256 1022/1022/256 1023/1023/256 1024/1024/256
g tyre_lug
f 1025/1025/257 1026/1026/257 1027/1027/257 1028/1028/257
f 1029/1029/258 1030/1030/258 1031/1031/258 1032/1032/258
f 1033/1033/259 1034/1034/259 1035/1035/259 1036/1036/259
f 1037/1037/260 1038/1038/260 1039/1039/260 1040/1040/260
f 1041/1041/261 1042/1042/261 1043/1043/261 1044/1044/261
f 1045/1045/262 1046/1046/262 1047/1047/262 1048/1048/262
f 1049/1049/263 1050/1050/263 1051/1051/263 1052/1052/263
f 1053/1053/264 1054/1054/264 1055/1055/264 1056/1056/264
f 1057/1057/265 1058/1058/265 1059/1059/265 1060/1060/265
f 1061/1061/266 1062/1062/266 1063/1063/266 1064/1064/266
f 1065/1065/267 1066/1066/267 1067/1067/267 1068/1068/267
f 1069/1069/268 1070/1070/268 1071/1071/268 1072/1072/268
f 1073/1073/269 1074/1074/269 1075/1075/269 1076/1076/269
f 1077/1077/270 1078/1078/270 1079/1079/270 1080/1080/270
f 1081/1081/271 1082/1082/271 1083/1083/271 1084/1084/271
f 1085/1085/272 1086/1086/272 1087/1087/272 1088/1088/272
f 1089/1089/273 1090/1090/273 1091/1091/273 1092/1092/273
f 1093/1093/274 1094/1094/274 1095/1095/274 1096/1096/274
f 1097/1097/275 1098/1098/275 1099/1099/275 1100/1100/275
f 1101/1101/276 1102/1102/276 1103/1103/276 1104/1104/276
f 1105/1105/277 1106/1106/277 1107/1107/277 1108/1108/277
f 1109/1109/278 1110/1110/278 1111/1111/278 1112/1112/278
f 1113/1113/279 1114/1114/279 1115/1115/279 1116/1116/279
f 1117/1117/280 1118/1118/280 1119/1119/280 1120/1120/280
f 1121/1121/281 1122/1122/281 1123/1123/281 1124/1124/281
f 1125/1125/282 1126/1126/282 1127/1127/282 1128/1128/282
f 1129/1129/283 1130/1130/283 1131/1131/283 1132/1132/283
f 1133/1133/284 1134/1134/284 1135/1135/284 1136/1136/284
f 1137/1137/285 1138/1138/285 1139/1139/285 1140/1140/285
f 1141/1141/286 1142/1142/286 1143/1143/286 1144/1144/286
f 1145/1145/287 1146/1146/287 1147/1147/287 1148/1148/287
f 1149/1149/288 1150/1150/288 1151/1151/288 1152/1152/288
f 1153/1153/289 1154/1154/289 1155/1155/289 1156/1156/289
f 1157/1157/290 1158/1158/290 1159/1159/290 1160/1160/290
f 1161/1161/291 1162/1162/291 1163/1163/291 1164/1164/291
f 1165/1165/292 1166/1166/292 1167/1167/292 1168/1168/292
f 1169/1169/293 1170/1170/293 1171/1171/293 1172/1172/293
f 1173/1173/294 1174/1174/294 1175/1175/294 1176/1176/294
f 1177/1177/295 1178/1178/295 1179/1179/295 1180/1180/295
f 1181/1181/296 1182/1182/296 1183/1183/296 1184/1184/296
f 1185/1185/297 1186/1186/297 1187/1187/297 1188/1188/297
f 1189/1189/298 1190/1190/298 1191/1191/298 1192/1192/298
f 1193/1193/299 1194/1194/299 1195/1195/299 1196/1196/299
f 1197/1197/300 1198/1198/300 1199/1199/300 1200/1200/300
f 1201/1201/301 1202/1202/301 1203/1203/301 1204/1204/301
f 1205/1205/302 1206/1206/302 1207/1207/302 1208/1208/302
f 1209/1209/303 1210/1210/303 1211/1211/303 1212/1212/303
f 1213/1213/304 1214/1214/304 1215/1215/304 1216/1216/304
f 1217/1217/305 1218/1218/305 1219/1219/305 1220/1220/305
f 1221/1221/306 1222/1222/306 1223/1223/306 1224/1224/306
f 1225/1225/307 1226/1226/307 1227/1227/307 1228/1228/307
f 1229/1229/308 1230/1230/308 1231/1231/308 1232/1232/308
f 1233/1233/309 1234/1234/309 1235/1235/309 1236/1236/309
f 1237/1237/310 1238/1238/310 1239/1239/310 1240/1240/310
f 1241/1241/311 1242/1242/311 1243/1243/311 1244/1244/311
f 1245/1245/312 1246/1246/312 1247/1247/312 1248/1248/312
f 1249/1249/313 1250/1250/313 1251/1251/313 1252/1252/313
f 1253/1253/314 1254/1254/314 1255/1255/314 1256/1256/314
f 1257/1257/315 1258/1258/315 1259/1259/315 1260/1260/315
f 1261/1261/316 1262/1262/316 1263/1263/316 1264/1264/316
f 1265/1265/317 1266/1266/317 1267/1267/317 1268/1268/317
f 1269/1269/318 1270/1270/318 1271/1271/318 1272/1272/318
f 1273/1273/319 1274/1274/319 1275/1275/319 1276/1276/319
f 1277/1277/320 1278/1278/320 1279/1279/320 1280/1280/320
f 1281/1281/321 1282/1282/321 1283/1283/321 1284/1284/321
f 1285/1285/322 1286/1286/322 1287/1287/322 1288/1288/322
f 1289/1289/323 1290/1290/323 1291/1291/323 1292/1292/323
f 1293/1293/324 1294/1294/324 1295/1295/324 1296/1296/324
f 1297/1297/325 1298/1298/325 1299/1299/325 1300/1300/325
f 1301/1301/326 1302/1302/326 1303/1303/326 1304/1304/326
f 1305/1305/327 1306/1306/327 1307/1307/327 1308/1308/327
f 1309/1309/328 1310/1310/328 1311/1311/328 1312/1312/328
f 1313/1313/329 1314/1314/329 1315/1315/329 1316/1316/329
f 1317/1317/330 1318/1318/330 1319/1319/330 1320/1320/330
f 1321/1321/331 1322/1322/331 1323/1323/331 1324/1324/331
f 1325/1325/332 1326/1326/332 1327/1327/332 1328/1328/332
f 1329/1329/333 1330/1330/333 1331/1331/333 1332/1332/333
f 1333/1333/334 1334/1334/334 1335/1335/334 1336/1336/334
f 1337/1337/335 1338/1338/335 1339/1339/335 1340/1340/335
f 1341/1341/336 1342/1342/336 1343/1343/336 1344/1344/336
f 1345/1345/337 1346/1346/337 1347/1347/337 1348/1348/337
f 1349/1349/338 1350/1350/338 1351/1351/338 1352/1352/338
f 1353/1353/339 1354/1354/339 1355/1355/339 1356/1356/339
f 1357/1357/340 1358/1358/340 1359/1359/340 1360/1360/340
f 1361/1361/341 1362/1362/341 1363/1363/341 1364/1364/341
f 1365/1365/342 1366/1366/342 1367/1367/342 1368/1368/342
f 1369/1369/343 1370/1370/343 1371/1371/343 1372/1372/343
f 1373/1373/344 1374/1374/344 1375/1375/344 1376/1376/344
f 1377/1377/345 1378/1378/345 1379/1379/345 1380/1380/345
f 1381/1381/346 1382/1382/346 1383/1383/346 1384/1384/346
f 1385/1385/347 1386/1386/347 1387/1387/347 1388/1388/347
f 1389/1389/348 1390/1390/348 1391/1391/348 1392/1392/348
f 1393/1393/349 1394/1394/349 1395/1395/349 1396/1396/349
f 1397/1397/350 1398/1398/350 1399/1399/350 1400/1400/350
f 1401/1401/351 1402/1402/351 1403/1403/351 1404/1404/351
f 1405/1405/352 1406/1406/352 1407/1407/352 1408/1408/352
g rim_barrel
f 1409/1409/353 1410/1410/353 1411/1411/353 1412/1412/353
f 1413/1413/354 1414/1414/354 1415/1415/354 1416/1416/354
f 1417/1417/355 1418/1418/355 1419/1419/355 1420/1420/355
f 1421/1421/356 1422/1422/356 1423/1423/356 1424/1424/356
f 1425/1425/357 1426/1426/357 1427/1427/357 1428/1428/357
f 1429/1429/358 1430/1430/358 1431/1431/358 1432/1432/358
f 1433/1433/359 1434/1434/359 1435/1435/359 1436/1436/359
f 1437/1437/360 1438/1438/360 1439/1439/360 1440/1440/360
f 1441/1441/361 1442/1442/361 1443/1443/361 1444/1444/361
f 1445/1445/362 1446/1446/362 1447/1447/362 1448/1448/362
f 1449/1449/363 1450/1450/363 1451/1451/363 1452/1452/363
f 1453/1453/364 1454/1454/364 1455/1455/364 1456/1456/364
f 1457/1457/365 1458/1458/365 1459/1459/365 1460/1460/365
f 1461/1461/366 1462/1462/366 1463/1463/366 1464/1464/366
f 1465/1465/367 1466/1466/367 1467/1467/367 1468/1468/367
f 1469/1469/368 1470/1470/368 1471/1471/368 1472/1472/368
f 1473/1473/369 1474/1474/369 1475/1475/369 1476/1476/369
f 1477/1477/370 1478/1478/370 1479/1479/370 1480/1480/370
f 1481/1481/371 1482/1482/371 1483/1483/371 1484/1484/371
f 1485/1485/372 1486/1486/372 1487/1487/372 1488/1488/372
f 1489/1489/373 1490/1490/373 1491/1491/373 1492/1492/373
f 1493/1493/374 1494/1494/374 1495/1495/374 1496/1496/374
f 1497/1497/375 1498/1498/375 1499/1499/375 1500/1500/375
f 1501/1501/376 1502/1502/376 1503/1503/376 1504/1504/376
f 1505/1505/377 1506/1506/377 1507/1507/377 1508/1508/377
f 1509/1509/378 1510/1510/378 1511/1511/378 1512/1512/378
f 1513/1513/379 1514/1514/379 1515/1515/379 1516/1516/379
f 1517/1517/380 1518/1518/380 1519/1519/380 1520/1520/380
f 1521/1521/381 1522/1522/381 1523/1523/381 1524/1524/381
f 1525/1525/382 1526/1526/382 1527/1527/382 1528/1528/382
f 1529/1529/383 1530/1530/383 1531/1531/383 1532/1532/383
f 1533/1533/384 1534/1534/384 1535/1535/384 1536/1536/384
f 1537/1537/385 1538/1538/385 1539/1539/385 1540/1540/385
f 1541/1541/386 1542/1542/386 1543/1543/386 1544/1544/386
f 1545/1545/387 1546/1546/387 1547/1547/387 1548/1548/387
f 1549/1549/388 1550/1550/388 1551/1551/388 1552/1552/388
f 1553/1553/389 1554/1554/389 1555/1555/389 1556/1556/389
f 1557/1557/390 1558/1558/390 1559/1559/390 1560/1560/390
f 1561/1561/391 1562/1562/391 1563/1563/391 1564/1564/391
f 1565/1565/392 1566/1566/392 1567/1567/392 1568/1568/392
f 1569/1569/393 1570/1570/393 1571/1571/393 1572/1572/393
f 1573/1573/394 1574/1574/394 1575/1575/394 1576/1576/394
f 1577/1577/395 1578/1578/395 1579/1579/395 1580/1580/395
f 1581/1581/396 1582/1582/396 1583/1583/396 1584/1584/396
f 1585/1585/397 1586/1586/397 1587/1587/397 1588/1588/397
f 1589/1589/398 1590/1590/398 1591/1591/398 1592/1592/398
f 1593/1593/399 1594/1594/399 1595/1595/399 1596/1596/399
f 1597/1597/400 1598/1598/400 1599/1599/400 1600/1600/400
f 1601/1601/401 1602/1602/401 1603/1603/401 1604/1604/401
f 1605/1605/402 1606/1606/402 1607/1607/402 1608/1608/402
f 1609/1609/403 1610/1610/403 1611/1611/403 1612/1612/403
f 1613/1613/404 1614/1614/404 1615/1615/404 1616/1616/404
f 1617/1617/405 1618/1618/405 1619/1619/405 1620/1620/405
f 1621/1621/406 1622/1622/406 1623/1623/406 1624/1624/406
f 1625/1625/407 1626/1626/407 1627/1627/407 1628/1628/407
f 1629/1629/408 1630/1630/408 1631/1631/408 1632/1632/408
f 1633/1633/409 1634/1634/409 1635/1635/409 1636/1636/409
f 1637/1637/410 1638/1638/410 1639/1639/410 1640/1640/410
f 1641/1641/411 1642/1642/411 1643/1643/411 1644/1644/411
f 1645/1645/412 1646/1646/412 1647/1647/412 1648/1648/412
f 1649/1649/413 1650/1650/413 1651/1651/413 1652/1652/413
f 1653/1653/414 1654/1654/414 1655/1655/414 1656/1656/414
f 1657/1657/415 1658/1658/415 1659/1659/415 1660/1660/415
f 1661/1661/416 1662/1662/416 1663/1663/416 1664/1664/416
g rim_flange
f 1665/1665/417 1666/1666/417 1667/1667/417 1668/1668/417
f 1669/1669/418 1670/1670/418 1671/1671/418 1672/1672/418
f 1673/1673/419 1674/1674/419 1675/1675/419 1676/1676/419
f 1677/1677/420 1678/1678/420 1679/1679/420 1680/1680/420
f 1681/1681/421 1682/1682/421 1683/1683/421 1684/1684/421
f 1685/1685/422 1686/1686/422 1687/1687/422 1688/1688/422
f 1689/1689/423 1690/1690/423 1691/1691/423 1692/1692/423
f 1693/1693/424 1694/1694/424 1695/1695/424 1696/1696/424
f 1697/1697/425 1698/1698/425 1699/1699/425 1700/1700/425
f 1701/1701/426 1702/1702/426 1703/1703/426 1704/1704/426
f 1705/1705/427 1706/1706/427 1707/1707/427 1708/1708/427
f 1709/1709/428 1710/1710/428 1711/1711/428 1712/1712/428
f 1713/1713/429 1714/1714/429 1715/1715/429 1716/1716/429
f 1717/1717/430 1718/1718/430 1719/1719/430 1720/1720/430
f 1721/1721/431 1722/1722/431 1723/1723/431 1724/1724/431
f 1725/1725/432 1726/1726/432 1727/1727/432 1728/1728/432
f 1729/1729/433 1730/1730/433 1731/1731/433 1732/1732/433
f 1733/1733/434 1734/1734/434 1735/1735/434 1736/1736/434
f 1737/1737/435 1738/1738/435 1739/1739/435 1740/1740/435
f 1741/1741/436 1742/1742/436 1743/1743/436 1744/1744/436
f 1745/1745/437 1746/1746/437 1747/1747/437 1748/1748/437
f 1749/1749/438 1750/1750/438 1751/1751/438 1752/1752/438
f 1753/1753/439 1754/1754/439 1755/1755/439 1756/1756/439
f 1757/1757/440 1758/1758/440 1759/1759/440 1760/1760/440
f 1761/1761/441 1762/1762/441 1763/1763/441 1764/1764/441
f 1765/1765/442 1766/1766/442 1767/1767/442 1768/1768/442
f 1769/1769/443 1770/1770/443 1771/1771/443 1772/1772/443
f 1773/1773/444 1774/1774/444 1775/1775/444 1776/1776/444
f 1777/1777/445 1778/1778/445 1779/1779/445 1780/1780/445
f 1781/1781/446 1782/1782/446 1783/1783/446 1784/1784/446
f 1785/1785/447 1786/1786/447 1787/1787/447 1788/1788/447
f 1789/1789/448 1790/1790/448 1791/1791/448 1792/1792/448
f 1793/1793/449 1794/1794/449 1795/1795/449 1796/1796/449
f 1797/1797/450 1798/1798/450 1799/1799/450 1800/1800/450
f 1801/1801/451 1802/1802/451 1803/1803/451 1804/1804/451
f 1805/1805/452 1806/1806/452 1807/1807/452 1808/1808/452
f 1809/1809/453 1810/1810/453 1811/1811/453 1812/1812/453
f 1813/1813/454 1814/1814/454 1815/1815/454 1816/1816/454
f 1817/1817/455 1818/1818/455 1819/1819/455 1820/1820/455
f 1821/1821/456 1822/1822/456 1823/1823/456 1824/1824/456
f 1825/1825/457 1826/1826/457 1827/1827/457 1828/1828/457
f 1829/1829/458 1830/1830/458 1831/1831/458 1832/1832/458
f 1833/1833/459 1834/1834/459 1835/1835/459 1836/1836/459
f 1837/1837/460 1838/1838/460 1839/1839/460 1840/1840/460
f 1841/1841/461 1842/1842/461 1843/1843/461 1844/1844/461
f 1845/1845/462 1846/1846/462 1847/1847/462 1848/1848/462
f 1849/1849/463 1850/1850/463 1851/1851/463 1852/1852/463
f 1853/1853/464 1854/1854/464 1855/1855/464 1856/1856/464
f 1857/1857/465 1858/1858/465 1859/1859/465 1860/1860/465
f 1861/1861/466 1862/1862/466 1863/1863/466 1864/1864/466
f 1865/1865/467 1866/1866/467 1867/1867/467 1868/1868/467
f 1869/1869/468 1870/1870/468 1871/1871/468 1872/1872/468
f 1873/1873/469 1874/1874/469 1875/1875/469 1876/1876/469
f 1877/1877/470 1878/1878/470 1879/1879/470 1880/1880/470
f 1881/1881/471 1882/1882/471 1883/1883/471 1884/1884/471
f 1885/1885/472 1886/1886/472 1887/1887/472 1888/1888/472
f 1889/1889/473 1890/1890/473 1891/1891/473 1892/1892/473
f 1893/1893/474 1894/1894/474 1895/1895/474 1896/1896/474
f 1897/1897/475 1898/1898/475 1899/1899/475 1900/1900/475
f 1901/1901/476 1902/1902/476 1903/1903/476 1904/1904/476
f 1905/1905/477 1906/1906/477 1907/1907/477 1908/1908/477
f 1909/1909/478 1910/1910/478 1911/1911/478 1912/1912/478
f 1913/1913/479 1914/1914/479 1915/1915/479 1916/1916/479
f 1917/1917/480 1918/1918/480 1919/1919/480 1920/1920/480
g rim_face_dish
f 1921/1921/481 1922/1922/481 1923/1923/481 1924/1924/481
f 1925/1925/482 1926/1926/482 1927/1927/482 1928/1928/482
f 1929/1929/483 1930/1930/483 1931/1931/483 1932/1932/483
f 1933/1933/484 1934/1934/484 1935/1935/484 1936/1936/484
f 1937/1937/485 1938/1938/485 1939/1939/485 1940/1940/485
f 1941/1941/486 1942/1942/486 1943/1943/486 1944/1944/486
f 1945/1945/487 1946/1946/487 1947/1947/487 1948/1948/487
f 1949/1949/488 1950/1950/488 1951/1951/488 1952/1952/488
f 1953/1953/489 1954/1954/489 1955/1955/489 1956/1956/489
f 1957/1957/490 1958/1958/490 1959/1959/490 1960/1960/490
f 1961/1961/491 1962/1962/491 1963/1963/491 1964/1964/491
f 1965/1965/492 1966/1966/492 1967/1967/492 1968/1968/492
f 1969/1969/493 1970/1970/493 1971/1971/493 1972/1972/493
f 1973/1973/494 1974/1974/494 1975/1975/494 1976/1976/494
f 1977/1977/495 1978/1978/495 1979/1979/495 1980/1980/495
f 1981/1981/496 1982/1982/496 1983/1983/496 1984/1984/496
f 1985/1985/497 1986/1986/497 1987/1987/497 1988/1988/497
f 1985/1985/498 1988/1988/498 1989/1989/498 1990/1990/498
f 1985/1985/499 1990/1990/499 1991/1991/499 1992/1992/499
f 1985/1985/500 1992/1992/500 1993/1993/500 1994/1994/500
f 1985/1985/501 1994/1994/501 1995/1995/501 1996/1996/501
f 1985/1985/502 1996/1996/502 1997/1997/502 1998/1998/502
f 1985/1985/503 1998/1998/503 1999/1999/503 2000/2000/503
f 2001/2001/504 2002/2002/504 2003/2003/504 2004/2004/504
f 2001/2001/505 2004/2004/505 2005/2005/505 2006/2006/505
f 2001/2001/506 2006/2006/506 2007/2007/506 2008/2008/506
f 2001/2001/507 2008/2008/507 2009/2009/507 2010/2010/507
f 2001/2001/508 2010/2010/508 2011/2011/508 2012/2012/508
f 2001/2001/509 2012/2012/509 2013/2013/509 2014/2014/509
f 2001/2001/510 2014/2014/510 2015/2015/510 2016/2016/510
g rim_back_ring
f 2017/2017/511 2018/2018/511 2019/2019/511 2020/2020/511
f 2021/2021/512 2022/2022/512 2023/2023/512 2024/2024/512
f 2025/2025/513 2026/2026/513 2027/2027/513 2028/2028/513
f 2029/2029/514 2030/2030/514 2031/2031/514 2032/2032/514
f 2033/2033/515 2034/2034/515 2035/2035/515 2036/2036/515
f 2037/2037/516 2038/2038/516 2039/2039/516 2040/2040/516
f 2041/2041/517 2042/2042/517 2043/2043/517 2044/2044/517
f 2045/2045/518 2046/2046/518 2047/2047/518 2048/2048/518
f 2049/2049/519 2050/2050/519 2051/2051/519 2052/2052/519
f 2053/2053/520 2054/2054/520 2055/2055/520 2056/2056/520
f 2057/2057/521 2058/2058/521 2059/2059/521 2060/2060/521
f 2061/2061/522 2062/2062/522 2063/2063/522 2064/2064/522
f 2065/2065/523 2066/2066/523 2067/2067/523 2068/2068/523
f 2069/2069/524 2070/2070/524 2071/2071/524 2072/2072/524
f 2073/2073/525 2074/2074/525 2075/2075/525 2076/2076/525
f 2077/2077/526 2078/2078/526 2079/2079/526 2080/2080/526
f 2081/2081/527 2082/2082/527 2083/2083/527 2084/2084/527
f 2085/2085/528 2086/2086/528 2087/2087/528 2088/2088/528
f 2089/2089/529 2090/2090/529 2091/2091/529 2092/2092/529
f 2093/2093/530 2094/2094/530 2095/2095/530 2096/2096/530
f 2097/2097/531 2098/2098/531 2099/2099/531 2100/2100/531
f 2101/2101/532 2102/2102/532 2103/2103/532 2104/2104/532
f 2105/2105/533 2106/2106/533 2107/2107/533 2108/2108/533
f 2109/2109/534 2110/2110/534 2111/2111/534 2112/2112/534
f 2113/2113/535 2114/2114/535 2115/2115/535 2116/2116/535
f 2117/2117/536 2118/2118/536 2119/2119/536 2120/2120/536
f 2121/2121/537 2122/2122/537 2123/2123/537 2124/2124/537
f 2125/2125/538 2126/2126/538 2127/2127/538 2128/2128/538
f 2129/2129/539 2130/2130/539 2131/2131/539 2132/2132/539
f 2133/2133/540 2134/2134/540 2135/2135/540 2136/2136/540
f 2137/2137/541 2138/2138/541 2139/2139/541 2140/2140/541
f 2141/2141/542 2142/2142/542 2143/2143/542 2144/2144/542
f 2145/2145/543 2146/2146/543 2147/2147/543 2148/2148/543
f 2149/2149/544 2150/2150/544 2151/2151/544 2152/2152/544
f 2153/2153/545 2154/2154/545 2155/2155/545 2156/2156/545
f 2157/2157/546 2158/2158/546 2159/2159/546 2160/2160/546
f 2161/2161/547 2162/2162/547 2163/2163/547 2164/2164/547
f 2165/2165/548 2166/2166/548 2167/2167/548 2168/2168/548
f 2169/2169/549 2170/2170/549 2171/2171/549 2172/2172/549
f 2173/2173/550 2174/2174/550 2175/2175/550 2176/2176/550
f 2177/2177/551 2178/2178/551 2179/2179/551 2180/2180/551
f 2181/2181/552 2182/2182/552 2183/2183/552 2184/2184/552
f 2185/2185/553 2186/2186/553 2187/2187/553 2188/2188/553
f 2189/2189/554 2190/2190/554 2191/2191/554 2192/2192/554
f 2193/2193/555 2194/2194/555 2195/2195/555 2196/2196/555
f 2197/2197/556 2198/2198/556 2199/2199/556 2200/2200/556
f 2201/2201/557 2202/2202/557 2203/2203/557 2204/2204/557
f 2205/2205/558 2206/2206/558 2207/2207/558 2208/2208/558
f 2209/2209/559 2210/2210/559 2211/2211/559 2212/2212/559
f 2213/2213/560 2214/2214/560 2215/2215/560 2216/2216/560
f 2217/2217/561 2218/2218/561 2219/2219/561 2220/2220/561
f 2221/2221/562 2222/2222/562 2223/2223/562 2224/2224/562
f 2225/2225/563 2226/2226/563 2227/2227/563 2228/2228/563
f 2229/2229/564 2230/2230/564 2231/2231/564 2232/2232/564
f 2233/2233/565 2234/2234/565 2235/2235/565 2236/2236/565
f 2237/2237/566 2238/2238/566 2239/2239/566 2240/2240/566
f 2241/2241/567 2242/2242/567 2243/2243/567 2244/2244/567
f 2245/2245/568 2246/2246/568 2247/2247/568 2248/2248/568
f 2249/2249/569 2250/2250/569 2251/2251/569 2252/2252/569
f 2253/2253/570 2254/2254/570 2255/2255/570 2256/2256/570
f 2257/2257/571 2258/2258/571 2259/2259/571 2260/2260/571
f 2261/2261/572 2262/2262/572 2263/2263/572 2264/2264/572
f 2265/2265/573 2266/2266/573 2267/2267/573 2268/2268/573
f 2269/2269/574 2270/2270/574 2271/2271/574 2272/2272/574
g hub_drum
f 2273/2273/575 2274/2274/575 2275/2275/575 2276/2276/575
f 2277/2277/576 2278/2278/576 2279/2279/576 2280/2280/576
f 2281/2281/577 2282/2282/577 2283/2283/577 2284/2284/577
f 2285/2285/578 2286/2286/578 2287/2287/578 2288/2288/578
f 2289/2289/579 2290/2290/579 2291/2291/579 2292/2292/579
f 2293/2293/580 2294/2294/580 2295/2295/580 2296/2296/580
f 2297/2297/581 2298/2298/581 2299/2299/581 2300/2300/581
f 2301/2301/582 2302/2302/582 2303/2303/582 2304/2304/582
f 2305/2305/583 2306/2306/583 2307/2307/583 2308/2308/583
f 2309/2309/584 2310/2310/584 2311/2311/584 2312/2312/584
f 2313/2313/585 2314/2314/585 2315/2315/585 2316/2316/585
f 2317/2317/586 2318/2318/586 2319/2319/586 2320/2320/586
f 2321/2321/587 2322/2322/587 2323/2323/587 2324/2324/587
f 2325/2325/588 2326/2326/588 2327/2327/588 2328/2328/588
f 2329/2329/589 2330/2330/589 2331/2331/589 2332/2332/589
f 2333/2333/590 2334/2334/590 2335/2335/590 2336/2336/590
f 2337/2337/591 2338/2338/591 2339/2339/591 2340/2340/591
f 2337/2337/592 2340/2340/592 2341/2341/592 2342/2342/592
f 2337/2337/593 2342/2342/593 2343/2343/593 2344/2344/593
f 2337/2337/594 2344/2344/594 2345/2345/594 2346/2346/594
f 2337/2337/595 2346/2346/595 2347/2347/595 2348/2348/595
f 2337/2337/596 2348/2348/596 2349/2349/596 2350/2350/596
f 2337/2337/597 2350/2350/597 2351/2351/597 2352/2352/597
f 2353/2353/598 2354/2354/598 2355/2355/598 2356/2356/598
f 2353/2353/599 2356/2356/599 2357/2357/599 2358/2358/599
f 2353/2353/600 2358/2358/600 2359/2359/600 2360/2360/600
f 2353/2353/601 2360/2360/601 2361/2361/601 2362/2362/601
f 2353/2353/602 2362/2362/602 2363/2363/602 2364/2364/602
f 2353/2353/603 2364/2364/603 2365/2365/603 2366/2366/603
f 2353/2353/604 2366/2366/604 2367/2367/604 2368/2368/604
g hub_back_boss
f 2369/2369/605 2370/2370/605 2371/2371/605 2372/2372/605
f 2373/2373/606 2374/2374/606 2375/2375/606 2376/2376/606
f 2377/2377/607 2378/2378/607 2379/2379/607 2380/2380/607
f 2381/2381/608 2382/2382/608 2383/2383/608 2384/2384/608
f 2385/2385/609 2386/2386/609 2387/2387/609 2388/2388/609
f 2389/2389/610 2390/2390/610 2391/2391/610 2392/2392/610
f 2393/2393/611 2394/2394/611 2395/2395/611 2396/2396/611
f 2397/2397/612 2398/2398/612 2399/2399/612 2400/2400/612
f 2401/2401/613 2402/2402/613 2403/2403/613 2404/2404/613
f 2401/2401/614 2404/2404/614 2405/2405/614 2406/2406/614
f 2401/2401/615 2406/2406/615 2407/2407/615 2408/2408/615
f 2409/2409/616 2410/2410/616 2411/2411/616 2412/2412/616
f 2409/2409/617 2412/2412/617 2413/2413/617 2414/2414/617
f 2409/2409/618 2414/2414/618 2415/2415/618 2416/2416/618
g hub_back_bolt
f 2417/2417/619 2418/2418/619 2419/2419/619 2420/2420/619
f 2421/2421/620 2422/2422/620 2423/2423/620 2424/2424/620
f 2425/2425/621 2426/2426/621 2427/2427/621 2428/2428/621
f 2429/2429/622 2430/2430/622 2431/2431/622 2432/2432/622
f 2433/2433/623 2434/2434/623 2435/2435/623 2436/2436/623
f 2437/2437/624 2438/2438/624 2439/2439/624 2440/2440/624
f 2441/2441/625 2442/2442/625 2443/2443/625 2444/2444/625
f 2441/2441/626 2444/2444/626 2445/2445/626 2446/2446/626
f 2447/2447/627 2448/2448/627 2449/2449/627 2450/2450/627
f 2447/2447/628 2450/2450/628 2451/2451/628 2452/2452/628
f 2453/2453/629 2454/2454/629 2455/2455/629 2456/2456/629
f 2457/2457/630 2458/2458/630 2459/2459/630 2460/2460/630
f 2461/2461/631 2462/2462/631 2463/2463/631 2464/2464/631
f 2465/2465/632 2466/2466/632 2467/2467/632 2468/2468/632
f 2469/2469/633 2470/2470/633 2471/2471/633 2472/2472/633
f 2473/2473/634 2474/2474/634 2475/2475/634 2476/2476/634
f 2477/2477/635 2478/2478/635 2479/2479/635 2480/2480/635
f 2477/2477/636 2480/2480/636 2481/2481/636 2482/2482/636
f 2483/2483/637 2484/2484/637 2485/2485/637 2486/2486/637
f 2483/2483/638 2486/2486/638 2487/2487/638 2488/2488/638
f 2489/2489/639 2490/2490/639 2491/2491/639 2492/2492/639
f 2493/2493/640 2494/2494/640 2495/2495/640 2496/2496/640
f 2497/2497/641 2498/2498/641 2499/2499/641 2500/2500/641
f 2501/2501/642 2502/2502/642 2503/2503/642 2504/2504/642
f 2505/2505/643 2506/2506/643 2507/2507/643 2508/2508/643
f 2509/2509/644 2510/2510/644 2511/2511/644 2512/2512/644
f 2513/2513/645 2514/2514/645 2515/2515/645 2516/2516/645
f 2513/2513/646 2516/2516/646 2517/2517/646 2518/2518/646
f 2519/2519/647 2520/2520/647 2521/2521/647 2522/2522/647
f 2519/2519/648 2522/2522/648 2523/2523/648 2524/2524/648
f 2525/2525/649 2526/2526/649 2527/2527/649 2528/2528/649
f 2529/2529/650 2530/2530/650 2531/2531/650 2532/2532/650
f 2533/2533/651 2534/2534/651 2535/2535/651 2536/2536/651
f 2537/2537/652 2538/2538/652 2539/2539/652 2540/2540/652
f 2541/2541/653 2542/2542/653 2543/2543/653 2544/2544/653
f 2545/2545/654 2546/2546/654 2547/2547/654 2548/2548/654
f 2549/2549/655 2550/2550/655 2551/2551/655 2552/2552/655
f 2549/2549/656 2552/2552/656 2553/2553/656 2554/2554/656
f 2555/2555/657 2556/2556/657 2557/2557/657 2558/2558/657
f 2555/2555/658 2558/2558/658 2559/2559/658 2560/2560/658
f 2561/2561/659 2562/2562/659 2563/2563/659 2564/2564/659
f 2565/2565/660 2566/2566/660 2567/2567/660 2568/2568/660
f 2569/2569/661 2570/2570/661 2571/2571/661 2572/2572/661
f 2573/2573/662 2574/2574/662 2575/2575/662 2576/2576/662
f 2577/2577/663 2578/2578/663 2579/2579/663 2580/2580/663
f 2581/2581/664 2582/2582/664 2583/2583/664 2584/2584/664
f 2585/2585/665 2586/2586/665 2587/2587/665 2588/2588/665
f 2585/2585/666 2588/2588/666 2589/2589/666 2590/2590/666
f 2591/2591/667 2592/2592/667 2593/2593/667 2594/2594/667
f 2591/2591/668 2594/2594/668 2595/2595/668 2596/2596/668
f 2597/2597/669 2598/2598/669 2599/2599/669 2600/2600/669
f 2601/2601/670 2602/2602/670 2603/2603/670 2604/2604/670
f 2605/2605/671 2606/2606/671 2607/2607/671 2608/2608/671
f 2609/2609/672 2610/2610/672 2611/2611/672 2612/2612/672
f 2613/2613/673 2614/2614/673 2615/2615/673 2616/2616/673
f 2617/2617/674 2618/2618/674 2619/2619/674 2620/2620/674
f 2621/2621/675 2622/2622/675 2623/2623/675 2624/2624/675
f 2621/2621/676 2624/2624/676 2625/2625/676 2626/2626/676
f 2627/2627/677 2628/2628/677 2629/2629/677 2630/2630/677
f 2627/2627/678 2630/2630/678 2631/2631/678 2632/2632/678
g hub_bolt
f 2633/2633/679 2634/2634/679 2635/2635/679 2636/2636/679
f 2637/2637/680 2638/2638/680 2639/2639/680 2640/2640/680
f 2641/2641/681 2642/2642/681 2643/2643/681 2644/2644/681
f 2645/2645/682 2646/2646/682 2647/2647/682 2648/2648/682
f 2649/2649/683 2650/2650/683 2651/2651/683 2652/2652/683
f 2653/2653/684 2654/2654/684 2655/2655/684 2656/2656/684
f 2657/2657/685 2658/2658/685 2659/2659/685 2660/2660/685
f 2657/2657/686 2660/2660/686 2661/2661/686 2662/2662/686
f 2663/2663/687 2664/2664/687 2665/2665/687 2666/2666/687
f 2663/2663/688 2666/2666/688 2667/2667/688 2668/2668/688
f 2669/2669/689 2670/2670/689 2671/2671/689 2672/2672/689
f 2673/2673/690 2674/2674/690 2675/2675/690 2676/2676/690
f 2677/2677/691 2678/2678/691 2679/2679/691 2680/2680/691
f 2681/2681/692 2682/2682/692 2683/2683/692 2684/2684/692
f 2685/2685/693 2686/2686/693 2687/2687/693 2688/2688/693
f 2689/2689/694 2690/2690/694 2691/2691/694 2692/2692/694
f 2693/2693/695 2694/2694/695 2695/2695/695 2696/2696/695
f 2693/2693/696 2696/2696/696 2697/2697/696 2698/2698/696
f 2699/2699/697 2700/2700/697 2701/2701/697 2702/2702/697
f 2699/2699/698 2702/2702/698 2703/2703/698 2704/2704/698
f 2705/2705/699 2706/2706/699 2707/2707/699 2708/2708/699
f 2709/2709/700 2710/2710/700 2711/2711/700 2712/2712/700
f 2713/2713/701 2714/2714/701 2715/2715/701 2716/2716/701
f 2717/2717/702 2718/2718/702 2719/2719/702 2720/2720/702
f 2721/2721/703 2722/2722/703 2723/2723/703 2724/2724/703
f 2725/2725/704 2726/2726/704 2727/2727/704 2728/2728/704
f 2729/2729/705 2730/2730/705 2731/2731/705 2732/2732/705
f 2729/2729/706 2732/2732/706 2733/2733/706 2734/2734/706
f 2735/2735/707 2736/2736/707 2737/2737/707 2738/2738/707
f 2735/2735/708 2738/2738/708 2739/2739/708 2740/2740/708
f 2741/2741/709 2742/2742/709 2743/2743/709 2744/2744/709
f 2745/2745/710 2746/2746/710 2747/2747/710 2748/2748/710
f 2749/2749/711 2750/2750/711 2751/2751/711 2752/2752/711
f 2753/2753/712 2754/2754/712 2755/2755/712 2756/2756/712
f 2757/2757/713 2758/2758/713 2759/2759/713 2760/2760/713
f 2761/2761/714 2762/2762/714 2763/2763/714 2764/2764/714
f 2765/2765/715 2766/2766/715 2767/2767/715 2768/2768/715
f 2765/2765/716 2768/2768/716 2769/2769/716 2770/2770/716
f 2771/2771/717 2772/2772/717 2773/2773/717 2774/2774/717
f 2771/2771/718 2774/2774/718 2775/2775/718 2776/2776/718
f 2777/2777/719 2778/2778/719 2779/2779/719 2780/2780/719
f 2781/2781/720 2782/2782/720 2783/2783/720 2784/2784/720
f 2785/2785/721 2786/2786/721 2787/2787/721 2788/2788/721
f 2789/2789/722 2790/2790/722 2791/2791/722 2792/2792/722
f 2793/2793/723 2794/2794/723 2795/2795/723 2796/2796/723
f 2797/2797/724 2798/2798/724 2799/2799/724 2800/2800/724
f 2801/2801/725 2802/2802/725 2803/2803/725 2804/2804/725
f 2801/2801/726 2804/2804/726 2805/2805/726 2806/2806/726
f 2807/2807/727 2808/2808/727 2809/2809/727 2810/2810/727
f 2807/2807/728 2810/2810/728 2811/2811/728 2812/2812/728
f 2813/2813/729 2814/2814/729 2815/2815/729 2816/2816/729
f 2817/2817/730 2818/2818/730 2819/2819/730 2820/2820/730
f 2821/2821/731 2822/2822/731 2823/2823/731 2824/2824/731
f 2825/2825/732 2826/2826/732 2827/2827/732 2828/2828/732
f 2829/2829/733 2830/2830/733 2831/2831/733 2832/2832/733
f 2833/2833/734 2834/2834/734 2835/2835/734 2836/2836/734
f 2837/2837/735 2838/2838/735 2839/2839/735 2840/2840/735
f 2837/2837/736 2840/2840/736 2841/2841/736 2842/2842/736
f 2843/2843/737 2844/2844/737 2845/2845/737 2846/2846/737
f 2843/2843/738 2846/2846/738 2847/2847/738 2848/2848/738
f 2849/2849/739 2850/2850/739 2851/2851/739 2852/2852/739
f 2853/2853/740 2854/2854/740 2855/2855/740 2856/2856/740
f 2857/2857/741 2858/2858/741 2859/2859/741 2860/2860/741
f 2861/2861/742 2862/2862/742 2863/2863/742 2864/2864/742
f 2865/2865/743 2866/2866/743 2867/2867/743 2868/2868/743
f 2869/2869/744 2870/2870/744 2871/2871/744 2872/2872/744
f 2873/2873/745 2874/2874/745 2875/2875/745 2876/2876/745
f 2873/2873/746 2876/2876/746 2877/2877/746 2878/2878/746
f 2879/2879/747 2880/2880/747 2881/2881/747 2882/2882/747
f 2879/2879/748 2882/2882/748 2883/2883/748 2884/2884/748
f 2885/2885/749 2886/2886/749 2887/2887/749 2888/2888/749
f 2889/2889/750 2890/2890/750 2891/2891/750 2892/2892/750
f 2893/2893/751 2894/2894/751 2895/2895/751 2896/2896/751
f 2897/2897/752 2898/2898/752 2899/2899/752 2900/2900/752
f 2901/2901/753 2902/2902/753 2903/2903/753 2904/2904/753
f 2905/2905/754 2906/2906/754 2907/2907/754 2908/2908/754
f 2909/2909/755 2910/2910/755 2911/2911/755 2912/2912/755
f 2909/2909/756 2912/2912/756 2913/2913/756 2914/2914/756
f 2915/2915/757 2916/2916/757 2917/2917/757 2918/2918/757
f 2915/2915/758 2918/2918/758 2919/2919/758 2920/2920/758
g hub_flange
f 2921/2921/759 2922/2922/759 2923/2923/759 2924/2924/759
f 2925/2925/760 2926/2926/760 2927/2927/760 2928/2928/760
f 2929/2929/761 2930/2930/761 2931/2931/761 2932/2932/761
f 2933/2933/762 2934/2934/762 2935/2935/762 2936/2936/762
f 2937/2937/763 2938/2938/763 2939/2939/763 2940/2940/763
f 2941/2941/764 2942/2942/764 2943/2943/764 2944/2944/764
f 2945/2945/765 2946/2946/765 2947/2947/765 2948/2948/765
f 2949/2949/766 2950/2950/766 2951/2951/766 2952/2952/766
f 2953/2953/767 2954/2954/767 2955/2955/767 2956/2956/767
f 2957/2957/768 2958/2958/768 2959/2959/768 2960/2960/768
f 2961/2961/769 2962/2962/769 2963/2963/769 2964/2964/769
f 2965/2965/770 2966/2966/770 2967/2967/770 2968/2968/770
f 2969/2969/771 2970/2970/771 2971/2971/771 2972/2972/771
f 2973/2973/772 2974/2974/772 2975/2975/772 2976/2976/772
f 2977/2977/773 2978/2978/773 2979/2979/773 2980/2980/773
f 2981/2981/774 2982/2982/774 2983/2983/774 2984/2984/774
f 2985/2985/775 2986/2986/775 2987/2987/775 2988/2988/775
f 2985/2985/776 2988/2988/776 2989/2989/776 2990/2990/776
f 2985/2985/777 2990/2990/777 2991/2991/777 2992/2992/777
f 2985/2985/778 2992/2992/778 2993/2993/778 2994/2994/778
f 2985/2985/779 2994/2994/779 2995/2995/779 2996/2996/779
f 2985/2985/780 2996/2996/780 2997/2997/780 2998/2998/780
f 2985/2985/781 2998/2998/781 2999/2999/781 3000/3000/781
f 3001/3001/782 3002/3002/782 3003/3003/782 3004/3004/782
f 3001/3001/783 3004/3004/783 3005/3005/783 3006/3006/783
f 3001/3001/784 3006/3006/784 3007/3007/784 3008/3008/784
f 3001/3001/785 3008/3008/785 3009/3009/785 3010/3010/785
f 3001/3001/786 3010/3010/786 3011/3011/786 3012/3012/786
f 3001/3001/787 3012/3012/787 3013/3013/787 3014/3014/787
f 3001/3001/788 3014/3014/788 3015/3015/788 3016/3016/788
g hub_boss
f 3017/3017/789 3018/3018/789 3019/3019/789 3020/3020/789
f 3021/3021/790 3022/3022/790 3023/3023/790 3024/3024/790
f 3025/3025/791 3026/3026/791 3027/3027/791 3028/3028/791
f 3029/3029/792 3030/3030/792 3031/3031/792 3032/3032/792
f 3033/3033/793 3034/3034/793 3035/3035/793 3036/3036/793
f 3037/3037/794 3038/3038/794 3039/3039/794 3040/3040/794
f 3041/3041/795 3042/3042/795 3043/3043/795 3044/3044/795
f 3045/3045/796 3046/3046/796 3047/3047/796 3048/3048/796
f 3049/3049/797 3050/3050/797 3051/3051/797 3052/3052/797
f 3053/3053/798 3054/3054/798 3055/3055/798 3056/3056/798
f 3057/3057/799 3058/3058/799 3059/3059/799 3060/3060/799
f 3061/3061/800 3062/3062/800 3063/3063/800 3064/3064/800
f 3065/3065/801 3066/3066/801 3067/3067/801 3068/3068/801
f 3069/3069/802 3070/3070/802 3071/3071/802 3072/3072/802
f 3073/3073/803 3074/3074/803 3075/3075/803 3076/3076/803
f 3077/3077/804 3078/3078/804 3079/3079/804 3080/3080/804
f 3081/3081/805 3082/3082/805 3083/3083/805 3084/3084/805
f 3081/3081/806 3084/3084/806 3085/3085/806 3086/3086/806
f 3081/3081/807 3086/3086/807 3087/3087/807 3088/3088/807
f 3081/3081/808 3088/3088/808 3089/3089/808 3090/3090/808
f 3081/3081/809 3090/3090/809 3091/3091/809 3092/3092/809
f 3081/3081/810 3092/3092/810 3093/3093/810 3094/3094/810
f 3081/3081/811 3094/3094/811 3095/3095/811 3096/3096/811
f 3097/3097/812 3098/3098/812 3099/3099/812 3100/3100/812
f 3097/3097/813 3100/3100/813 3101/3101/813 3102/3102/813
f 3097/3097/814 3102/3102/814 3103/3103/814 3104/3104/814
f 3097/3097/815 3104/3104/815 3105/3105/815 3106/3106/815
f 3097/3097/816 3106/3106/816 3107/3107/816 3108/3108/816
f 3097/3097/817 3108/3108/817 3109/3109/817 3110/3110/817
f 3097/3097/818 3110/3110/818 3111/3111/818 3112/3112/818
g hub_cap
f 3113/3113/819 3114/3114/819 3115/3115/819 3116/3116/819
f 3117/3117/820 3118/3118/820 3119/3119/820 3120/3120/820
f 3121/3121/821 3122/3122/821 3123/3123/821 3124/3124/821
f 3125/3125/822 3126/3126/822 3127/3127/822 3128/3128/822
f 3129/3129/823 3130/3130/823 3131/3131/823 3132/3132/823
f 3133/3133/824 3134/3134/824 3135/3135/824 3136/3136/824
f 3137/3137/825 3138/3138/825 3139/3139/825 3140/3140/825
f 3141/3141/826 3142/3142/826 3143/3143/826 3144/3144/826
f 3145/3145/827 3146/3146/827 3147/3147/827 3148/3148/827
f 3145/3145/828 3148/3148/828 3149/3149/828 3150/3150/828
f 3145/3145/829 3150/3150/829 3151/3151/829 3152/3152/829
f 3153/3153/830 3154/3154/830 3155/3155/830 3156/3156/830
f 3153/3153/831 3156/3156/831 3157/3157/831 3158/3158/831
f 3153/3153/832 3158/3158/832 3159/3159/832 3160/3160/832
g hub_star
f 3161/3161/833 3162/3162/833 3163/3163/833 3164/3164/833
f 3165/3165/834 3166/3166/834 3167/3167/834 3168/3168/834
f 3169/3169/835 3170/3170/835 3171/3171/835 3172/3172/835
f 3173/3173/836 3174/3174/836 3175/3175/836 3176/3176/836
f 3177/3177/837 3178/3178/837 3179/3179/837 3180/3180/837
f 3181/3181/838 3182/3182/838 3183/3183/838 3184/3184/838
f 3185/3185/839 3186/3186/839 3187/3187/839 3188/3188/839
f 3189/3189/840 3190/3190/840 3191/3191/840 3192/3192/840
f 3193/3193/841 3194/3194/841 3195/3195/841 3196/3196/841
f 3193/3193/842 3196/3196/842 3197/3197/842 3198/3198/842
f 3193/3193/843 3198/3198/843 3199/3199/843 3200/3200/843
f 3201/3201/844 3202/3202/844 3203/3203/844 3204/3204/844
f 3201/3201/845 3204/3204/845 3205/3205/845 3206/3206/845
f 3201/3201/846 3206/3206/846 3207/3207/846 3208/3208/846
