# semi-truck_tire - Create: More Wheels
# generated by tools/build_obj.py, axle on +Y, centred on the block
mtllib block.mtl
o semi-truck_tire
v 1.362857 0.208571 0.500000
v 1.297176 0.208571 0.169799
v 1.297176 0.734286 0.169799
v 1.362857 0.734286 0.500000
v 1.059607 0.208571 0.268203
v 1.105714 0.208571 0.500000
v 1.105714 0.734286 0.500000
v 1.059607 0.734286 0.268203
v 1.105714 0.734286 0.500000
v 1.362857 0.734286 0.500000
v 1.297176 0.734286 0.169799
v 1.059607 0.734286 0.268203
v 1.059607 0.208571 0.268203
v 1.297176 0.208571 0.169799
v 1.362857 0.208571 0.500000
v 1.105714 0.208571 0.500000
v 1.297176 0.208571 0.169799
v 1.110132 0.208571 -0.110132
v 1.110132 0.734286 -0.110132
v 1.297176 0.734286 0.169799
v 0.928305 0.208571 0.071695
v 1.059607 0.208571 0.268203
v 1.059607 0.734286 0.268203
v 0.928305 0.734286 0.071695
v 1.059607 0.734286 0.268203
v 1.297176 0.734286 0.169799
v 1.110132 0.734286 -0.110132
v 0.928305 0.734286 0.071695
v 0.928305 0.208571 0.071695
v 1.110132 0.208571 -0.110132
v 1.297176 0.208571 0.169799
v 1.059607 0.208571 0.268203
v 1.110132 0.208571 -0.110132
v 0.830201 0.208571 -0.297176
v 0.830201 0.734286 -0.297176
v 1.110132 0.734286 -0.110132
v 0.731797 0.208571 -0.059607
v 0.928305 0.208571 0.071695
v 0.928305 0.734286 0.071695
v 0.731797 0.734286 -0.059607
v 0.928305 0.734286 0.071695
v 1.110132 0.734286 -0.110132
v 0.830201 0.734286 -0.297176
v 0.731797 0.734286 -0.059607
v 0.731797 0.208571 -0.059607
v 0.830201 0.208571 -0.297176
v 1.110132 0.208571 -0.110132
v 0.928305 0.208571 0.071695
v 0.830201 0.208571 -0.297176
v 0.500000 0.208571 -0.362857
v 0.500000 0.734286 -0.362857
v 0.830201 0.734286 -0.297176
v 0.500000 0.208571 -0.105714
v 0.731797 0.208571 -0.059607
v 0.731797 0.734286 -0.059607
v 0.500000 0.734286 -0.105714
v 0.731797 0.734286 -0.059607
v 0.830201 0.734286 -0.297176
v 0.500000 0.734286 -0.362857
v 0.500000 0.734286 -0.105714
v 0.500000 0.208571 -0.105714
v 0.500000 0.208571 -0.362857
v 0.830201 0.208571 -0.297176
v 0.731797 0.208571 -0.059607
v 0.500000 0.208571 -0.362857
v 0.169799 0.208571 -0.297176
v 0.169799 0.734286 -0.297176
v 0.500000 0.734286 -0.362857
v 0.268203 0.208571 -0.059607
v 0.500000 0.208571 -0.105714
v 0.500000 0.734286 -0.105714
v 0.268203 0.734286 -0.059607
v 0.500000 0.734286 -0.105714
v 0.500000 0.734286 -0.362857
v 0.169799 0.734286 -0.297176
v 0.268203 0.734286 -0.059607
v 0.268203 0.208571 -0.059607
v 0.169799 0.208571 -0.297176
v 0.500000 0.208571 -0.362857
v 0.500000 0.208571 -0.105714
v 0.169799 0.208571 -0.297176
v -0.110132 0.208571 -0.110132
v -0.110132 0.734286 -0.110132
v 0.169799 0.734286 -0.297176
v 0.071695 0.208571 0.071695
v 0.268203 0.208571 -0.059607
v 0.268203 0.734286 -0.059607
v 0.071695 0.734286 0.071695
v 0.268203 0.734286 -0.059607
v 0.169799 0.734286 -0.297176
v -0.110132 0.734286 -0.110132
v 0.071695 0.734286 0.071695
v 0.071695 0.208571 0.071695
v -0.110132 0.208571 -0.110132
v 0.169799 0.208571 -0.297176
v 0.268203 0.208571 -0.059607
v -0.110132 0.208571 -0.110132
v -0.297176 0.208571 0.169799
v -0.297176 0.734286 0.169799
v -0.110132 0.734286 -0.110132
v -0.059607 0.208571 0.268203
v 0.071695 0.208571 0.071695
v 0.071695 0.734286 0.071695
v -0.059607 0.734286 0.268203
v 0.071695 0.734286 0.071695
v -0.110132 0.734286 -0.110132
v -0.297176 0.734286 0.169799
v -0.059607 0.734286 0.268203
v -0.059607 0.208571 0.268203
v -0.297176 0.208571 0.169799
v -0.110132 0.208571 -0.110132
v 0.071695 0.208571 0.071695
v -0.297176 0.208571 0.169799
v -0.362857 0.208571 0.500000
v -0.362857 0.734286 0.500000
v -0.297176 0.734286 0.169799
v -0.105714 0.208571 0.500000
v -0.059607 0.208571 0.268203
v -0.059607 0.734286 0.268203
v -0.105714 0.734286 0.500000
v -0.059607 0.734286 0.268203
v -0.297176 0.734286 0.169799
v -0.362857 0.734286 0.500000
v -0.105714 0.734286 0.500000
v -0.105714 0.208571 0.500000
v -0.362857 0.208571 0.500000
v -0.297176 0.208571 0.169799
v -0.059607 0.208571 0.268203
v -0.362857 0.208571 0.500000
v -0.297176 0.208571 0.830201
v -0.297176 0.734286 0.830201
v -0.362857 0.734286 0.500000
v -0.059607 0.208571 0.731797
v -0.105714 0.208571 0.500000
v -0.105714 0.734286 0.500000
v -0.059607 0.734286 0.731797
v -0.105714 0.734286 0.500000
v -0.362857 0.734286 0.500000
v -0.297176 0.734286 0.830201
v -0.059607 0.734286 0.731797
v -0.059607 0.208571 0.731797
v -0.297176 0.208571 0.830201
v -0.362857 0.208571 0.500000
v -0.105714 0.208571 0.500000
v -0.297176 0.208571 0.830201
v -0.110132 0.208571 1.110132
v -0.110132 0.734286 1.110132
v -0.297176 0.734286 0.830201
v 0.071695 0.208571 0.928305
v -0.059607 0.208571 0.731797
v -0.059607 0.734286 0.731797
v 0.071695 0.734286 0.928305
v -0.059607 0.734286 0.731797
v -0.297176 0.734286 0.830201
v -0.110132 0.734286 1.110132
v 0.071695 0.734286 0.928305
v 0.071695 0.208571 0.928305
v -0.110132 0.208571 1.110132
v -0.297176 0.208571 0.830201
v -0.059607 0.208571 0.731797
v -0.110132 0.208571 1.110132
v 0.169799 0.208571 1.297176
v 0.169799 0.734286 1.297176
v -0.110132 0.734286 1.110132
v 0.268203 0.208571 1.059607
v 0.071695 0.208571 0.928305
v 0.071695 0.734286 0.928305
v 0.268203 0.734286 1.059607
v 0.071695 0.734286 0.928305
v -0.110132 0.734286 1.110132
v 0.169799 0.734286 1.297176
v 0.268203 0.734286 1.059607
v 0.268203 0.208571 1.059607
v 0.169799 0.208571 1.297176
v -0.110132 0.208571 1.110132
v 0.071695 0.208571 0.928305
v 0.169799 0.208571 1.297176
v 0.500000 0.208571 1.362857
v 0.500000 0.734286 1.362857
v 0.169799 0.734286 1.297176
v 0.500000 0.208571 1.105714
v 0.268203 0.208571 1.059607
v 0.268203 0.734286 1.059607
v 0.500000 0.734286 1.105714
v 0.268203 0.734286 1.059607
v 0.169799 0.734286 1.297176
v 0.500000 0.734286 1.362857
v 0.500000 0.734286 1.105714
v 0.500000 0.208571 1.105714
v 0.500000 0.208571 1.362857
v 0.169799 0.208571 1.297176
v 0.268203 0.208571 1.059607
v 0.500000 0.208571 1.362857
v 0.830201 0.208571 1.297176
v 0.830201 0.734286 1.297176
v 0.500000 0.734286 1.362857
v 0.731797 0.208571 1.059607
v 0.500000 0.208571 1.105714
v 0.500000 0.734286 1.105714
v 0.731797 0.734286 1.059607
v 0.500000 0.734286 1.105714
v 0.500000 0.734286 1.362857
v 0.830201 0.734286 1.297176
v 0.731797 0.734286 1.059607
v 0.731797 0.208571 1.059607
v 0.830201 0.208571 1.297176
v 0.500000 0.208571 1.362857
v 0.500000 0.208571 1.105714
v 0.830201 0.208571 1.297176
v 1.110132 0.208571 1.110132
v 1.110132 0.734286 1.110132
v 0.830201 0.734286 1.297176
v 0.928305 0.208571 0.928305
v 0.731797 0.208571 1.059607
v 0.731797 0.734286 1.059607
v 0.928305 0.734286 0.928305
v 0.731797 0.734286 1.059607
v 0.830201 0.734286 1.297176
v 1.110132 0.734286 1.110132
v 0.928305 0.734286 0.928305
v 0.928305 0.208571 0.928305
v 1.110132 0.208571 1.110132
v 0.830201 0.208571 1.297176
v 0.731797 0.208571 1.059607
v 1.110132 0.208571 1.110132
v 1.297176 0.208571 0.830201
v 1.297176 0.734286 0.830201
v 1.110132 0.734286 1.110132
v 1.059607 0.208571 0.731797
v 0.928305 0.208571 0.928305
v 0.928305 0.734286 0.928305
v 1.059607 0.734286 0.731797
v 0.928305 0.734286 0.928305
v 1.110132 0.734286 1.110132
v 1.297176 0.734286 0.830201
v 1.059607 0.734286 0.731797
v 1.059607 0.208571 0.731797
v 1.297176 0.208571 0.830201
v 1.110132 0.208571 1.110132
v 0.928305 0.208571 0.928305
v 1.297176 0.208571 0.830201
v 1.362857 0.208571 0.500000
v 1.362857 0.734286 0.500000
v 1.297176 0.734286 0.830201
v 1.105714 0.208571 0.500000
v 1.059607 0.208571 0.731797
v 1.059607 0.734286 0.731797
v 1.105714 0.734286 0.500000
v 1.059607 0.734286 0.731797
v 1.297176 0.734286 0.830201
v 1.362857 0.734286 0.500000
v 1.105714 0.734286 0.500000
v 1.105714 0.208571 0.500000
v 1.362857 0.208571 0.500000
v 1.297176 0.208571 0.830201
v 1.059607 0.208571 0.731797
v 1.396000 0.185714 0.500000
v 1.327796 0.185714 0.157116
v 1.327796 0.288571 0.157116
v 1.396000 0.288571 0.500000
v 1.276059 0.185714 0.178546
v 1.340000 0.185714 0.500000
v 1.340000 0.288571 0.500000
v 1.276059 0.288571 0.178546
v 1.340000 0.288571 0.500000
v 1.396000 0.288571 0.500000
v 1.327796 0.288571 0.157116
v 1.276059 0.288571 0.178546
v 1.276059 0.185714 0.178546
v 1.327796 0.185714 0.157116
v 1.396000 0.185714 0.500000
v 1.340000 0.185714 0.500000
v 1.327796 0.185714 0.157116
v 1.133568 0.185714 -0.133568
v 1.133568 0.288571 -0.133568
v 1.327796 0.288571 0.157116
v 1.093970 0.185714 -0.093970
v 1.276059 0.185714 0.178546
v 1.276059 0.288571 0.178546
v 1.093970 0.288571 -0.093970
v 1.276059 0.288571 0.178546
v 1.327796 0.288571 0.157116
v 1.133568 0.288571 -0.133568
v 1.093970 0.288571 -0.093970
v 1.093970 0.185714 -0.093970
v 1.133568 0.185714 -0.133568
v 1.327796 0.185714 0.157116
v 1.276059 0.185714 0.178546
v 1.133568 0.185714 -0.133568
v 0.842884 0.185714 -0.327796
v 0.842884 0.288571 -0.327796
v 1.133568 0.288571 -0.133568
v 0.821454 0.185714 -0.276059
v 1.093970 0.185714 -0.093970
v 1.093970 0.288571 -0.093970
v 0.821454 0.288571 -0.276059
v 1.093970 0.288571 -0.093970
v 1.133568 0.288571 -0.133568
v 0.842884 0.288571 -0.327796
v 0.821454 0.288571 -0.276059
v 0.821454 0.185714 -0.276059
v 0.842884 0.185714 -0.327796
v 1.133568 0.185714 -0.133568
v 1.093970 0.185714 -0.093970
v 0.842884 0.185714 -0.327796
v 0.500000 0.185714 -0.396000
v 0.500000 0.288571 -0.396000
v 0.842884 0.288571 -0.327796
v 0.500000 0.185714 -0.340000
v 0.821454 0.185714 -0.276059
v 0.821454 0.288571 -0.276059
v 0.500000 0.288571 -0.340000
v 0.821454 0.288571 -0.276059
v 0.842884 0.288571 -0.327796
v 0.500000 0.288571 -0.396000
v 0.500000 0.288571 -0.340000
v 0.500000 0.185714 -0.340000
v 0.500000 0.185714 -0.396000
v 0.842884 0.185714 -0.327796
v 0.821454 0.185714 -0.276059
v 0.500000 0.185714 -0.396000
v 0.157116 0.185714 -0.327796
v 0.157116 0.288571 -0.327796
v 0.500000 0.288571 -0.396000
v 0.178546 0.185714 -0.276059
v 0.500000 0.185714 -0.340000
v 0.500000 0.288571 -0.340000
v 0.178546 0.288571 -0.276059
v 0.500000 0.288571 -0.340000
v 0.500000 0.288571 -0.396000
v 0.157116 0.288571 -0.327796
v 0.178546 0.288571 -0.276059
v 0.178546 0.185714 -0.276059
v 0.157116 0.185714 -0.327796
v 0.500000 0.185714 -0.396000
v 0.500000 0.185714 -0.340000
v 0.157116 0.185714 -0.327796
v -0.133568 0.185714 -0.133568
v -0.133568 0.288571 -0.133568
v 0.157116 0.288571 -0.327796
v -0.093970 0.185714 -0.093970
v 0.178546 0.185714 -0.276059
v 0.178546 0.288571 -0.276059
v -0.093970 0.288571 -0.093970
v 0.178546 0.288571 -0.276059
v 0.157116 0.288571 -0.327796
v -0.133568 0.288571 -0.133568
v -0.093970 0.288571 -0.093970
v -0.093970 0.185714 -0.093970
v -0.133568 0.185714 -0.133568
v 0.157116 0.185714 -0.327796
v 0.178546 0.185714 -0.276059
v -0.133568 0.185714 -0.133568
v -0.327796 0.185714 0.157116
v -0.327796 0.288571 0.157116
v -0.133568 0.288571 -0.133568
v -0.276059 0.185714 0.178546
v -0.093970 0.185714 -0.093970
v -0.093970 0.288571 -0.093970
v -0.276059 0.288571 0.178546
v -0.093970 0.288571 -0.093970
v -0.133568 0.288571 -0.133568
v -0.327796 0.288571 0.157116
v -0.276059 0.288571 0.178546
v -0.276059 0.185714 0.178546
v -0.327796 0.185714 0.157116
v -0.133568 0.185714 -0.133568
v -0.093970 0.185714 -0.093970
v -0.327796 0.185714 0.157116
v -0.396000 0.185714 0.500000
v -0.396000 0.288571 0.500000
v -0.327796 0.288571 0.157116
v -0.340000 0.185714 0.500000
v -0.276059 0.185714 0.178546
v -0.276059 0.288571 0.178546
v -0.340000 0.288571 0.500000
v -0.276059 0.288571 0.178546
v -0.327796 0.288571 0.157116
v -0.396000 0.288571 0.500000
v -0.340000 0.288571 0.500000
v -0.340000 0.185714 0.500000
v -0.396000 0.185714 0.500000
v -0.327796 0.185714 0.157116
v -0.276059 0.185714 0.178546
v -0.396000 0.185714 0.500000
v -0.327796 0.185714 0.842884
v -0.327796 0.288571 0.842884
v -0.396000 0.288571 0.500000
v -0.276059 0.185714 0.821454
v -0.340000 0.185714 0.500000
v -0.340000 0.288571 0.500000
v -0.276059 0.288571 0.821454
v -0.340000 0.288571 0.500000
v -0.396000 0.288571 0.500000
v -0.327796 0.288571 0.842884
v -0.276059 0.288571 0.821454
v -0.276059 0.185714 0.821454
v -0.327796 0.185714 0.842884
v -0.396000 0.185714 0.500000
v -0.340000 0.185714 0.500000
v -0.327796 0.185714 0.842884
v -0.133568 0.185714 1.133568
v -0.133568 0.288571 1.133568
v -0.327796 0.288571 0.842884
v -0.093970 0.185714 1.093970
v -0.276059 0.185714 0.821454
v -0.276059 0.288571 0.821454
v -0.093970 0.288571 1.093970
v -0.276059 0.288571 0.821454
v -0.327796 0.288571 0.842884
v -0.133568 0.288571 1.133568
v -0.093970 0.288571 1.093970
v -0.093970 0.185714 1.093970
v -0.133568 0.185714 1.133568
v -0.327796 0.185714 0.842884
v -0.276059 0.185714 0.821454
v -0.133568 0.185714 1.133568
v 0.157116 0.185714 1.327796
v 0.157116 0.288571 1.327796
v -0.133568 0.288571 1.133568
v 0.178546 0.185714 1.276059
v -0.093970 0.185714 1.093970
v -0.093970 0.288571 1.093970
v 0.178546 0.288571 1.276059
v -0.093970 0.288571 1.093970
v -0.133568 0.288571 1.133568
v 0.157116 0.288571 1.327796
v 0.178546 0.288571 1.276059
v 0.178546 0.185714 1.276059
v 0.157116 0.185714 1.327796
v -0.133568 0.185714 1.133568
v -0.093970 0.185714 1.093970
v 0.157116 0.185714 1.327796
v 0.500000 0.185714 1.396000
v 0.500000 0.288571 1.396000
v 0.157116 0.288571 1.327796
v 0.500000 0.185714 1.340000
v 0.178546 0.185714 1.276059
v 0.178546 0.288571 1.276059
v 0.500000 0.288571 1.340000
v 0.178546 0.288571 1.276059
v 0.157116 0.288571 1.327796
v 0.500000 0.288571 1.396000
v 0.500000 0.288571 1.340000
v 0.500000 0.185714 1.340000
v 0.500000 0.185714 1.396000
v 0.157116 0.185714 1.327796
v 0.178546 0.185714 1.276059
v 0.500000 0.185714 1.396000
v 0.842884 0.185714 1.327796
v 0.842884 0.288571 1.327796
v 0.500000 0.288571 1.396000
v 0.821454 0.185714 1.276059
v 0.500000 0.185714 1.340000
v 0.500000 0.288571 1.340000
v 0.821454 0.288571 1.276059
v 0.500000 0.288571 1.340000
v 0.500000 0.288571 1.396000
v 0.842884 0.288571 1.327796
v 0.821454 0.288571 1.276059
v 0.821454 0.185714 1.276059
v 0.842884 0.185714 1.327796
v 0.500000 0.185714 1.396000
v 0.500000 0.185714 1.340000
v 0.842884 0.185714 1.327796
v 1.133568 0.185714 1.133568
v 1.133568 0.288571 1.133568
v 0.842884 0.288571 1.327796
v 1.093970 0.185714 1.093970
v 0.821454 0.185714 1.276059
v 0.821454 0.288571 1.276059
v 1.093970 0.288571 1.093970
v 0.821454 0.288571 1.276059
v 0.842884 0.288571 1.327796
v 1.133568 0.288571 1.133568
v 1.093970 0.288571 1.093970
v 1.093970 0.185714 1.093970
v 1.133568 0.185714 1.133568
v 0.842884 0.185714 1.327796
v 0.821454 0.185714 1.276059
v 1.133568 0.185714 1.133568
v 1.327796 0.185714 0.842884
v 1.327796 0.288571 0.842884
v 1.133568 0.288571 1.133568
v 1.276059 0.185714 0.821454
v 1.093970 0.185714 1.093970
v 1.093970 0.288571 1.093970
v 1.276059 0.288571 0.821454
v 1.093970 0.288571 1.093970
v 1.133568 0.288571 1.133568
v 1.327796 0.288571 0.842884
v 1.276059 0.288571 0.821454
v 1.276059 0.185714 0.821454
v 1.327796 0.185714 0.842884
v 1.133568 0.185714 1.133568
v 1.093970 0.185714 1.093970
v 1.327796 0.185714 0.842884
v 1.396000 0.185714 0.500000
v 1.396000 0.288571 0.500000
v 1.327796 0.288571 0.842884
v 1.340000 0.185714 0.500000
v 1.276059 0.185714 0.821454
v 1.276059 0.288571 0.821454
v 1.340000 0.288571 0.500000
v 1.276059 0.288571 0.821454
v 1.327796 0.288571 0.842884
v 1.396000 0.288571 0.500000
v 1.340000 0.288571 0.500000
v 1.340000 0.185714 0.500000
v 1.396000 0.185714 0.500000
v 1.327796 0.185714 0.842884
v 1.276059 0.185714 0.821454
v 1.396000 0.322857 0.500000
v 1.327796 0.322857 0.157116
v 1.327796 0.454286 0.157116
v 1.396000 0.454286 0.500000
v 1.276059 0.322857 0.178546
v 1.340000 0.322857 0.500000
v 1.340000 0.454286 0.500000
v 1.276059 0.454286 0.178546
v 1.340000 0.454286 0.500000
v 1.396000 0.454286 0.500000
v 1.327796 0.454286 0.157116
v 1.276059 0.454286 0.178546
v 1.276059 0.322857 0.178546
v 1.327796 0.322857 0.157116
v 1.396000 0.322857 0.500000
v 1.340000 0.322857 0.500000
v 1.327796 0.322857 0.157116
v 1.133568 0.322857 -0.133568
v 1.133568 0.454286 -0.133568
v 1.327796 0.454286 0.157116
v 1.093970 0.322857 -0.093970
v 1.276059 0.322857 0.178546
v 1.276059 0.454286 0.178546
v 1.093970 0.454286 -0.093970
v 1.276059 0.454286 0.178546
v 1.327796 0.454286 0.157116
v 1.133568 0.454286 -0.133568
v 1.093970 0.454286 -0.093970
v 1.093970 0.322857 -0.093970
v 1.133568 0.322857 -0.133568
v 1.327796 0.322857 0.157116
v 1.276059 0.322857 0.178546
v 1.133568 0.322857 -0.133568
v 0.842884 0.322857 -0.327796
v 0.842884 0.454286 -0.327796
v 1.133568 0.454286 -0.133568
v 0.821454 0.322857 -0.276059
v 1.093970 0.322857 -0.093970
v 1.093970 0.454286 -0.093970
v 0.821454 0.454286 -0.276059
v 1.093970 0.454286 -0.093970
v 1.133568 0.454286 -0.133568
v 0.842884 0.454286 -0.327796
v 0.821454 0.454286 -0.276059
v 0.821454 0.322857 -0.276059
v 0.842884 0.322857 -0.327796
v 1.133568 0.322857 -0.133568
v 1.093970 0.322857 -0.093970
v 0.842884 0.322857 -0.327796
v 0.500000 0.322857 -0.396000
v 0.500000 0.454286 -0.396000
v 0.842884 0.454286 -0.327796
v 0.500000 0.322857 -0.340000
v 0.821454 0.322857 -0.276059
v 0.821454 0.454286 -0.276059
v 0.500000 0.454286 -0.340000
v 0.821454 0.454286 -0.276059
v 0.842884 0.454286 -0.327796
v 0.500000 0.454286 -0.396000
v 0.500000 0.454286 -0.340000
v 0.500000 0.322857 -0.340000
v 0.500000 0.322857 -0.396000
v 0.842884 0.322857 -0.327796
v 0.821454 0.322857 -0.276059
v 0.500000 0.322857 -0.396000
v 0.157116 0.322857 -0.327796
v 0.157116 0.454286 -0.327796
v 0.500000 0.454286 -0.396000
v 0.178546 0.322857 -0.276059
v 0.500000 0.322857 -0.340000
v 0.500000 0.454286 -0.340000
v 0.178546 0.454286 -0.276059
v 0.500000 0.454286 -0.340000
v 0.500000 0.454286 -0.396000
v 0.157116 0.454286 -0.327796
v 0.178546 0.454286 -0.276059
v 0.178546 0.322857 -0.276059
v 0.157116 0.322857 -0.327796
v 0.500000 0.322857 -0.396000
v 0.500000 0.322857 -0.340000
v 0.157116 0.322857 -0.327796
v -0.133568 0.322857 -0.133568
v -0.133568 0.454286 -0.133568
v 0.157116 0.454286 -0.327796
v -0.093970 0.322857 -0.093970
v 0.178546 0.322857 -0.276059
v 0.178546 0.454286 -0.276059
v -0.093970 0.454286 -0.093970
v 0.178546 0.454286 -0.276059
v 0.157116 0.454286 -0.327796
v -0.133568 0.454286 -0.133568
v -0.093970 0.454286 -0.093970
v -0.093970 0.322857 -0.093970
v -0.133568 0.322857 -0.133568
v 0.157116 0.322857 -0.327796
v 0.178546 0.322857 -0.276059
v -0.133568 0.322857 -0.133568
v -0.327796 0.322857 0.157116
v -0.327796 0.454286 0.157116
v -0.133568 0.454286 -0.133568
v -0.276059 0.322857 0.178546
v -0.093970 0.322857 -0.093970
v -0.093970 0.454286 -0.093970
v -0.276059 0.454286 0.178546
v -0.093970 0.454286 -0.093970
v -0.133568 0.454286 -0.133568
v -0.327796 0.454286 0.157116
v -0.276059 0.454286 0.178546
v -0.276059 0.322857 0.178546
v -0.327796 0.322857 0.157116
v -0.133568 0.322857 -0.133568
v -0.093970 0.322857 -0.093970
v -0.327796 0.322857 0.157116
v -0.396000 0.322857 0.500000
v -0.396000 0.454286 0.500000
v -0.327796 0.454286 0.157116
v -0.340000 0.322857 0.500000
v -0.276059 0.322857 0.178546
v -0.276059 0.454286 0.178546
v -0.340000 0.454286 0.500000
v -0.276059 0.454286 0.178546
v -0.327796 0.454286 0.157116
v -0.396000 0.454286 0.500000
v -0.340000 0.454286 0.500000
v -0.340000 0.322857 0.500000
v -0.396000 0.322857 0.500000
v -0.327796 0.322857 0.157116
v -0.276059 0.322857 0.178546
v -0.396000 0.322857 0.500000
v -0.327796 0.322857 0.842884
v -0.327796 0.454286 0.842884
v -0.396000 0.454286 0.500000
v -0.276059 0.322857 0.821454
v -0.340000 0.322857 0.500000
v -0.340000 0.454286 0.500000
v -0.276059 0.454286 0.821454
v -0.340000 0.454286 0.500000
v -0.396000 0.454286 0.500000
v -0.327796 0.454286 0.842884
v -0.276059 0.454286 0.821454
v -0.276059 0.322857 0.821454
v -0.327796 0.322857 0.842884
v -0.396000 0.322857 0.500000
v -0.340000 0.322857 0.500000
v -0.327796 0.322857 0.842884
v -0.133568 0.322857 1.133568
v -0.133568 0.454286 1.133568
v -0.327796 0.454286 0.842884
v -0.093970 0.322857 1.093970
v -0.276059 0.322857 0.821454
v -0.276059 0.454286 0.821454
v -0.093970 0.454286 1.093970
v -0.276059 0.454286 0.821454
v -0.327796 0.454286 0.842884
v -0.133568 0.454286 1.133568
v -0.093970 0.454286 1.093970
v -0.093970 0.322857 1.093970
v -0.133568 0.322857 1.133568
v -0.327796 0.322857 0.842884
v -0.276059 0.322857 0.821454
v -0.133568 0.322857 1.133568
v 0.157116 0.322857 1.327796
v 0.157116 0.454286 1.327796
v -0.133568 0.454286 1.133568
v 0.178546 0.322857 1.276059
v -0.093970 0.322857 1.093970
v -0.093970 0.454286 1.093970
v 0.178546 0.454286 1.276059
v -0.093970 0.454286 1.093970
v -0.133568 0.454286 1.133568
v 0.157116 0.454286 1.327796
v 0.178546 0.454286 1.276059
v 0.178546 0.322857 1.276059
v 0.157116 0.322857 1.327796
v -0.133568 0.322857 1.133568
v -0.093970 0.322857 1.093970
v 0.157116 0.322857 1.327796
v 0.500000 0.322857 1.396000
v 0.500000 0.454286 1.396000
v 0.157116 0.454286 1.327796
v 0.500000 0.322857 1.340000
v 0.178546 0.322857 1.276059
v 0.178546 0.454286 1.276059
v 0.500000 0.454286 1.340000
v 0.178546 0.454286 1.276059
v 0.157116 0.454286 1.327796
v 0.500000 0.454286 1.396000
v 0.500000 0.454286 1.340000
v 0.500000 0.322857 1.340000
v 0.500000 0.322857 1.396000
v 0.157116 0.322857 1.327796
v 0.178546 0.322857 1.276059
v 0.500000 0.322857 1.396000
v 0.842884 0.322857 1.327796
v 0.842884 0.454286 1.327796
v 0.500000 0.454286 1.396000
v 0.821454 0.322857 1.276059
v 0.500000 0.322857 1.340000
v 0.500000 0.454286 1.340000
v 0.821454 0.454286 1.276059
v 0.500000 0.454286 1.340000
v 0.500000 0.454286 1.396000
v 0.842884 0.454286 1.327796
v 0.821454 0.454286 1.276059
v 0.821454 0.322857 1.276059
v 0.842884 0.322857 1.327796
v 0.500000 0.322857 1.396000
v 0.500000 0.322857 1.340000
v 0.842884 0.322857 1.327796
v 1.133568 0.322857 1.133568
v 1.133568 0.454286 1.133568
v 0.842884 0.454286 1.327796
v 1.093970 0.322857 1.093970
v 0.821454 0.322857 1.276059
v 0.821454 0.454286 1.276059
v 1.093970 0.454286 1.093970
v 0.821454 0.454286 1.276059
v 0.842884 0.454286 1.327796
v 1.133568 0.454286 1.133568
v 1.093970 0.454286 1.093970
v 1.093970 0.322857 1.093970
v 1.133568 0.322857 1.133568
v 0.842884 0.322857 1.327796
v 0.821454 0.322857 1.276059
v 1.133568 0.322857 1.133568
v 1.327796 0.322857 0.842884
v 1.327796 0.454286 0.842884
v 1.133568 0.454286 1.133568
v 1.276059 0.322857 0.821454
v 1.093970 0.322857 1.093970
v 1.093970 0.454286 1.093970
v 1.276059 0.454286 0.821454
v 1.093970 0.454286 1.093970
v 1.133568 0.454286 1.133568
v 1.327796 0.454286 0.842884
v 1.276059 0.454286 0.821454
v 1.276059 0.322857 0.821454
v 1.327796 0.322857 0.842884
v 1.133568 0.322857 1.133568
v 1.093970 0.322857 1.093970
v 1.327796 0.322857 0.842884
v 1.396000 0.322857 0.500000
v 1.396000 0.454286 0.500000
v 1.327796 0.454286 0.842884
v 1.340000 0.322857 0.500000
v 1.276059 0.322857 0.821454
v 1.276059 0.454286 0.821454
v 1.340000 0.454286 0.500000
v 1.276059 0.454286 0.821454
v 1.327796 0.454286 0.842884
v 1.396000 0.454286 0.500000
v 1.340000 0.454286 0.500000
v 1.340000 0.322857 0.500000
v 1.396000 0.322857 0.500000
v 1.327796 0.322857 0.842884
v 1.276059 0.322857 0.821454
v 1.396000 0.488571 0.500000
v 1.327796 0.488571 0.157116
v 1.327796 0.620000 0.157116
v 1.396000 0.620000 0.500000
v 1.276059 0.488571 0.178546
v 1.340000 0.488571 0.500000
v 1.340000 0.620000 0.500000
v 1.276059 0.620000 0.178546
v 1.340000 0.620000 0.500000
v 1.396000 0.620000 0.500000
v 1.327796 0.620000 0.157116
v 1.276059 0.620000 0.178546
v 1.276059 0.488571 0.178546
v 1.327796 0.488571 0.157116
v 1.396000 0.488571 0.500000
v 1.340000 0.488571 0.500000
v 1.327796 0.488571 0.157116
v 1.133568 0.488571 -0.133568
v 1.133568 0.620000 -0.133568
v 1.327796 0.620000 0.157116
v 1.093970 0.488571 -0.093970
v 1.276059 0.488571 0.178546
v 1.276059 0.620000 0.178546
v 1.093970 0.620000 -0.093970
v 1.276059 0.620000 0.178546
v 1.327796 0.620000 0.157116
v 1.133568 0.620000 -0.133568
v 1.093970 0.620000 -0.093970
v 1.093970 0.488571 -0.093970
v 1.133568 0.488571 -0.133568
v 1.327796 0.488571 0.157116
v 1.276059 0.488571 0.178546
v 1.133568 0.488571 -0.133568
v 0.842884 0.488571 -0.327796
v 0.842884 0.620000 -0.327796
v 1.133568 0.620000 -0.133568
v 0.821454 0.488571 -0.276059
v 1.093970 0.488571 -0.093970
v 1.093970 0.620000 -0.093970
v 0.821454 0.620000 -0.276059
v 1.093970 0.620000 -0.093970
v 1.133568 0.620000 -0.133568
v 0.842884 0.620000 -0.327796
v 0.821454 0.620000 -0.276059
v 0.821454 0.488571 -0.276059
v 0.842884 0.488571 -0.327796
v 1.133568 0.488571 -0.133568
v 1.093970 0.488571 -0.093970
v 0.842884 0.488571 -0.327796
v 0.500000 0.488571 -0.396000
v 0.500000 0.620000 -0.396000
v 0.842884 0.620000 -0.327796
v 0.500000 0.488571 -0.340000
v 0.821454 0.488571 -0.276059
v 0.821454 0.620000 -0.276059
v 0.500000 0.620000 -0.340000
v 0.821454 0.620000 -0.276059
v 0.842884 0.620000 -0.327796
v 0.500000 0.620000 -0.396000
v 0.500000 0.620000 -0.340000
v 0.500000 0.488571 -0.340000
v 0.500000 0.488571 -0.396000
v 0.842884 0.488571 -0.327796
v 0.821454 0.488571 -0.276059
v 0.500000 0.488571 -0.396000
v 0.157116 0.488571 -0.327796
v 0.157116 0.620000 -0.327796
v 0.500000 0.620000 -0.396000
v 0.178546 0.488571 -0.276059
v 0.500000 0.488571 -0.340000
v 0.500000 0.620000 -0.340000
v 0.178546 0.620000 -0.276059
v 0.500000 0.620000 -0.340000
v 0.500000 0.620000 -0.396000
v 0.157116 0.620000 -0.327796
v 0.178546 0.620000 -0.276059
v 0.178546 0.488571 -0.276059
v 0.157116 0.488571 -0.327796
v 0.500000 0.488571 -0.396000
v 0.500000 0.488571 -0.340000
v 0.157116 0.488571 -0.327796
v -0.133568 0.488571 -0.133568
v -0.133568 0.620000 -0.133568
v 0.157116 0.620000 -0.327796
v -0.093970 0.488571 -0.093970
v 0.178546 0.488571 -0.276059
v 0.178546 0.620000 -0.276059
v -0.093970 0.620000 -0.093970
v 0.178546 0.620000 -0.276059
v 0.157116 0.620000 -0.327796
v -0.133568 0.620000 -0.133568
v -0.093970 0.620000 -0.093970
v -0.093970 0.488571 -0.093970
v -0.133568 0.488571 -0.133568
v 0.157116 0.488571 -0.327796
v 0.178546 0.488571 -0.276059
v -0.133568 0.488571 -0.133568
v -0.327796 0.488571 0.157116
v -0.327796 0.620000 0.157116
v -0.133568 0.620000 -0.133568
v -0.276059 0.488571 0.178546
v -0.093970 0.488571 -0.093970
v -0.093970 0.620000 -0.093970
v -0.276059 0.620000 0.178546
v -0.093970 0.620000 -0.093970
v -0.133568 0.620000 -0.133568
v -0.327796 0.620000 0.157116
v -0.276059 0.620000 0.178546
v -0.276059 0.488571 0.178546
v -0.327796 0.488571 0.157116
v -0.133568 0.488571 -0.133568
v -0.093970 0.488571 -0.093970
v -0.327796 0.488571 0.157116
v -0.396000 0.488571 0.500000
v -0.396000 0.620000 0.500000
v -0.327796 0.620000 0.157116
v -0.340000 0.488571 0.500000
v -0.276059 0.488571 0.178546
v -0.276059 0.620000 0.178546
v -0.340000 0.620000 0.500000
v -0.276059 0.620000 0.178546
v -0.327796 0.620000 0.157116
v -0.396000 0.620000 0.500000
v -0.340000 0.620000 0.500000
v -0.340000 0.488571 0.500000
v -0.396000 0.488571 0.500000
v -0.327796 0.488571 0.157116
v -0.276059 0.488571 0.178546
v -0.396000 0.488571 0.500000
v -0.327796 0.488571 0.842884
v -0.327796 0.620000 0.842884
v -0.396000 0.620000 0.500000
v -0.276059 0.488571 0.821454
v -0.340000 0.488571 0.500000
v -0.340000 0.620000 0.500000
v -0.276059 0.620000 0.821454
v -0.340000 0.620000 0.500000
v -0.396000 0.620000 0.500000
v -0.327796 0.620000 0.842884
v -0.276059 0.620000 0.821454
v -0.276059 0.488571 0.821454
v -0.327796 0.488571 0.842884
v -0.396000 0.488571 0.500000
v -0.340000 0.488571 0.500000
v -0.327796 0.488571 0.842884
v -0.133568 0.488571 1.133568
v -0.133568 0.620000 1.133568
v -0.327796 0.620000 0.842884
v -0.093970 0.488571 1.093970
v -0.276059 0.488571 0.821454
v -0.276059 0.620000 0.821454
v -0.093970 0.620000 1.093970
v -0.276059 0.620000 0.821454
v -0.327796 0.620000 0.842884
v -0.133568 0.620000 1.133568
v -0.093970 0.620000 1.093970
v -0.093970 0.488571 1.093970
v -0.133568 0.488571 1.133568
v -0.327796 0.488571 0.842884
v -0.276059 0.488571 0.821454
v -0.133568 0.488571 1.133568
v 0.157116 0.488571 1.327796
v 0.157116 0.620000 1.327796
v -0.133568 0.620000 1.133568
v 0.178546 0.488571 1.276059
v -0.093970 0.488571 1.093970
v -0.093970 0.620000 1.093970
v 0.178546 0.620000 1.276059
v -0.093970 0.620000 1.093970
v -0.133568 0.620000 1.133568
v 0.157116 0.620000 1.327796
v 0.178546 0.620000 1.276059
v 0.178546 0.488571 1.276059
v 0.157116 0.488571 1.327796
v -0.133568 0.488571 1.133568
v -0.093970 0.488571 1.093970
v 0.157116 0.488571 1.327796
v 0.500000 0.488571 1.396000
v 0.500000 0.620000 1.396000
v 0.157116 0.620000 1.327796
v 0.500000 0.488571 1.340000
v 0.178546 0.488571 1.276059
v 0.178546 0.620000 1.276059
v 0.500000 0.620000 1.340000
v 0.178546 0.620000 1.276059
v 0.157116 0.620000 1.327796
v 0.500000 0.620000 1.396000
v 0.500000 0.620000 1.340000
v 0.500000 0.488571 1.340000
v 0.500000 0.488571 1.396000
v 0.157116 0.488571 1.327796
v 0.178546 0.488571 1.276059
v 0.500000 0.488571 1.396000
v 0.842884 0.488571 1.327796
v 0.842884 0.620000 1.327796
v 0.500000 0.620000 1.396000
v 0.821454 0.488571 1.276059
v 0.500000 0.488571 1.340000
v 0.500000 0.620000 1.340000
v 0.821454 0.620000 1.276059
v 0.500000 0.620000 1.340000
v 0.500000 0.620000 1.396000
v 0.842884 0.620000 1.327796
v 0.821454 0.620000 1.276059
v 0.821454 0.488571 1.276059
v 0.842884 0.488571 1.327796
v 0.500000 0.488571 1.396000
v 0.500000 0.488571 1.340000
v 0.842884 0.488571 1.327796
v 1.133568 0.488571 1.133568
v 1.133568 0.620000 1.133568
v 0.842884 0.620000 1.327796
v 1.093970 0.488571 1.093970
v 0.821454 0.488571 1.276059
v 0.821454 0.620000 1.276059
v 1.093970 0.620000 1.093970
v 0.821454 0.620000 1.276059
v 0.842884 0.620000 1.327796
v 1.133568 0.620000 1.133568
v 1.093970 0.620000 1.093970
v 1.093970 0.488571 1.093970
v 1.133568 0.488571 1.133568
v 0.842884 0.488571 1.327796
v 0.821454 0.488571 1.276059
v 1.133568 0.488571 1.133568
v 1.327796 0.488571 0.842884
v 1.327796 0.620000 0.842884
v 1.133568 0.620000 1.133568
v 1.276059 0.488571 0.821454
v 1.093970 0.488571 1.093970
v 1.093970 0.620000 1.093970
v 1.276059 0.620000 0.821454
v 1.093970 0.620000 1.093970
v 1.133568 0.620000 1.133568
v 1.327796 0.620000 0.842884
v 1.276059 0.620000 0.821454
v 1.276059 0.488571 0.821454
v 1.327796 0.488571 0.842884
v 1.133568 0.488571 1.133568
v 1.093970 0.488571 1.093970
v 1.327796 0.488571 0.842884
v 1.396000 0.488571 0.500000
v 1.396000 0.620000 0.500000
v 1.327796 0.620000 0.842884
v 1.340000 0.488571 0.500000
v 1.276059 0.488571 0.821454
v 1.276059 0.620000 0.821454
v 1.340000 0.620000 0.500000
v 1.276059 0.620000 0.821454
v 1.327796 0.620000 0.842884
v 1.396000 0.620000 0.500000
v 1.340000 0.620000 0.500000
v 1.340000 0.488571 0.500000
v 1.396000 0.488571 0.500000
v 1.327796 0.488571 0.842884
v 1.276059 0.488571 0.821454
v 1.396000 0.654286 0.500000
v 1.327796 0.654286 0.157116
v 1.327796 0.757143 0.157116
v 1.396000 0.757143 0.500000
v 1.276059 0.654286 0.178546
v 1.340000 0.654286 0.500000
v 1.340000 0.757143 0.500000
v 1.276059 0.757143 0.178546
v 1.340000 0.757143 0.500000
v 1.396000 0.757143 0.500000
v 1.327796 0.757143 0.157116
v 1.276059 0.757143 0.178546
v 1.276059 0.654286 0.178546
v 1.327796 0.654286 0.157116
v 1.396000 0.654286 0.500000
v 1.340000 0.654286 0.500000
v 1.327796 0.654286 0.157116
v 1.133568 0.654286 -0.133568
v 1.133568 0.757143 -0.133568
v 1.327796 0.757143 0.157116
v 1.093970 0.654286 -0.093970
v 1.276059 0.654286 0.178546
v 1.276059 0.757143 0.178546
v 1.093970 0.757143 -0.093970
v 1.276059 0.757143 0.178546
v 1.327796 0.757143 0.157116
v 1.133568 0.757143 -0.133568
v 1.093970 0.757143 -0.093970
v 1.093970 0.654286 -0.093970
v 1.133568 0.654286 -0.133568
v 1.327796 0.654286 0.157116
v 1.276059 0.654286 0.178546
v 1.133568 0.654286 -0.133568
v 0.842884 0.654286 -0.327796
v 0.842884 0.757143 -0.327796
v 1.133568 0.757143 -0.133568
v 0.821454 0.654286 -0.276059
v 1.093970 0.654286 -0.093970
v 1.093970 0.757143 -0.093970
v 0.821454 0.757143 -0.276059
v 1.093970 0.757143 -0.093970
v 1.133568 0.757143 -0.133568
v 0.842884 0.757143 -0.327796
v 0.821454 0.757143 -0.276059
v 0.821454 0.654286 -0.276059
v 0.842884 0.654286 -0.327796
v 1.133568 0.654286 -0.133568
v 1.093970 0.654286 -0.093970
v 0.842884 0.654286 -0.327796
v 0.500000 0.654286 -0.396000
v 0.500000 0.757143 -0.396000
v 0.842884 0.757143 -0.327796
v 0.500000 0.654286 -0.340000
v 0.821454 0.654286 -0.276059
v 0.821454 0.757143 -0.276059
v 0.500000 0.757143 -0.340000
v 0.821454 0.757143 -0.276059
v 0.842884 0.757143 -0.327796
v 0.500000 0.757143 -0.396000
v 0.500000 0.757143 -0.340000
v 0.500000 0.654286 -0.340000
v 0.500000 0.654286 -0.396000
v 0.842884 0.654286 -0.327796
v 0.821454 0.654286 -0.276059
v 0.500000 0.654286 -0.396000
v 0.157116 0.654286 -0.327796
v 0.157116 0.757143 -0.327796
v 0.500000 0.757143 -0.396000
v 0.178546 0.654286 -0.276059
v 0.500000 0.654286 -0.340000
v 0.500000 0.757143 -0.340000
v 0.178546 0.757143 -0.276059
v 0.500000 0.757143 -0.340000
v 0.500000 0.757143 -0.396000
v 0.157116 0.757143 -0.327796
v 0.178546 0.757143 -0.276059
v 0.178546 0.654286 -0.276059
v 0.157116 0.654286 -0.327796
v 0.500000 0.654286 -0.396000
v 0.500000 0.654286 -0.340000
v 0.157116 0.654286 -0.327796
v -0.133568 0.654286 -0.133568
v -0.133568 0.757143 -0.133568
v 0.157116 0.757143 -0.327796
v -0.093970 0.654286 -0.093970
v 0.178546 0.654286 -0.276059
v 0.178546 0.757143 -0.276059
v -0.093970 0.757143 -0.093970
v 0.178546 0.757143 -0.276059
v 0.157116 0.757143 -0.327796
v -0.133568 0.757143 -0.133568
v -0.093970 0.757143 -0.093970
v -0.093970 0.654286 -0.093970
v -0.133568 0.654286 -0.133568
v 0.157116 0.654286 -0.327796
v 0.178546 0.654286 -0.276059
v -0.133568 0.654286 -0.133568
v -0.327796 0.654286 0.157116
v -0.327796 0.757143 0.157116
v -0.133568 0.757143 -0.133568
v -0.276059 0.654286 0.178546
v -0.093970 0.654286 -0.093970
v -0.093970 0.757143 -0.093970
v -0.276059 0.757143 0.178546
v -0.093970 0.757143 -0.093970
v -0.133568 0.757143 -0.133568
v -0.327796 0.757143 0.157116
v -0.276059 0.757143 0.178546
v -0.276059 0.654286 0.178546
v -0.327796 0.654286 0.157116
v -0.133568 0.654286 -0.133568
v -0.093970 0.654286 -0.093970
v -0.327796 0.654286 0.157116
v -0.396000 0.654286 0.500000
v -0.396000 0.757143 0.500000
v -0.327796 0.757143 0.157116
v -0.340000 0.654286 0.500000
v -0.276059 0.654286 0.178546
v -0.276059 0.757143 0.178546
v -0.340000 0.757143 0.500000
v -0.276059 0.757143 0.178546
v -0.327796 0.757143 0.157116
v -0.396000 0.757143 0.500000
v -0.340000 0.757143 0.500000
v -0.340000 0.654286 0.500000
v -0.396000 0.654286 0.500000
v -0.327796 0.654286 0.157116
v -0.276059 0.654286 0.178546
v -0.396000 0.654286 0.500000
v -0.327796 0.654286 0.842884
v -0.327796 0.757143 0.842884
v -0.396000 0.757143 0.500000
v -0.276059 0.654286 0.821454
v -0.340000 0.654286 0.500000
v -0.340000 0.757143 0.500000
v -0.276059 0.757143 0.821454
v -0.340000 0.757143 0.500000
v -0.396000 0.757143 0.500000
v -0.327796 0.757143 0.842884
v -0.276059 0.757143 0.821454
v -0.276059 0.654286 0.821454
v -0.327796 0.654286 0.842884
v -0.396000 0.654286 0.500000
v -0.340000 0.654286 0.500000
v -0.327796 0.654286 0.842884
v -0.133568 0.654286 1.133568
v -0.133568 0.757143 1.133568
v -0.327796 0.757143 0.842884
v -0.093970 0.654286 1.093970
v -0.276059 0.654286 0.821454
v -0.276059 0.757143 0.821454
v -0.093970 0.757143 1.093970
v -0.276059 0.757143 0.821454
v -0.327796 0.757143 0.842884
v -0.133568 0.757143 1.133568
v -0.093970 0.757143 1.093970
v -0.093970 0.654286 1.093970
v -0.133568 0.654286 1.133568
v -0.327796 0.654286 0.842884
v -0.276059 0.654286 0.821454
v -0.133568 0.654286 1.133568
v 0.157116 0.654286 1.327796
v 0.157116 0.757143 1.327796
v -0.133568 0.757143 1.133568
v 0.178546 0.654286 1.276059
v -0.093970 0.654286 1.093970
v -0.093970 0.757143 1.093970
v 0.178546 0.757143 1.276059
v -0.093970 0.757143 1.093970
v -0.133568 0.757143 1.133568
v 0.157116 0.757143 1.327796
v 0.178546 0.757143 1.276059
v 0.178546 0.654286 1.276059
v 0.157116 0.654286 1.327796
v -0.133568 0.654286 1.133568
v -0.093970 0.654286 1.093970
v 0.157116 0.654286 1.327796
v 0.500000 0.654286 1.396000
v 0.500000 0.757143 1.396000
v 0.157116 0.757143 1.327796
v 0.500000 0.654286 1.340000
v 0.178546 0.654286 1.276059
v 0.178546 0.757143 1.276059
v 0.500000 0.757143 1.340000
v 0.178546 0.757143 1.276059
v 0.157116 0.757143 1.327796
v 0.500000 0.757143 1.396000
v 0.500000 0.757143 1.340000
v 0.500000 0.654286 1.340000
v 0.500000 0.654286 1.396000
v 0.157116 0.654286 1.327796
v 0.178546 0.654286 1.276059
v 0.500000 0.654286 1.396000
v 0.842884 0.654286 1.327796
v 0.842884 0.757143 1.327796
v 0.500000 0.757143 1.396000
v 0.821454 0.654286 1.276059
v 0.500000 0.654286 1.340000
v 0.500000 0.757143 1.340000
v 0.821454 0.757143 1.276059
v 0.500000 0.757143 1.340000
v 0.500000 0.757143 1.396000
v 0.842884 0.757143 1.327796
v 0.821454 0.757143 1.276059
v 0.821454 0.654286 1.276059
v 0.842884 0.654286 1.327796
v 0.500000 0.654286 1.396000
v 0.500000 0.654286 1.340000
v 0.842884 0.654286 1.327796
v 1.133568 0.654286 1.133568
v 1.133568 0.757143 1.133568
v 0.842884 0.757143 1.327796
v 1.093970 0.654286 1.093970
v 0.821454 0.654286 1.276059
v 0.821454 0.757143 1.276059
v 1.093970 0.757143 1.093970
v 0.821454 0.757143 1.276059
v 0.842884 0.757143 1.327796
v 1.133568 0.757143 1.133568
v 1.093970 0.757143 1.093970
v 1.093970 0.654286 1.093970
v 1.133568 0.654286 1.133568
v 0.842884 0.654286 1.327796
v 0.821454 0.654286 1.276059
v 1.133568 0.654286 1.133568
v 1.327796 0.654286 0.842884
v 1.327796 0.757143 0.842884
v 1.133568 0.757143 1.133568
v 1.276059 0.654286 0.821454
v 1.093970 0.654286 1.093970
v 1.093970 0.757143 1.093970
v 1.276059 0.757143 0.821454
v 1.093970 0.757143 1.093970
v 1.133568 0.757143 1.133568
v 1.327796 0.757143 0.842884
v 1.276059 0.757143 0.821454
v 1.276059 0.654286 0.821454
v 1.327796 0.654286 0.842884
v 1.133568 0.654286 1.133568
v 1.093970 0.654286 1.093970
v 1.327796 0.654286 0.842884
v 1.396000 0.654286 0.500000
v 1.396000 0.757143 0.500000
v 1.327796 0.757143 0.842884
v 1.340000 0.654286 0.500000
v 1.276059 0.654286 0.821454
v 1.276059 0.757143 0.821454
v 1.340000 0.757143 0.500000
v 1.276059 0.757143 0.821454
v 1.327796 0.757143 0.842884
v 1.396000 0.757143 0.500000
v 1.340000 0.757143 0.500000
v 1.340000 0.654286 0.500000
v 1.396000 0.654286 0.500000
v 1.327796 0.654286 0.842884
v 1.276059 0.654286 0.821454
v 1.128571 0.220000 0.500000
v 1.080724 0.220000 0.259456
v 1.080724 0.722857 0.259456
v 1.128571 0.722857 0.500000
v 0.890669 0.220000 0.338180
v 0.922857 0.220000 0.500000
v 0.922857 0.722857 0.500000
v 0.890669 0.722857 0.338180
v 0.922857 0.722857 0.500000
v 1.128571 0.722857 0.500000
v 1.080724 0.722857 0.259456
v 0.890669 0.722857 0.338180
v 0.890669 0.220000 0.338180
v 1.080724 0.220000 0.259456
v 1.128571 0.220000 0.500000
v 0.922857 0.220000 0.500000
v 1.080724 0.220000 0.259456
v 0.944467 0.220000 0.055533
v 0.944467 0.722857 0.055533
v 1.080724 0.722857 0.259456
v 0.799005 0.220000 0.200995
v 0.890669 0.220000 0.338180
v 0.890669 0.722857 0.338180
v 0.799005 0.722857 0.200995
v 0.890669 0.722857 0.338180
v 1.080724 0.722857 0.259456
v 0.944467 0.722857 0.055533
v 0.799005 0.722857 0.200995
v 0.799005 0.220000 0.200995
v 0.944467 0.220000 0.055533
v 1.080724 0.220000 0.259456
v 0.890669 0.220000 0.338180
v 0.944467 0.220000 0.055533
v 0.740544 0.220000 -0.080724
v 0.740544 0.722857 -0.080724
v 0.944467 0.722857 0.055533
v 0.661820 0.220000 0.109331
v 0.799005 0.220000 0.200995
v 0.799005 0.722857 0.200995
v 0.661820 0.722857 0.109331
v 0.799005 0.722857 0.200995
v 0.944467 0.722857 0.055533
v 0.740544 0.722857 -0.080724
v 0.661820 0.722857 0.109331
v 0.661820 0.220000 0.109331
v 0.740544 0.220000 -0.080724
v 0.944467 0.220000 0.055533
v 0.799005 0.220000 0.200995
v 0.740544 0.220000 -0.080724
v 0.500000 0.220000 -0.128571
v 0.500000 0.722857 -0.128571
v 0.740544 0.722857 -0.080724
v 0.500000 0.220000 0.077143
v 0.661820 0.220000 0.109331
v 0.661820 0.722857 0.109331
v 0.500000 0.722857 0.077143
v 0.661820 0.722857 0.109331
v 0.740544 0.722857 -0.080724
v 0.500000 0.722857 -0.128571
v 0.500000 0.722857 0.077143
v 0.500000 0.220000 0.077143
v 0.500000 0.220000 -0.128571
v 0.740544 0.220000 -0.080724
v 0.661820 0.220000 0.109331
v 0.500000 0.220000 -0.128571
v 0.259456 0.220000 -0.080724
v 0.259456 0.722857 -0.080724
v 0.500000 0.722857 -0.128571
v 0.338180 0.220000 0.109331
v 0.500000 0.220000 0.077143
v 0.500000 0.722857 0.077143
v 0.338180 0.722857 0.109331
v 0.500000 0.722857 0.077143
v 0.500000 0.722857 -0.128571
v 0.259456 0.722857 -0.080724
v 0.338180 0.722857 0.109331
v 0.338180 0.220000 0.109331
v 0.259456 0.220000 -0.080724
v 0.500000 0.220000 -0.128571
v 0.500000 0.220000 0.077143
v 0.259456 0.220000 -0.080724
v 0.055533 0.220000 0.055533
v 0.055533 0.722857 0.055533
v 0.259456 0.722857 -0.080724
v 0.200995 0.220000 0.200995
v 0.338180 0.220000 0.109331
v 0.338180 0.722857 0.109331
v 0.200995 0.722857 0.200995
v 0.338180 0.722857 0.109331
v 0.259456 0.722857 -0.080724
v 0.055533 0.722857 0.055533
v 0.200995 0.722857 0.200995
v 0.200995 0.220000 0.200995
v 0.055533 0.220000 0.055533
v 0.259456 0.220000 -0.080724
v 0.338180 0.220000 0.109331
v 0.055533 0.220000 0.055533
v -0.080724 0.220000 0.259456
v -0.080724 0.722857 0.259456
v 0.055533 0.722857 0.055533
v 0.109331 0.220000 0.338180
v 0.200995 0.220000 0.200995
v 0.200995 0.722857 0.200995
v 0.109331 0.722857 0.338180
v 0.200995 0.722857 0.200995
v 0.055533 0.722857 0.055533
v -0.080724 0.722857 0.259456
v 0.109331 0.722857 0.338180
v 0.109331 0.220000 0.338180
v -0.080724 0.220000 0.259456
v 0.055533 0.220000 0.055533
v 0.200995 0.220000 0.200995
v -0.080724 0.220000 0.259456
v -0.128571 0.220000 0.500000
v -0.128571 0.722857 0.500000
v -0.080724 0.722857 0.259456
v 0.077143 0.220000 0.500000
v 0.109331 0.220000 0.338180
v 0.109331 0.722857 0.338180
v 0.077143 0.722857 0.500000
v 0.109331 0.722857 0.338180
v -0.080724 0.722857 0.259456
v -0.128571 0.722857 0.500000
v 0.077143 0.722857 0.500000
v 0.077143 0.220000 0.500000
v -0.128571 0.220000 0.500000
v -0.080724 0.220000 0.259456
v 0.109331 0.220000 0.338180
v -0.128571 0.220000 0.500000
v -0.080724 0.220000 0.740544
v -0.080724 0.722857 0.740544
v -0.128571 0.722857 0.500000
v 0.109331 0.220000 0.661820
v 0.077143 0.220000 0.500000
v 0.077143 0.722857 0.500000
v 0.109331 0.722857 0.661820
v 0.077143 0.722857 0.500000
v -0.128571 0.722857 0.500000
v -0.080724 0.722857 0.740544
v 0.109331 0.722857 0.661820
v 0.109331 0.220000 0.661820
v -0.080724 0.220000 0.740544
v -0.128571 0.220000 0.500000
v 0.077143 0.220000 0.500000
v -0.080724 0.220000 0.740544
v 0.055533 0.220000 0.944467
v 0.055533 0.722857 0.944467
v -0.080724 0.722857 0.740544
v 0.200995 0.220000 0.799005
v 0.109331 0.220000 0.661820
v 0.109331 0.722857 0.661820
v 0.200995 0.722857 0.799005
v 0.109331 0.722857 0.661820
v -0.080724 0.722857 0.740544
v 0.055533 0.722857 0.944467
v 0.200995 0.722857 0.799005
v 0.200995 0.220000 0.799005
v 0.055533 0.220000 0.944467
v -0.080724 0.220000 0.740544
v 0.109331 0.220000 0.661820
v 0.055533 0.220000 0.944467
v 0.259456 0.220000 1.080724
v 0.259456 0.722857 1.080724
v 0.055533 0.722857 0.944467
v 0.338180 0.220000 0.890669
v 0.200995 0.220000 0.799005
v 0.200995 0.722857 0.799005
v 0.338180 0.722857 0.890669
v 0.200995 0.722857 0.799005
v 0.055533 0.722857 0.944467
v 0.259456 0.722857 1.080724
v 0.338180 0.722857 0.890669
v 0.338180 0.220000 0.890669
v 0.259456 0.220000 1.080724
v 0.055533 0.220000 0.944467
v 0.200995 0.220000 0.799005
v 0.259456 0.220000 1.080724
v 0.500000 0.220000 1.128571
v 0.500000 0.722857 1.128571
v 0.259456 0.722857 1.080724
v 0.500000 0.220000 0.922857
v 0.338180 0.220000 0.890669
v 0.338180 0.722857 0.890669
v 0.500000 0.722857 0.922857
v 0.338180 0.722857 0.890669
v 0.259456 0.722857 1.080724
v 0.500000 0.722857 1.128571
v 0.500000 0.722857 0.922857
v 0.500000 0.220000 0.922857
v 0.500000 0.220000 1.128571
v 0.259456 0.220000 1.080724
v 0.338180 0.220000 0.890669
v 0.500000 0.220000 1.128571
v 0.740544 0.220000 1.080724
v 0.740544 0.722857 1.080724
v 0.500000 0.722857 1.128571
v 0.661820 0.220000 0.890669
v 0.500000 0.220000 0.922857
v 0.500000 0.722857 0.922857
v 0.661820 0.722857 0.890669
v 0.500000 0.722857 0.922857
v 0.500000 0.722857 1.128571
v 0.740544 0.722857 1.080724
v 0.661820 0.722857 0.890669
v 0.661820 0.220000 0.890669
v 0.740544 0.220000 1.080724
v 0.500000 0.220000 1.128571
v 0.500000 0.220000 0.922857
v 0.740544 0.220000 1.080724
v 0.944467 0.220000 0.944467
v 0.944467 0.722857 0.944467
v 0.740544 0.722857 1.080724
v 0.799005 0.220000 0.799005
v 0.661820 0.220000 0.890669
v 0.661820 0.722857 0.890669
v 0.799005 0.722857 0.799005
v 0.661820 0.722857 0.890669
v 0.740544 0.722857 1.080724
v 0.944467 0.722857 0.944467
v 0.799005 0.722857 0.799005
v 0.799005 0.220000 0.799005
v 0.944467 0.220000 0.944467
v 0.740544 0.220000 1.080724
v 0.661820 0.220000 0.890669
v 0.944467 0.220000 0.944467
v 1.080724 0.220000 0.740544
v 1.080724 0.722857 0.740544
v 0.944467 0.722857 0.944467
v 0.890669 0.220000 0.661820
v 0.799005 0.220000 0.799005
v 0.799005 0.722857 0.799005
v 0.890669 0.722857 0.661820
v 0.799005 0.722857 0.799005
v 0.944467 0.722857 0.944467
v 1.080724 0.722857 0.740544
v 0.890669 0.722857 0.661820
v 0.890669 0.220000 0.661820
v 1.080724 0.220000 0.740544
v 0.944467 0.220000 0.944467
v 0.799005 0.220000 0.799005
v 1.080724 0.220000 0.740544
v 1.128571 0.220000 0.500000
v 1.128571 0.722857 0.500000
v 1.080724 0.722857 0.740544
v 0.922857 0.220000 0.500000
v 0.890669 0.220000 0.661820
v 0.890669 0.722857 0.661820
v 0.922857 0.722857 0.500000
v 0.890669 0.722857 0.661820
v 1.080724 0.722857 0.740544
v 1.128571 0.722857 0.500000
v 0.922857 0.722857 0.500000
v 0.922857 0.220000 0.500000
v 1.128571 0.220000 0.500000
v 1.080724 0.220000 0.740544
v 0.890669 0.220000 0.661820
v 1.111429 0.637143 0.500000
v 1.064886 0.637143 0.266016
v 1.064886 0.728571 0.266016
v 1.111429 0.728571 0.500000
v 0.927624 0.637143 0.322872
v 0.962857 0.637143 0.500000
v 0.962857 0.728571 0.500000
v 0.927624 0.728571 0.322872
v 0.962857 0.728571 0.500000
v 1.111429 0.728571 0.500000
v 1.064886 0.728571 0.266016
v 0.927624 0.728571 0.322872
v 0.927624 0.637143 0.322872
v 1.064886 0.637143 0.266016
v 1.111429 0.637143 0.500000
v 0.962857 0.637143 0.500000
v 1.064886 0.637143 0.266016
v 0.932345 0.637143 0.067655
v 0.932345 0.728571 0.067655
v 1.064886 0.728571 0.266016
v 0.827289 0.637143 0.172711
v 0.927624 0.637143 0.322872
v 0.927624 0.728571 0.322872
v 0.827289 0.728571 0.172711
v 0.927624 0.728571 0.322872
v 1.064886 0.728571 0.266016
v 0.932345 0.728571 0.067655
v 0.827289 0.728571 0.172711
v 0.827289 0.637143 0.172711
v 0.932345 0.637143 0.067655
v 1.064886 0.637143 0.266016
v 0.927624 0.637143 0.322872
v 0.932345 0.637143 0.067655
v 0.733984 0.637143 -0.064886
v 0.733984 0.728571 -0.064886
v 0.932345 0.728571 0.067655
v 0.677128 0.637143 0.072376
v 0.827289 0.637143 0.172711
v 0.827289 0.728571 0.172711
v 0.677128 0.728571 0.072376
v 0.827289 0.728571 0.172711
v 0.932345 0.728571 0.067655
v 0.733984 0.728571 -0.064886
v 0.677128 0.728571 0.072376
v 0.677128 0.637143 0.072376
v 0.733984 0.637143 -0.064886
v 0.932345 0.637143 0.067655
v 0.827289 0.637143 0.172711
v 0.733984 0.637143 -0.064886
v 0.500000 0.637143 -0.111429
v 0.500000 0.728571 -0.111429
v 0.733984 0.728571 -0.064886
v 0.500000 0.637143 0.037143
v 0.677128 0.637143 0.072376
v 0.677128 0.728571 0.072376
v 0.500000 0.728571 0.037143
v 0.677128 0.728571 0.072376
v 0.733984 0.728571 -0.064886
v 0.500000 0.728571 -0.111429
v 0.500000 0.728571 0.037143
v 0.500000 0.637143 0.037143
v 0.500000 0.637143 -0.111429
v 0.733984 0.637143 -0.064886
v 0.677128 0.637143 0.072376
v 0.500000 0.637143 -0.111429
v 0.266016 0.637143 -0.064886
v 0.266016 0.728571 -0.064886
v 0.500000 0.728571 -0.111429
v 0.322872 0.637143 0.072376
v 0.500000 0.637143 0.037143
v 0.500000 0.728571 0.037143
v 0.322872 0.728571 0.072376
v 0.500000 0.728571 0.037143
v 0.500000 0.728571 -0.111429
v 0.266016 0.728571 -0.064886
v 0.322872 0.728571 0.072376
v 0.322872 0.637143 0.072376
v 0.266016 0.637143 -0.064886
v 0.500000 0.637143 -0.111429
v 0.500000 0.637143 0.037143
v 0.266016 0.637143 -0.064886
v 0.067655 0.637143 0.067655
v 0.067655 0.728571 0.067655
v 0.266016 0.728571 -0.064886
v 0.172711 0.637143 0.172711
v 0.322872 0.637143 0.072376
v 0.322872 0.728571 0.072376
v 0.172711 0.728571 0.172711
v 0.322872 0.728571 0.072376
v 0.266016 0.728571 -0.064886
v 0.067655 0.728571 0.067655
v 0.172711 0.728571 0.172711
v 0.172711 0.637143 0.172711
v 0.067655 0.637143 0.067655
v 0.266016 0.637143 -0.064886
v 0.322872 0.637143 0.072376
v 0.067655 0.637143 0.067655
v -0.064886 0.637143 0.266016
v -0.064886 0.728571 0.266016
v 0.067655 0.728571 0.067655
v 0.072376 0.637143 0.322872
v 0.172711 0.637143 0.172711
v 0.172711 0.728571 0.172711
v 0.072376 0.728571 0.322872
v 0.172711 0.728571 0.172711
v 0.067655 0.728571 0.067655
v -0.064886 0.728571 0.266016
v 0.072376 0.728571 0.322872
v 0.072376 0.637143 0.322872
v -0.064886 0.637143 0.266016
v 0.067655 0.637143 0.067655
v 0.172711 0.637143 0.172711
v -0.064886 0.637143 0.266016
v -0.111429 0.637143 0.500000
v -0.111429 0.728571 0.500000
v -0.064886 0.728571 0.266016
v 0.037143 0.637143 0.500000
v 0.072376 0.637143 0.322872
v 0.072376 0.728571 0.322872
v 0.037143 0.728571 0.500000
v 0.072376 0.728571 0.322872
v -0.064886 0.728571 0.266016
v -0.111429 0.728571 0.500000
v 0.037143 0.728571 0.500000
v 0.037143 0.637143 0.500000
v -0.111429 0.637143 0.500000
v -0.064886 0.637143 0.266016
v 0.072376 0.637143 0.322872
v -0.111429 0.637143 0.500000
v -0.064886 0.637143 0.733984
v -0.064886 0.728571 0.733984
v -0.111429 0.728571 0.500000
v 0.072376 0.637143 0.677128
v 0.037143 0.637143 0.500000
v 0.037143 0.728571 0.500000
v 0.072376 0.728571 0.677128
v 0.037143 0.728571 0.500000
v -0.111429 0.728571 0.500000
v -0.064886 0.728571 0.733984
v 0.072376 0.728571 0.677128
v 0.072376 0.637143 0.677128
v -0.064886 0.637143 0.733984
v -0.111429 0.637143 0.500000
v 0.037143 0.637143 0.500000
v -0.064886 0.637143 0.733984
v 0.067655 0.637143 0.932345
v 0.067655 0.728571 0.932345
v -0.064886 0.728571 0.733984
v 0.172711 0.637143 0.827289
v 0.072376 0.637143 0.677128
v 0.072376 0.728571 0.677128
v 0.172711 0.728571 0.827289
v 0.072376 0.728571 0.677128
v -0.064886 0.728571 0.733984
v 0.067655 0.728571 0.932345
v 0.172711 0.728571 0.827289
v 0.172711 0.637143 0.827289
v 0.067655 0.637143 0.932345
v -0.064886 0.637143 0.733984
v 0.072376 0.637143 0.677128
v 0.067655 0.637143 0.932345
v 0.266016 0.637143 1.064886
v 0.266016 0.728571 1.064886
v 0.067655 0.728571 0.932345
v 0.322872 0.637143 0.927624
v 0.172711 0.637143 0.827289
v 0.172711 0.728571 0.827289
v 0.322872 0.728571 0.927624
v 0.172711 0.728571 0.827289
v 0.067655 0.728571 0.932345
v 0.266016 0.728571 1.064886
v 0.322872 0.728571 0.927624
v 0.322872 0.637143 0.927624
v 0.266016 0.637143 1.064886
v 0.067655 0.637143 0.932345
v 0.172711 0.637143 0.827289
v 0.266016 0.637143 1.064886
v 0.500000 0.637143 1.111429
v 0.500000 0.728571 1.111429
v 0.266016 0.728571 1.064886
v 0.500000 0.637143 0.962857
v 0.322872 0.637143 0.927624
v 0.322872 0.728571 0.927624
v 0.500000 0.728571 0.962857
v 0.322872 0.728571 0.927624
v 0.266016 0.728571 1.064886
v 0.500000 0.728571 1.111429
v 0.500000 0.728571 0.962857
v 0.500000 0.637143 0.962857
v 0.500000 0.637143 1.111429
v 0.266016 0.637143 1.064886
v 0.322872 0.637143 0.927624
v 0.500000 0.637143 1.111429
v 0.733984 0.637143 1.064886
v 0.733984 0.728571 1.064886
v 0.500000 0.728571 1.111429
v 0.677128 0.637143 0.927624
v 0.500000 0.637143 0.962857
v 0.500000 0.728571 0.962857
v 0.677128 0.728571 0.927624
v 0.500000 0.728571 0.962857
v 0.500000 0.728571 1.111429
v 0.733984 0.728571 1.064886
v 0.677128 0.728571 0.927624
v 0.677128 0.637143 0.927624
v 0.733984 0.637143 1.064886
v 0.500000 0.637143 1.111429
v 0.500000 0.637143 0.962857
v 0.733984 0.637143 1.064886
v 0.932345 0.637143 0.932345
v 0.932345 0.728571 0.932345
v 0.733984 0.728571 1.064886
v 0.827289 0.637143 0.827289
v 0.677128 0.637143 0.927624
v 0.677128 0.728571 0.927624
v 0.827289 0.728571 0.827289
v 0.677128 0.728571 0.927624
v 0.733984 0.728571 1.064886
v 0.932345 0.728571 0.932345
v 0.827289 0.728571 0.827289
v 0.827289 0.637143 0.827289
v 0.932345 0.637143 0.932345
v 0.733984 0.637143 1.064886
v 0.677128 0.637143 0.927624
v 0.932345 0.637143 0.932345
v 1.064886 0.637143 0.733984
v 1.064886 0.728571 0.733984
v 0.932345 0.728571 0.932345
v 0.927624 0.637143 0.677128
v 0.827289 0.637143 0.827289
v 0.827289 0.728571 0.827289
v 0.927624 0.728571 0.677128
v 0.827289 0.728571 0.827289
v 0.932345 0.728571 0.932345
v 1.064886 0.728571 0.733984
v 0.927624 0.728571 0.677128
v 0.927624 0.637143 0.677128
v 1.064886 0.637143 0.733984
v 0.932345 0.637143 0.932345
v 0.827289 0.637143 0.827289
v 1.064886 0.637143 0.733984
v 1.111429 0.637143 0.500000
v 1.111429 0.728571 0.500000
v 1.064886 0.728571 0.733984
v 0.962857 0.637143 0.500000
v 0.927624 0.637143 0.677128
v 0.927624 0.728571 0.677128
v 0.962857 0.728571 0.500000
v 0.927624 0.728571 0.677128
v 1.064886 0.728571 0.733984
v 1.111429 0.728571 0.500000
v 0.962857 0.728571 0.500000
v 0.962857 0.637143 0.500000
v 1.111429 0.637143 0.500000
v 1.064886 0.637143 0.733984
v 0.927624 0.637143 0.677128
v 0.980000 0.562857 0.500000
v 0.943462 0.562857 0.316312
v 0.943462 0.654286 0.316312
v 0.980000 0.654286 0.500000
v 0.943462 0.562857 0.316312
v 0.839411 0.562857 0.160589
v 0.839411 0.654286 0.160589
v 0.943462 0.654286 0.316312
v 0.839411 0.562857 0.160589
v 0.683688 0.562857 0.056538
v 0.683688 0.654286 0.056538
v 0.839411 0.654286 0.160589
v 0.683688 0.562857 0.056538
v 0.500000 0.562857 0.020000
v 0.500000 0.654286 0.020000
v 0.683688 0.654286 0.056538
v 0.500000 0.562857 0.020000
v 0.316312 0.562857 0.056538
v 0.316312 0.654286 0.056538
v 0.500000 0.654286 0.020000
v 0.316312 0.562857 0.056538
v 0.160589 0.562857 0.160589
v 0.160589 0.654286 0.160589
v 0.316312 0.654286 0.056538
v 0.160589 0.562857 0.160589
v 0.056538 0.562857 0.316312
v 0.056538 0.654286 0.316312
v 0.160589 0.654286 0.160589
v 0.056538 0.562857 0.316312
v 0.020000 0.562857 0.500000
v 0.020000 0.654286 0.500000
v 0.056538 0.654286 0.316312
v 0.020000 0.562857 0.500000
v 0.056538 0.562857 0.683688
v 0.056538 0.654286 0.683688
v 0.020000 0.654286 0.500000
v 0.056538 0.562857 0.683688
v 0.160589 0.562857 0.839411
v 0.160589 0.654286 0.839411
v 0.056538 0.654286 0.683688
v 0.160589 0.562857 0.839411
v 0.316312 0.562857 0.943462
v 0.316312 0.654286 0.943462
v 0.160589 0.654286 0.839411
v 0.316312 0.562857 0.943462
v 0.500000 0.562857 0.980000
v 0.500000 0.654286 0.980000
v 0.316312 0.654286 0.943462
v 0.500000 0.562857 0.980000
v 0.683688 0.562857 0.943462
v 0.683688 0.654286 0.943462
v 0.500000 0.654286 0.980000
v 0.683688 0.562857 0.943462
v 0.839411 0.562857 0.839411
v 0.839411 0.654286 0.839411
v 0.683688 0.654286 0.943462
v 0.839411 0.562857 0.839411
v 0.943462 0.562857 0.683688
v 0.943462 0.654286 0.683688
v 0.839411 0.654286 0.839411
v 0.943462 0.562857 0.683688
v 0.980000 0.562857 0.500000
v 0.980000 0.654286 0.500000
v 0.943462 0.654286 0.683688
v 0.980000 0.654286 0.500000
v 0.943462 0.654286 0.316312
v 0.839411 0.654286 0.160589
v 0.683688 0.654286 0.056538
v 0.500000 0.654286 0.020000
v 0.316312 0.654286 0.056538
v 0.160589 0.654286 0.160589
v 0.056538 0.654286 0.316312
v 0.020000 0.654286 0.500000
v 0.056538 0.654286 0.683688
v 0.160589 0.654286 0.839411
v 0.316312 0.654286 0.943462
v 0.500000 0.654286 0.980000
v 0.683688 0.654286 0.943462
v 0.839411 0.654286 0.839411
v 0.943462 0.654286 0.683688
v 0.943462 0.562857 0.683688
v 0.839411 0.562857 0.839411
v 0.683688 0.562857 0.943462
v 0.500000 0.562857 0.980000
v 0.316312 0.562857 0.943462
v 0.160589 0.562857 0.839411
v 0.056538 0.562857 0.683688
v 0.020000 0.562857 0.500000
v 0.056538 0.562857 0.316312
v 0.160589 0.562857 0.160589
v 0.316312 0.562857 0.056538
v 0.500000 0.562857 0.020000
v 0.683688 0.562857 0.056538
v 0.839411 0.562857 0.160589
v 0.943462 0.562857 0.316312
v 0.980000 0.562857 0.500000
v 1.082857 0.214286 0.500000
v 1.038490 0.214286 0.276950
v 1.038490 0.294286 0.276950
v 1.082857 0.294286 0.500000
v 1.038490 0.214286 0.276950
v 0.912142 0.214286 0.087858
v 0.912142 0.294286 0.087858
v 1.038490 0.294286 0.276950
v 0.912142 0.214286 0.087858
v 0.723050 0.214286 -0.038490
v 0.723050 0.294286 -0.038490
v 0.912142 0.294286 0.087858
v 0.723050 0.214286 -0.038490
v 0.500000 0.214286 -0.082857
v 0.500000 0.294286 -0.082857
v 0.723050 0.294286 -0.038490
v 0.500000 0.214286 -0.082857
v 0.276950 0.214286 -0.038490
v 0.276950 0.294286 -0.038490
v 0.500000 0.294286 -0.082857
v 0.276950 0.214286 -0.038490
v 0.087858 0.214286 0.087858
v 0.087858 0.294286 0.087858
v 0.276950 0.294286 -0.038490
v 0.087858 0.214286 0.087858
v -0.038490 0.214286 0.276950
v -0.038490 0.294286 0.276950
v 0.087858 0.294286 0.087858
v -0.038490 0.214286 0.276950
v -0.082857 0.214286 0.500000
v -0.082857 0.294286 0.500000
v -0.038490 0.294286 0.276950
v -0.082857 0.214286 0.500000
v -0.038490 0.214286 0.723050
v -0.038490 0.294286 0.723050
v -0.082857 0.294286 0.500000
v -0.038490 0.214286 0.723050
v 0.087858 0.214286 0.912142
v 0.087858 0.294286 0.912142
v -0.038490 0.294286 0.723050
v 0.087858 0.214286 0.912142
v 0.276950 0.214286 1.038490
v 0.276950 0.294286 1.038490
v 0.087858 0.294286 0.912142
v 0.276950 0.214286 1.038490
v 0.500000 0.214286 1.082857
v 0.500000 0.294286 1.082857
v 0.276950 0.294286 1.038490
v 0.500000 0.214286 1.082857
v 0.723050 0.214286 1.038490
v 0.723050 0.294286 1.038490
v 0.500000 0.294286 1.082857
v 0.723050 0.214286 1.038490
v 0.912142 0.214286 0.912142
v 0.912142 0.294286 0.912142
v 0.723050 0.294286 1.038490
v 0.912142 0.214286 0.912142
v 1.038490 0.214286 0.723050
v 1.038490 0.294286 0.723050
v 0.912142 0.294286 0.912142
v 1.038490 0.214286 0.723050
v 1.082857 0.214286 0.500000
v 1.082857 0.294286 0.500000
v 1.038490 0.294286 0.723050
v 1.082857 0.294286 0.500000
v 1.038490 0.294286 0.276950
v 0.912142 0.294286 0.087858
v 0.723050 0.294286 -0.038490
v 0.500000 0.294286 -0.082857
v 0.276950 0.294286 -0.038490
v 0.087858 0.294286 0.087858
v -0.038490 0.294286 0.276950
v -0.082857 0.294286 0.500000
v -0.038490 0.294286 0.723050
v 0.087858 0.294286 0.912142
v 0.276950 0.294286 1.038490
v 0.500000 0.294286 1.082857
v 0.723050 0.294286 1.038490
v 0.912142 0.294286 0.912142
v 1.038490 0.294286 0.723050
v 1.038490 0.214286 0.723050
v 0.912142 0.214286 0.912142
v 0.723050 0.214286 1.038490
v 0.500000 0.214286 1.082857
v 0.276950 0.214286 1.038490
v 0.087858 0.214286 0.912142
v -0.038490 0.214286 0.723050
v -0.082857 0.214286 0.500000
v -0.038490 0.214286 0.276950
v 0.087858 0.214286 0.087858
v 0.276950 0.214286 -0.038490
v 0.500000 0.214286 -0.082857
v 0.723050 0.214286 -0.038490
v 0.912142 0.214286 0.087858
v 1.038490 0.214286 0.276950
v 1.082857 0.214286 0.500000
v 0.429143 0.645143 0.202857
v 0.429143 0.645143 0.020000
v 0.570857 0.645143 0.020000
v 0.570857 0.645143 0.202857
v 0.429143 0.734286 0.202857
v 0.570857 0.734286 0.202857
v 0.570857 0.734286 0.020000
v 0.429143 0.734286 0.020000
v 0.429143 0.645143 0.202857
v 0.570857 0.645143 0.202857
v 0.570857 0.734286 0.202857
v 0.429143 0.734286 0.202857
v 0.429143 0.645143 0.020000
v 0.429143 0.734286 0.020000
v 0.570857 0.734286 0.020000
v 0.570857 0.645143 0.020000
v 0.429143 0.645143 0.202857
v 0.429143 0.734286 0.202857
v 0.429143 0.734286 0.020000
v 0.429143 0.645143 0.020000
v 0.570857 0.645143 0.202857
v 0.570857 0.645143 0.020000
v 0.570857 0.734286 0.020000
v 0.570857 0.734286 0.202857
v 0.239785 0.645143 0.339992
v 0.110485 0.645143 0.210692
v 0.210692 0.645143 0.110485
v 0.339992 0.645143 0.239785
v 0.239785 0.734286 0.339992
v 0.339992 0.734286 0.239785
v 0.210692 0.734286 0.110485
v 0.110485 0.734286 0.210692
v 0.239785 0.645143 0.339992
v 0.339992 0.645143 0.239785
v 0.339992 0.734286 0.239785
v 0.239785 0.734286 0.339992
v 0.110485 0.645143 0.210692
v 0.110485 0.734286 0.210692
v 0.210692 0.734286 0.110485
v 0.210692 0.645143 0.110485
v 0.239785 0.645143 0.339992
v 0.239785 0.734286 0.339992
v 0.110485 0.734286 0.210692
v 0.110485 0.645143 0.210692
v 0.339992 0.645143 0.239785
v 0.210692 0.645143 0.110485
v 0.210692 0.734286 0.110485
v 0.339992 0.734286 0.239785
v 0.202857 0.645143 0.570857
v 0.020000 0.645143 0.570857
v 0.020000 0.645143 0.429143
v 0.202857 0.645143 0.429143
v 0.202857 0.734286 0.570857
v 0.202857 0.734286 0.429143
v 0.020000 0.734286 0.429143
v 0.020000 0.734286 0.570857
v 0.202857 0.645143 0.570857
v 0.202857 0.645143 0.429143
v 0.202857 0.734286 0.429143
v 0.202857 0.734286 0.570857
v 0.020000 0.645143 0.570857
v 0.020000 0.734286 0.570857
v 0.020000 0.734286 0.429143
v 0.020000 0.645143 0.429143
v 0.202857 0.645143 0.570857
v 0.202857 0.734286 0.570857
v 0.020000 0.734286 0.570857
v 0.020000 0.645143 0.570857
v 0.202857 0.645143 0.429143
v 0.020000 0.645143 0.429143
v 0.020000 0.734286 0.429143
v 0.202857 0.734286 0.429143
v 0.339992 0.645143 0.760215
v 0.210692 0.645143 0.889515
v 0.110485 0.645143 0.789308
v 0.239785 0.645143 0.660008
v 0.339992 0.734286 0.760215
v 0.239785 0.734286 0.660008
v 0.110485 0.734286 0.789308
v 0.210692 0.734286 0.889515
v 0.339992 0.645143 0.760215
v 0.239785 0.645143 0.660008
v 0.239785 0.734286 0.660008
v 0.339992 0.734286 0.760215
v 0.210692 0.645143 0.889515
v 0.210692 0.734286 0.889515
v 0.110485 0.734286 0.789308
v 0.110485 0.645143 0.789308
v 0.339992 0.645143 0.760215
v 0.339992 0.734286 0.760215
v 0.210692 0.734286 0.889515
v 0.210692 0.645143 0.889515
v 0.239785 0.645143 0.660008
v 0.110485 0.645143 0.789308
v 0.110485 0.734286 0.789308
v 0.239785 0.734286 0.660008
v 0.570857 0.645143 0.797143
v 0.570857 0.645143 0.980000
v 0.429143 0.645143 0.980000
v 0.429143 0.645143 0.797143
v 0.570857 0.734286 0.797143
v 0.429143 0.734286 0.797143
v 0.429143 0.734286 0.980000
v 0.570857 0.734286 0.980000
v 0.570857 0.645143 0.797143
v 0.429143 0.645143 0.797143
v 0.429143 0.734286 0.797143
v 0.570857 0.734286 0.797143
v 0.570857 0.645143 0.980000
v 0.570857 0.734286 0.980000
v 0.429143 0.734286 0.980000
v 0.429143 0.645143 0.980000
v 0.570857 0.645143 0.797143
v 0.570857 0.734286 0.797143
v 0.570857 0.734286 0.980000
v 0.570857 0.645143 0.980000
v 0.429143 0.645143 0.797143
v 0.429143 0.645143 0.980000
v 0.429143 0.734286 0.980000
v 0.429143 0.734286 0.797143
v 0.760215 0.645143 0.660008
v 0.889515 0.645143 0.789308
v 0.789308 0.645143 0.889515
v 0.660008 0.645143 0.760215
v 0.760215 0.734286 0.660008
v 0.660008 0.734286 0.760215
v 0.789308 0.734286 0.889515
v 0.889515 0.734286 0.789308
v 0.760215 0.645143 0.660008
v 0.660008 0.645143 0.760215
v 0.660008 0.734286 0.760215
v 0.760215 0.734286 0.660008
v 0.889515 0.645143 0.789308
v 0.889515 0.734286 0.789308
v 0.789308 0.734286 0.889515
v 0.789308 0.645143 0.889515
v 0.760215 0.645143 0.660008
v 0.760215 0.734286 0.660008
v 0.889515 0.734286 0.789308
v 0.889515 0.645143 0.789308
v 0.660008 0.645143 0.760215
v 0.789308 0.645143 0.889515
v 0.789308 0.734286 0.889515
v 0.660008 0.734286 0.760215
v 0.797143 0.645143 0.429143
v 0.980000 0.645143 0.429143
v 0.980000 0.645143 0.570857
v 0.797143 0.645143 0.570857
v 0.797143 0.734286 0.429143
v 0.797143 0.734286 0.570857
v 0.980000 0.734286 0.570857
v 0.980000 0.734286 0.429143
v 0.797143 0.645143 0.429143
v 0.797143 0.645143 0.570857
v 0.797143 0.734286 0.570857
v 0.797143 0.734286 0.429143
v 0.980000 0.645143 0.429143
v 0.980000 0.734286 0.429143
v 0.980000 0.734286 0.570857
v 0.980000 0.645143 0.570857
v 0.797143 0.645143 0.429143
v 0.797143 0.734286 0.429143
v 0.980000 0.734286 0.429143
v 0.980000 0.645143 0.429143
v 0.797143 0.645143 0.570857
v 0.980000 0.645143 0.570857
v 0.980000 0.734286 0.570857
v 0.797143 0.734286 0.570857
v 0.660008 0.645143 0.239785
v 0.789308 0.645143 0.110485
v 0.889515 0.645143 0.210692
v 0.760215 0.645143 0.339992
v 0.660008 0.734286 0.239785
v 0.760215 0.734286 0.339992
v 0.889515 0.734286 0.210692
v 0.789308 0.734286 0.110485
v 0.660008 0.645143 0.239785
v 0.760215 0.645143 0.339992
v 0.760215 0.734286 0.339992
v 0.660008 0.734286 0.239785
v 0.789308 0.645143 0.110485
v 0.789308 0.734286 0.110485
v 0.889515 0.734286 0.210692
v 0.889515 0.645143 0.210692
v 0.660008 0.645143 0.239785
v 0.660008 0.734286 0.239785
v 0.789308 0.734286 0.110485
v 0.789308 0.645143 0.110485
v 0.760215 0.645143 0.339992
v 0.889515 0.645143 0.210692
v 0.889515 0.734286 0.210692
v 0.760215 0.734286 0.339992
v 0.790362 0.640571 0.379728
v 0.620272 0.640571 0.209638
v 0.620272 0.743429 0.209638
v 0.790362 0.743429 0.379728
v 0.620272 0.640571 0.209638
v 0.379728 0.640571 0.209638
v 0.379728 0.743429 0.209638
v 0.620272 0.743429 0.209638
v 0.379728 0.640571 0.209638
v 0.209638 0.640571 0.379728
v 0.209638 0.743429 0.379728
v 0.379728 0.743429 0.209638
v 0.209638 0.640571 0.379728
v 0.209638 0.640571 0.620272
v 0.209638 0.743429 0.620272
v 0.209638 0.743429 0.379728
v 0.209638 0.640571 0.620272
v 0.379728 0.640571 0.790362
v 0.379728 0.743429 0.790362
v 0.209638 0.743429 0.620272
v 0.379728 0.640571 0.790362
v 0.620272 0.640571 0.790362
v 0.620272 0.743429 0.790362
v 0.379728 0.743429 0.790362
v 0.620272 0.640571 0.790362
v 0.790362 0.640571 0.620272
v 0.790362 0.743429 0.620272
v 0.620272 0.743429 0.790362
v 0.790362 0.640571 0.620272
v 0.790362 0.640571 0.379728
v 0.790362 0.743429 0.379728
v 0.790362 0.743429 0.620272
v 0.790362 0.743429 0.379728
v 0.620272 0.743429 0.209638
v 0.379728 0.743429 0.209638
v 0.209638 0.743429 0.379728
v 0.209638 0.743429 0.620272
v 0.379728 0.743429 0.790362
v 0.620272 0.743429 0.790362
v 0.790362 0.743429 0.620272
v 0.790362 0.640571 0.620272
v 0.620272 0.640571 0.790362
v 0.379728 0.640571 0.790362
v 0.209638 0.640571 0.620272
v 0.209638 0.640571 0.379728
v 0.379728 0.640571 0.209638
v 0.620272 0.640571 0.209638
v 0.790362 0.640571 0.379728
v 0.538857 0.732000 0.265714
v 0.519429 0.732000 0.232063
v 0.519429 0.793714 0.232063
v 0.538857 0.793714 0.265714
v 0.519429 0.732000 0.232063
v 0.480571 0.732000 0.232063
v 0.480571 0.793714 0.232063
v 0.519429 0.793714 0.232063
v 0.480571 0.732000 0.232063
v 0.461143 0.732000 0.265714
v 0.461143 0.793714 0.265714
v 0.480571 0.793714 0.232063
v 0.461143 0.732000 0.265714
v 0.480571 0.732000 0.299366
v 0.480571 0.793714 0.299366
v 0.461143 0.793714 0.265714
v 0.480571 0.732000 0.299366
v 0.519429 0.732000 0.299366
v 0.519429 0.793714 0.299366
v 0.480571 0.793714 0.299366
v 0.519429 0.732000 0.299366
v 0.538857 0.732000 0.265714
v 0.538857 0.793714 0.265714
v 0.519429 0.793714 0.299366
v 0.538857 0.793714 0.265714
v 0.519429 0.793714 0.232063
v 0.480571 0.793714 0.232063
v 0.461143 0.793714 0.265714
v 0.480571 0.793714 0.299366
v 0.519429 0.793714 0.299366
v 0.519429 0.732000 0.299366
v 0.480571 0.732000 0.299366
v 0.461143 0.732000 0.265714
v 0.480571 0.732000 0.232063
v 0.519429 0.732000 0.232063
v 0.538857 0.732000 0.265714
v 0.401147 0.732000 0.310459
v 0.381719 0.732000 0.276808
v 0.381719 0.793714 0.276808
v 0.401147 0.793714 0.310459
v 0.381719 0.732000 0.276808
v 0.342862 0.732000 0.276808
v 0.342862 0.793714 0.276808
v 0.381719 0.793714 0.276808
v 0.342862 0.732000 0.276808
v 0.323433 0.732000 0.310459
v 0.323433 0.793714 0.310459
v 0.342862 0.793714 0.276808
v 0.323433 0.732000 0.310459
v 0.342862 0.732000 0.344110
v 0.342862 0.793714 0.344110
v 0.323433 0.793714 0.310459
v 0.342862 0.732000 0.344110
v 0.381719 0.732000 0.344110
v 0.381719 0.793714 0.344110
v 0.342862 0.793714 0.344110
v 0.381719 0.732000 0.344110
v 0.401147 0.732000 0.310459
v 0.401147 0.793714 0.310459
v 0.381719 0.793714 0.344110
v 0.401147 0.793714 0.310459
v 0.381719 0.793714 0.276808
v 0.342862 0.793714 0.276808
v 0.323433 0.793714 0.310459
v 0.342862 0.793714 0.344110
v 0.381719 0.793714 0.344110
v 0.381719 0.732000 0.344110
v 0.342862 0.732000 0.344110
v 0.323433 0.732000 0.310459
v 0.342862 0.732000 0.276808
v 0.381719 0.732000 0.276808
v 0.401147 0.732000 0.310459
v 0.316038 0.732000 0.427602
v 0.296610 0.732000 0.393950
v 0.296610 0.793714 0.393950
v 0.316038 0.793714 0.427602
v 0.296610 0.732000 0.393950
v 0.257752 0.732000 0.393950
v 0.257752 0.793714 0.393950
v 0.296610 0.793714 0.393950
v 0.257752 0.732000 0.393950
v 0.238324 0.732000 0.427602
v 0.238324 0.793714 0.427602
v 0.257752 0.793714 0.393950
v 0.238324 0.732000 0.427602
v 0.257752 0.732000 0.461253
v 0.257752 0.793714 0.461253
v 0.238324 0.793714 0.427602
v 0.257752 0.732000 0.461253
v 0.296610 0.732000 0.461253
v 0.296610 0.793714 0.461253
v 0.257752 0.793714 0.461253
v 0.296610 0.732000 0.461253
v 0.316038 0.732000 0.427602
v 0.316038 0.793714 0.427602
v 0.296610 0.793714 0.461253
v 0.316038 0.793714 0.427602
v 0.296610 0.793714 0.393950
v 0.257752 0.793714 0.393950
v 0.238324 0.793714 0.427602
v 0.257752 0.793714 0.461253
v 0.296610 0.793714 0.461253
v 0.296610 0.732000 0.461253
v 0.257752 0.732000 0.461253
v 0.238324 0.732000 0.427602
v 0.257752 0.732000 0.393950
v 0.296610 0.732000 0.393950
v 0.316038 0.732000 0.427602
v 0.316038 0.732000 0.572398
v 0.296610 0.732000 0.538747
v 0.296610 0.793714 0.538747
v 0.316038 0.793714 0.572398
v 0.296610 0.732000 0.538747
v 0.257752 0.732000 0.538747
v 0.257752 0.793714 0.538747
v 0.296610 0.793714 0.538747
v 0.257752 0.732000 0.538747
v 0.238324 0.732000 0.572398
v 0.238324 0.793714 0.572398
v 0.257752 0.793714 0.538747
v 0.238324 0.732000 0.572398
v 0.257752 0.732000 0.606050
v 0.257752 0.793714 0.606050
v 0.238324 0.793714 0.572398
v 0.257752 0.732000 0.606050
v 0.296610 0.732000 0.606050
v 0.296610 0.793714 0.606050
v 0.257752 0.793714 0.606050
v 0.296610 0.732000 0.606050
v 0.316038 0.732000 0.572398
v 0.316038 0.793714 0.572398
v 0.296610 0.793714 0.606050
v 0.316038 0.793714 0.572398
v 0.296610 0.793714 0.538747
v 0.257752 0.793714 0.538747
v 0.238324 0.793714 0.572398
v 0.257752 0.793714 0.606050
v 0.296610 0.793714 0.606050
v 0.296610 0.732000 0.606050
v 0.257752 0.732000 0.606050
v 0.238324 0.732000 0.572398
v 0.257752 0.732000 0.538747
v 0.296610 0.732000 0.538747
v 0.316038 0.732000 0.572398
v 0.401147 0.732000 0.689541
v 0.381719 0.732000 0.655890
v 0.381719 0.793714 0.655890
v 0.401147 0.793714 0.689541
v 0.381719 0.732000 0.655890
v 0.342862 0.732000 0.655890
v 0.342862 0.793714 0.655890
v 0.381719 0.793714 0.655890
v 0.342862 0.732000 0.655890
v 0.323433 0.732000 0.689541
v 0.323433 0.793714 0.689541
v 0.342862 0.793714 0.655890
v 0.323433 0.732000 0.689541
v 0.342862 0.732000 0.723192
v 0.342862 0.793714 0.723192
v 0.323433 0.793714 0.689541
v 0.342862 0.732000 0.723192
v 0.381719 0.732000 0.723192
v 0.381719 0.793714 0.723192
v 0.342862 0.793714 0.723192
v 0.381719 0.732000 0.723192
v 0.401147 0.732000 0.689541
v 0.401147 0.793714 0.689541
v 0.381719 0.793714 0.723192
v 0.401147 0.793714 0.689541
v 0.381719 0.793714 0.655890
v 0.342862 0.793714 0.655890
v 0.323433 0.793714 0.689541
v 0.342862 0.793714 0.723192
v 0.381719 0.793714 0.723192
v 0.381719 0.732000 0.723192
v 0.342862 0.732000 0.723192
v 0.323433 0.732000 0.689541
v 0.342862 0.732000 0.655890
v 0.381719 0.732000 0.655890
v 0.401147 0.732000 0.689541
v 0.538857 0.732000 0.734286
v 0.519429 0.732000 0.700634
v 0.519429 0.793714 0.700634
v 0.538857 0.793714 0.734286
v 0.519429 0.732000 0.700634
v 0.480571 0.732000 0.700634
v 0.480571 0.793714 0.700634
v 0.519429 0.793714 0.700634
v 0.480571 0.732000 0.700634
v 0.461143 0.732000 0.734286
v 0.461143 0.793714 0.734286
v 0.480571 0.793714 0.700634
v 0.461143 0.732000 0.734286
v 0.480571 0.732000 0.767937
v 0.480571 0.793714 0.767937
v 0.461143 0.793714 0.734286
v 0.480571 0.732000 0.767937
v 0.519429 0.732000 0.767937
v 0.519429 0.793714 0.767937
v 0.480571 0.793714 0.767937
v 0.519429 0.732000 0.767937
v 0.538857 0.732000 0.734286
v 0.538857 0.793714 0.734286
v 0.519429 0.793714 0.767937
v 0.538857 0.793714 0.734286
v 0.519429 0.793714 0.700634
v 0.480571 0.793714 0.700634
v 0.461143 0.793714 0.734286
v 0.480571 0.793714 0.767937
v 0.519429 0.793714 0.767937
v 0.519429 0.732000 0.767937
v 0.480571 0.732000 0.767937
v 0.461143 0.732000 0.734286
v 0.480571 0.732000 0.700634
v 0.519429 0.732000 0.700634
v 0.538857 0.732000 0.734286
v 0.676567 0.732000 0.689541
v 0.657138 0.732000 0.655890
v 0.657138 0.793714 0.655890
v 0.676567 0.793714 0.689541
v 0.657138 0.732000 0.655890
v 0.618281 0.732000 0.655890
v 0.618281 0.793714 0.655890
v 0.657138 0.793714 0.655890
v 0.618281 0.732000 0.655890
v 0.598853 0.732000 0.689541
v 0.598853 0.793714 0.689541
v 0.618281 0.793714 0.655890
v 0.598853 0.732000 0.689541
v 0.618281 0.732000 0.723192
v 0.618281 0.793714 0.723192
v 0.598853 0.793714 0.689541
v 0.618281 0.732000 0.723192
v 0.657138 0.732000 0.723192
v 0.657138 0.793714 0.723192
v 0.618281 0.793714 0.723192
v 0.657138 0.732000 0.723192
v 0.676567 0.732000 0.689541
v 0.676567 0.793714 0.689541
v 0.657138 0.793714 0.723192
v 0.676567 0.793714 0.689541
v 0.657138 0.793714 0.655890
v 0.618281 0.793714 0.655890
v 0.598853 0.793714 0.689541
v 0.618281 0.793714 0.723192
v 0.657138 0.793714 0.723192
v 0.657138 0.732000 0.723192
v 0.618281 0.732000 0.723192
v 0.598853 0.732000 0.689541
v 0.618281 0.732000 0.655890
v 0.657138 0.732000 0.655890
v 0.676567 0.732000 0.689541
v 0.761676 0.732000 0.572398
v 0.742248 0.732000 0.538747
v 0.742248 0.793714 0.538747
v 0.761676 0.793714 0.572398
v 0.742248 0.732000 0.538747
v 0.703390 0.732000 0.538747
v 0.703390 0.793714 0.538747
v 0.742248 0.793714 0.538747
v 0.703390 0.732000 0.538747
v 0.683962 0.732000 0.572398
v 0.683962 0.793714 0.572398
v 0.703390 0.793714 0.538747
v 0.683962 0.732000 0.572398
v 0.703390 0.732000 0.606050
v 0.703390 0.793714 0.606050
v 0.683962 0.793714 0.572398
v 0.703390 0.732000 0.606050
v 0.742248 0.732000 0.606050
v 0.742248 0.793714 0.606050
v 0.703390 0.793714 0.606050
v 0.742248 0.732000 0.606050
v 0.761676 0.732000 0.572398
v 0.761676 0.793714 0.572398
v 0.742248 0.793714 0.606050
v 0.761676 0.793714 0.572398
v 0.742248 0.793714 0.538747
v 0.703390 0.793714 0.538747
v 0.683962 0.793714 0.572398
v 0.703390 0.793714 0.606050
v 0.742248 0.793714 0.606050
v 0.742248 0.732000 0.606050
v 0.703390 0.732000 0.606050
v 0.683962 0.732000 0.572398
v 0.703390 0.732000 0.538747
v 0.742248 0.732000 0.538747
v 0.761676 0.732000 0.572398
v 0.761676 0.732000 0.427602
v 0.742248 0.732000 0.393950
v 0.742248 0.793714 0.393950
v 0.761676 0.793714 0.427602
v 0.742248 0.732000 0.393950
v 0.703390 0.732000 0.393950
v 0.703390 0.793714 0.393950
v 0.742248 0.793714 0.393950
v 0.703390 0.732000 0.393950
v 0.683962 0.732000 0.427602
v 0.683962 0.793714 0.427602
v 0.703390 0.793714 0.393950
v 0.683962 0.732000 0.427602
v 0.703390 0.732000 0.461253
v 0.703390 0.793714 0.461253
v 0.683962 0.793714 0.427602
v 0.703390 0.732000 0.461253
v 0.742248 0.732000 0.461253
v 0.742248 0.793714 0.461253
v 0.703390 0.793714 0.461253
v 0.742248 0.732000 0.461253
v 0.761676 0.732000 0.427602
v 0.761676 0.793714 0.427602
v 0.742248 0.793714 0.461253
v 0.761676 0.793714 0.427602
v 0.742248 0.793714 0.393950
v 0.703390 0.793714 0.393950
v 0.683962 0.793714 0.427602
v 0.703390 0.793714 0.461253
v 0.742248 0.793714 0.461253
v 0.742248 0.732000 0.461253
v 0.703390 0.732000 0.461253
v 0.683962 0.732000 0.427602
v 0.703390 0.732000 0.393950
v 0.742248 0.732000 0.393950
v 0.761676 0.732000 0.427602
v 0.676567 0.732000 0.310459
v 0.657138 0.732000 0.276808
v 0.657138 0.793714 0.276808
v 0.676567 0.793714 0.310459
v 0.657138 0.732000 0.276808
v 0.618281 0.732000 0.276808
v 0.618281 0.793714 0.276808
v 0.657138 0.793714 0.276808
v 0.618281 0.732000 0.276808
v 0.598853 0.732000 0.310459
v 0.598853 0.793714 0.310459
v 0.618281 0.793714 0.276808
v 0.598853 0.732000 0.310459
v 0.618281 0.732000 0.344110
v 0.618281 0.793714 0.344110
v 0.598853 0.793714 0.310459
v 0.618281 0.732000 0.344110
v 0.657138 0.732000 0.344110
v 0.657138 0.793714 0.344110
v 0.618281 0.793714 0.344110
v 0.657138 0.732000 0.344110
v 0.676567 0.732000 0.310459
v 0.676567 0.793714 0.310459
v 0.657138 0.793714 0.344110
v 0.676567 0.793714 0.310459
v 0.657138 0.793714 0.276808
v 0.618281 0.793714 0.276808
v 0.598853 0.793714 0.310459
v 0.618281 0.793714 0.344110
v 0.657138 0.793714 0.344110
v 0.657138 0.732000 0.344110
v 0.618281 0.732000 0.344110
v 0.598853 0.732000 0.310459
v 0.618281 0.732000 0.276808
v 0.657138 0.732000 0.276808
v 0.676567 0.732000 0.310459
v 0.637262 0.738857 0.443144
v 0.556856 0.738857 0.362738
v 0.556856 0.814286 0.362738
v 0.637262 0.814286 0.443144
v 0.556856 0.738857 0.362738
v 0.443144 0.738857 0.362738
v 0.443144 0.814286 0.362738
v 0.556856 0.814286 0.362738
v 0.443144 0.738857 0.362738
v 0.362738 0.738857 0.443144
v 0.362738 0.814286 0.443144
v 0.443144 0.814286 0.362738
v 0.362738 0.738857 0.443144
v 0.362738 0.738857 0.556856
v 0.362738 0.814286 0.556856
v 0.362738 0.814286 0.443144
v 0.362738 0.738857 0.556856
v 0.443144 0.738857 0.637262
v 0.443144 0.814286 0.637262
v 0.362738 0.814286 0.556856
v 0.443144 0.738857 0.637262
v 0.556856 0.738857 0.637262
v 0.556856 0.814286 0.637262
v 0.443144 0.814286 0.637262
v 0.556856 0.738857 0.637262
v 0.637262 0.738857 0.556856
v 0.637262 0.814286 0.556856
v 0.556856 0.814286 0.637262
v 0.637262 0.738857 0.556856
v 0.637262 0.738857 0.443144
v 0.637262 0.814286 0.443144
v 0.637262 0.814286 0.556856
v 0.637262 0.814286 0.443144
v 0.556856 0.814286 0.362738
v 0.443144 0.814286 0.362738
v 0.362738 0.814286 0.443144
v 0.362738 0.814286 0.556856
v 0.443144 0.814286 0.637262
v 0.556856 0.814286 0.637262
v 0.637262 0.814286 0.556856
v 0.637262 0.738857 0.556856
v 0.556856 0.738857 0.637262
v 0.443144 0.738857 0.637262
v 0.362738 0.738857 0.556856
v 0.362738 0.738857 0.443144
v 0.443144 0.738857 0.362738
v 0.556856 0.738857 0.362738
v 0.637262 0.738857 0.443144
vt 0.000000 0.856250
vt 0.092652 0.856250
vt 0.092652 1.000000
vt 0.000000 1.000000
vt 0.000000 0.856250
vt 0.065041 0.856250
vt 0.065041 1.000000
vt 0.000000 1.000000
vt 0.000000 0.929688
vt 0.092652 0.929688
vt 0.092652 1.000000
vt 0.000000 1.000000
vt 0.000000 0.929688
vt 0.092652 0.929688
vt 0.092652 1.000000
vt 0.000000 1.000000
vt 0.000000 0.856250
vt 0.092652 0.856250
vt 0.092652 1.000000
vt 0.000000 1.000000
vt 0.000000 0.856250
vt 0.065041 0.856250
vt 0.065041 1.000000
vt 0.000000 1.000000
vt 0.000000 0.929688
vt 0.092652 0.929688
vt 0.092652 1.000000
vt 0.000000 1.000000
vt 0.000000 0.929688
vt 0.092652 0.929688
vt 0.092652 1.000000
vt 0.000000 1.000000
vt 0.000000 0.856250
vt 0.092652 0.856250
vt 0.092652 1.000000
vt 0.000000 1.000000
vt 0.000000 0.856250
vt 0.065041 0.856250
vt 0.065041 1.000000
vt 0.000000 1.000000
vt 0.000000 0.929688
vt 0.092652 0.929688
vt 0.092652 1.000000
vt 0.000000 1.000000
vt 0.000000 0.929688
vt 0.092652 0.929688
vt 0.092652 1.000000
vt 0.000000 1.000000
vt 0.000000 0.856250
vt 0.092652 0.856250
vt 0.092652 1.000000
vt 0.000000 1.000000
vt 0.000000 0.856250
vt 0.065041 0.856250
vt 0.065041 1.000000
vt 0.000000 1.000000
vt 0.000000 0.929688
vt 0.092652 0.929688
vt 0.092652 1.000000
vt 0.000000 1.000000
vt 0.000000 0.929688
vt 0.092652 0.929688
vt 0.092652 1.000000
vt 0.000000 1.000000
vt 0.000000 0.856250
vt 0.092652 0.856250
vt 0.092652 1.000000
vt 0.000000 1.000000
vt 0.000000 0.856250
vt 0.065041 0.856250
vt 0.065041 1.000000
vt 0.000000 1.000000
vt 0.000000 0.929688
vt 0.092652 0.929688
vt 0.092652 1.000000
vt 0.000000 1.000000
vt 0.000000 0.929688
vt 0.092652 0.929688
vt 0.092652 1.000000
vt 0.000000 1.000000
vt 0.000000 0.856250
vt 0.092652 0.856250
vt 0.092652 1.000000
vt 0.000000 1.000000
vt 0.000000 0.856250
vt 0.065041 0.856250
vt 0.065041 1.000000
vt 0.000000 1.000000
vt 0.000000 0.929688
vt 0.092652 0.929688
vt 0.092652 1.000000
vt 0.000000 1.000000
vt 0.000000 0.929688
vt 0.092652 0.929688
vt 0.092652 1.000000
vt 0.000000 1.000000
vt 0.000000 0.856250
vt 0.092652 0.856250
vt 0.092652 1.000000
vt 0.000000 1.000000
vt 0.000000 0.856250
vt 0.065041 0.856250
vt 0.065041 1.000000
vt 0.000000 1.000000
vt 0.000000 0.929688
vt 0.092652 0.929688
vt 0.092652 1.000000
vt 0.000000 1.000000
vt 0.000000 0.929688
vt 0.092652 0.929688
vt 0.092652 1.000000
vt 0.000000 1.000000
vt 0.000000 0.856250
vt 0.092652 0.856250
vt 0.092652 1.000000
vt 0.000000 1.000000
vt 0.000000 0.856250
vt 0.065041 0.856250
vt 0.065041 1.000000
vt 0.000000 1.000000
vt 0.000000 0.929688
vt 0.092652 0.929688
vt 0.092652 1.000000
vt 0.000000 1.000000
vt 0.000000 0.929688
vt 0.092652 0.929688
vt 0.092652 1.000000
vt 0.000000 1.000000
vt 0.000000 0.856250
vt 0.092652 0.856250
vt 0.092652 1.000000
vt 0.000000 1.000000
vt 0.000000 0.856250
vt 0.065041 0.856250
vt 0.065041 1.000000
vt 0.000000 1.000000
vt 0.000000 0.929688
vt 0.092652 0.929688
vt 0.092652 1.000000
vt 0.000000 1.000000
vt 0.000000 0.929688
vt 0.092652 0.929688
vt 0.092652 1.000000
vt 0.000000 1.000000
vt 0.000000 0.856250
vt 0.092652 0.856250
vt 0.092652 1.000000
vt 0.000000 1.000000
vt 0.000000 0.856250
vt 0.065041 0.856250
vt 0.065041 1.000000
vt 0.000000 1.000000
vt 0.000000 0.929688
vt 0.092652 0.929688
vt 0.092652 1.000000
vt 0.000000 1.000000
vt 0.000000 0.929688
vt 0.092652 0.929688
vt 0.092652 1.000000
vt 0.000000 1.000000
vt 0.000000 0.856250
vt 0.092652 0.856250
vt 0.092652 1.000000
vt 0.000000 1.000000
vt 0.000000 0.856250
vt 0.065041 0.856250
vt 0.065041 1.000000
vt 0.000000 1.000000
vt 0.000000 0.929688
vt 0.092652 0.929688
vt 0.092652 1.000000
vt 0.000000 1.000000
vt 0.000000 0.929688
vt 0.092652 0.929688
vt 0.092652 1.000000
vt 0.000000 1.000000
vt 0.000000 0.856250
vt 0.092652 0.856250
vt 0.092652 1.000000
vt 0.000000 1.000000
vt 0.000000 0.856250
vt 0.065041 0.856250
vt 0.065041 1.000000
vt 0.000000 1.000000
vt 0.000000 0.929688
vt 0.092652 0.929688
vt 0.092652 1.000000
vt 0.000000 1.000000
vt 0.000000 0.929688
vt 0.092652 0.929688
vt 0.092652 1.000000
vt 0.000000 1.000000
vt 0.000000 0.856250
vt 0.092652 0.856250
vt 0.092652 1.000000
vt 0.000000 1.000000
vt 0.000000 0.856250
vt 0.065041 0.856250
vt 0.065041 1.000000
vt 0.000000 1.000000
vt 0.000000 0.929688
vt 0.092652 0.929688
vt 0.092652 1.000000
vt 0.000000 1.000000
vt 0.000000 0.929688
vt 0.092652 0.929688
vt 0.092652 1.000000
vt 0.000000 1.000000
vt 0.000000 0.856250
vt 0.092652 0.856250
vt 0.092652 1.000000
vt 0.000000 1.000000
vt 0.000000 0.856250
vt 0.065041 0.856250
vt 0.065041 1.000000
vt 0.000000 1.000000
vt 0.000000 0.929688
vt 0.092652 0.929688
vt 0.092652 1.000000
vt 0.000000 1.000000
vt 0.000000 0.929688
vt 0.092652 0.929688
vt 0.092652 1.000000
vt 0.000000 1.000000
vt 0.000000 0.856250
vt 0.092652 0.856250
vt 0.092652 1.000000
vt 0.000000 1.000000
vt 0.000000 0.856250
vt 0.065041 0.856250
vt 0.065041 1.000000
vt 0.000000 1.000000
vt 0.000000 0.929688
vt 0.092652 0.929688
vt 0.092652 1.000000
vt 0.000000 1.000000
vt 0.000000 0.929688
vt 0.092652 0.929688
vt 0.092652 1.000000
vt 0.000000 1.000000
vt 0.000000 0.856250
vt 0.092652 0.856250
vt 0.092652 1.000000
vt 0.000000 1.000000
vt 0.000000 0.856250
vt 0.065041 0.856250
vt 0.065041 1.000000
vt 0.000000 1.000000
vt 0.000000 0.929688
vt 0.092652 0.929688
vt 0.092652 1.000000
vt 0.000000 1.000000
vt 0.000000 0.929688
vt 0.092652 0.929688
vt 0.092652 1.000000
vt 0.000000 1.000000
vt 0.000000 0.971875
vt 0.096211 0.971875
vt 0.096211 1.000000
vt 0.000000 1.000000
vt 0.000000 0.971875
vt 0.090198 0.971875
vt 0.090198 1.000000
vt 0.000000 1.000000
vt 0.000000 0.984687
vt 0.096211 0.984687
vt 0.096211 1.000000
vt 0.000000 1.000000
vt 0.000000 0.984687
vt 0.096211 0.984687
vt 0.096211 1.000000
vt 0.000000 1.000000
vt 0.000000 0.971875
vt 0.096211 0.971875
vt 0.096211 1.000000
vt 0.000000 1.000000
vt 0.000000 0.971875
vt 0.090198 0.971875
vt 0.090198 1.000000
vt 0.000000 1.000000
vt 0.000000 0.984687
vt 0.096211 0.984687
vt 0.096211 1.000000
vt 0.000000 1.000000
vt 0.000000 0.984687
vt 0.096211 0.984687
vt 0.096211 1.000000
vt 0.000000 1.000000
vt 0.000000 0.971875
vt 0.096211 0.971875
vt 0.096211 1.000000
vt 0.000000 1.000000
vt 0.000000 0.971875
vt 0.090198 0.971875
vt 0.090198 1.000000
vt 0.000000 1.000000
vt 0.000000 0.984687
vt 0.096211 0.984687
vt 0.096211 1.000000
vt 0.000000 1.000000
vt 0.000000 0.984687
vt 0.096211 0.984687
vt 0.096211 1.000000
vt 0.000000 1.000000
vt 0.000000 0.971875
vt 0.096211 0.971875
vt 0.096211 1.000000
vt 0.000000 1.000000
vt 0.000000 0.971875
vt 0.090198 0.971875
vt 0.090198 1.000000
vt 0.000000 1.000000
vt 0.000000 0.984687
vt 0.096211 0.984687
vt 0.096211 1.000000
vt 0.000000 1.000000
vt 0.000000 0.984687
vt 0.096211 0.984687
vt 0.096211 1.000000
vt 0.000000 1.000000
vt 0.000000 0.971875
vt 0.096211 0.971875
vt 0.096211 1.000000
vt 0.000000 1.000000
vt 0.000000 0.971875
vt 0.090198 0.971875
vt 0.090198 1.000000
vt 0.000000 1.000000
vt 0.000000 0.984687
vt 0.096211 0.984687
vt 0.096211 1.000000
vt 0.000000 1.000000
vt 0.000000 0.984687
vt 0.096211 0.984687
vt 0.096211 1.000000
vt 0.000000 1.000000
vt 0.000000 0.971875
vt 0.096211 0.971875
vt 0.096211 1.000000
vt 0.000000 1.000000
vt 0.000000 0.971875
vt 0.090198 0.971875
vt 0.090198 1.000000
vt 0.000000 1.000000
vt 0.000000 0.984687
vt 0.096211 0.984687
vt 0.096211 1.000000
vt 0.000000 1.000000
vt 0.000000 0.984687
vt 0.096211 0.984687
vt 0.096211 1.000000
vt 0.000000 1.000000
vt 0.000000 0.971875
vt 0.096211 0.971875
vt 0.096211 1.000000
vt 0.000000 1.000000
vt 0.000000 0.971875
vt 0.090198 0.971875
vt 0.090198 1.000000
vt 0.000000 1.000000
vt 0.000000 0.984687
vt 0.096211 0.984687
vt 0.096211 1.000000
vt 0.000000 1.000000
vt 0.000000 0.984687
vt 0.096211 0.984687
vt 0.096211 1.000000
vt 0.000000 1.000000
vt 0.000000 0.971875
vt 0.096211 0.971875
vt 0.096211 1.000000
vt 0.000000 1.000000
vt 0.000000 0.971875
vt 0.090198 0.971875
vt 0.090198 1.000000
vt 0.000000 1.000000
vt 0.000000 0.984687
vt 0.096211 0.984687
vt 0.096211 1.000000
vt 0.000000 1.000000
vt 0.000000 0.984687
vt 0.096211 0.984687
vt 0.096211 1.000000
vt 0.000000 1.000000
vt 0.000000 0.971875
vt 0.096211 0.971875
vt 0.096211 1.000000
vt 0.000000 1.000000
vt 0.000000 0.971875
vt 0.090198 0.971875
vt 0.090198 1.000000
vt 0.000000 1.000000
vt 0.000000 0.984687
vt 0.096211 0.984687
vt 0.096211 1.000000
vt 0.000000 1.000000
vt 0.000000 0.984687
vt 0.096211 0.984687
vt 0.096211 1.000000
vt 0.000000 1.000000
vt 0.000000 0.971875
vt 0.096211 0.971875
vt 0.096211 1.000000
vt 0.000000 1.000000
vt 0.000000 0.971875
vt 0.090198 0.971875
vt 0.090198 1.000000
vt 0.000000 1.000000
vt 0.000000 0.984687
vt 0.096211 0.984687
vt 0.096211 1.000000
vt 0.000000 1.000000
vt 0.000000 0.984687
vt 0.096211 0.984687
vt 0.096211 1.000000
vt 0.000000 1.000000
vt 0.000000 0.971875
vt 0.096211 0.971875
vt 0.096211 1.000000
vt 0.000000 1.000000
vt 0.000000 0.971875
vt 0.090198 0.971875
vt 0.090198 1.000000
vt 0.000000 1.000000
vt 0.000000 0.984687
vt 0.096211 0.984687
vt 0.096211 1.000000
vt 0.000000 1.000000
vt 0.000000 0.984687
vt 0.096211 0.984687
vt 0.096211 1.000000
vt 0.000000 1.000000
vt 0.000000 0.971875
vt 0.096211 0.971875
vt 0.096211 1.000000
vt 0.000000 1.000000
vt 0.000000 0.971875
vt 0.090198 0.971875
vt 0.090198 1.000000
vt 0.000000 1.000000
vt 0.000000 0.984687
vt 0.096211 0.984687
vt 0.096211 1.000000
vt 0.000000 1.000000
vt 0.000000 0.984687
vt 0.096211 0.984687
vt 0.096211 1.000000
vt 0.000000 1.000000
vt 0.000000 0.971875
vt 0.096211 0.971875
vt 0.096211 1.000000
vt 0.000000 1.000000
vt 0.000000 0.971875
vt 0.090198 0.971875
vt 0.090198 1.000000
vt 0.000000 1.000000
vt 0.000000 0.984687
vt 0.096211 0.984687
vt 0.096211 1.000000
vt 0.000000 1.000000
vt 0.000000 0.984687
vt 0.096211 0.984687
vt 0.096211 1.000000
vt 0.000000 1.000000
vt 0.000000 0.971875
vt 0.096211 0.971875
vt 0.096211 1.000000
vt 0.000000 1.000000
vt 0.000000 0.971875
vt 0.090198 0.971875
vt 0.090198 1.000000
vt 0.000000 1.000000
vt 0.000000 0.984687
vt 0.096211 0.984687
vt 0.096211 1.000000
vt 0.000000 1.000000
vt 0.000000 0.984687
vt 0.096211 0.984687
vt 0.096211 1.000000
vt 0.000000 1.000000
vt 0.000000 0.971875
vt 0.096211 0.971875
vt 0.096211 1.000000
vt 0.000000 1.000000
vt 0.000000 0.971875
vt 0.090198 0.971875
vt 0.090198 1.000000
vt 0.000000 1.000000
vt 0.000000 0.984687
vt 0.096211 0.984687
vt 0.096211 1.000000
vt 0.000000 1.000000
vt 0.000000 0.984687
vt 0.096211 0.984687
vt 0.096211 1.000000
vt 0.000000 1.000000
vt 0.000000 0.971875
vt 0.096211 0.971875
vt 0.096211 1.000000
vt 0.000000 1.000000
vt 0.000000 0.971875
vt 0.090198 0.971875
vt 0.090198 1.000000
vt 0.000000 1.000000
vt 0.000000 0.984687
vt 0.096211 0.984687
vt 0.096211 1.000000
vt 0.000000 1.000000
vt 0.000000 0.984687
vt 0.096211 0.984687
vt 0.096211 1.000000
vt 0.000000 1.000000
vt 0.000000 0.964063
vt 0.096211 0.964063
vt 0.096211 1.000000
vt 0.000000 1.000000
vt 0.000000 0.964063
vt 0.090198 0.964063
vt 0.090198 1.000000
vt 0.000000 1.000000
vt 0.000000 0.984687
vt 0.096211 0.984687
vt 0.096211 1.000000
vt 0.000000 1.000000
vt 0.000000 0.984687
vt 0.096211 0.984687
vt 0.096211 1.000000
vt 0.000000 1.000000
vt 0.000000 0.964063
vt 0.096211 0.964063
vt 0.096211 1.000000
vt 0.000000 1.000000
vt 0.000000 0.964063
vt 0.090198 0.964063
vt 0.090198 1.000000
vt 0.000000 1.000000
vt 0.000000 0.984687
vt 0.096211 0.984687
vt 0.096211 1.000000
vt 0.000000 1.000000
vt 0.000000 0.984687
vt 0.096211 0.984687
vt 0.096211 1.000000
vt 0.000000 1.000000
vt 0.000000 0.964063
vt 0.096211 0.964063
vt 0.096211 1.000000
vt 0.000000 1.000000
vt 0.000000 0.964063
vt 0.090198 0.964063
vt 0.090198 1.000000
vt 0.000000 1.000000
vt 0.000000 0.984687
vt 0.096211 0.984687
vt 0.096211 1.000000
vt 0.000000 1.000000
vt 0.000000 0.984687
vt 0.096211 0.984687
vt 0.096211 1.000000
vt 0.000000 1.000000
vt 0.000000 0.964063
vt 0.096211 0.964063
vt 0.096211 1.000000
vt 0.000000 1.000000
vt 0.000000 0.964063
vt 0.090198 0.964063
vt 0.090198 1.000000
vt 0.000000 1.000000
vt 0.000000 0.984687
vt 0.096211 0.984687
vt 0.096211 1.000000
vt 0.000000 1.000000
vt 0.000000 0.984687
vt 0.096211 0.984687
vt 0.096211 1.000000
vt 0.000000 1.000000
vt 0.000000 0.964063
vt 0.096211 0.964063
vt 0.096211 1.000000
vt 0.000000 1.000000
vt 0.000000 0.964063
vt 0.090198 0.964063
vt 0.090198 1.000000
vt 0.000000 1.000000
vt 0.000000 0.984687
vt 0.096211 0.984687
vt 0.096211 1.000000
vt 0.000000 1.000000
vt 0.000000 0.984687
vt 0.096211 0.984687
vt 0.096211 1.000000
vt 0.000000 1.000000
vt 0.000000 0.964063
vt 0.096211 0.964063
vt 0.096211 1.000000
vt 0.000000 1.000000
vt 0.000000 0.964063
vt 0.090198 0.964063
vt 0.090198 1.000000
vt 0.000000 1.000000
vt 0.000000 0.984687
vt 0.096211 0.984687
vt 0.096211 1.000000
vt 0.000000 1.000000
vt 0.000000 0.984687
vt 0.096211 0.984687
vt 0.096211 1.000000
vt 0.000000 1.000000
vt 0.000000 0.964063
vt 0.096211 0.964063
vt 0.096211 1.000000
vt 0.000000 1.000000
vt 0.000000 0.964063
vt 0.090198 0.964063
vt 0.090198 1.000000
vt 0.000000 1.000000
vt 0.000000 0.984687
vt 0.096211 0.984687
vt 0.096211 1.000000
vt 0.000000 1.000000
vt 0.000000 0.984687
vt 0.096211 0.984687
vt 0.096211 1.000000
vt 0.000000 1.000000
vt 0.000000 0.964063
vt 0.096211 0.964063
vt 0.096211 1.000000
vt 0.000000 1.000000
vt 0.000000 0.964063
vt 0.090198 0.964063
vt 0.090198 1.000000
vt 0.000000 1.000000
vt 0.000000 0.984687
vt 0.096211 0.984687
vt 0.096211 1.000000
vt 0.000000 1.000000
vt 0.000000 0.984687
vt 0.096211 0.984687
vt 0.096211 1.000000
vt 0.000000 1.000000
vt 0.000000 0.964063
vt 0.096211 0.964063
vt 0.096211 1.000000
vt 0.000000 1.000000
vt 0.000000 0.964063
vt 0.090198 0.964063
vt 0.090198 1.000000
vt 0.000000 1.000000
vt 0.000000 0.984687
vt 0.096211 0.984687
vt 0.096211 1.000000
vt 0.000000 1.000000
vt 0.000000 0.984687
vt 0.096211 0.984687
vt 0.096211 1.000000
vt 0.000000 1.000000
vt 0.000000 0.964063
vt 0.096211 0.964063
vt 0.096211 1.000000
vt 0.000000 1.000000
vt 0.000000 0.964063
vt 0.090198 0.964063
vt 0.090198 1.000000
vt 0.000000 1.000000
vt 0.000000 0.984687
vt 0.096211 0.984687
vt 0.096211 1.000000
vt 0.000000 1.000000
vt 0.000000 0.984687
vt 0.096211 0.984687
vt 0.096211 1.000000
vt 0.000000 1.000000
vt 0.000000 0.964063
vt 0.096211 0.964063
vt 0.096211 1.000000
vt 0.000000 1.000000
vt 0.000000 0.964063
vt 0.090198 0.964063
vt 0.090198 1.000000
vt 0.000000 1.000000
vt 0.000000 0.984687
vt 0.096211 0.984687
vt 0.096211 1.000000
vt 0.000000 1.000000
vt 0.000000 0.984687
vt 0.096211 0.984687
vt 0.096211 1.000000
vt 0.000000 1.000000
vt 0.000000 0.964063
vt 0.096211 0.964063
vt 0.096211 1.000000
vt 0.000000 1.000000
vt 0.000000 0.964063
vt 0.090198 0.964063
vt 0.090198 1.000000
vt 0.000000 1.000000
vt 0.000000 0.984687
vt 0.096211 0.984687
vt 0.096211 1.000000
vt 0.000000 1.000000
vt 0.000000 0.984687
vt 0.096211 0.984687
vt 0.096211 1.000000
vt 0.000000 1.000000
vt 0.000000 0.964063
vt 0.096211 0.964063
vt 0.096211 1.000000
vt 0.000000 1.000000
vt 0.000000 0.964063
vt 0.090198 0.964063
vt 0.090198 1.000000
vt 0.000000 1.000000
vt 0.000000 0.984687
vt 0.096211 0.984687
vt 0.096211 1.000000
vt 0.000000 1.000000
vt 0.000000 0.984687
vt 0.096211 0.984687
vt 0.096211 1.000000
vt 0.000000 1.000000
vt 0.000000 0.964063
vt 0.096211 0.964063
vt 0.096211 1.000000
vt 0.000000 1.000000
vt 0.000000 0.964063
vt 0.090198 0.964063
vt 0.090198 1.000000
vt 0.000000 1.000000
vt 0.000000 0.984687
vt 0.096211 0.984687
vt 0.096211 1.000000
vt 0.000000 1.000000
vt 0.000000 0.984687
vt 0.096211 0.984687
vt 0.096211 1.000000
vt 0.000000 1.000000
vt 0.000000 0.964063
vt 0.096211 0.964063
vt 0.096211 1.000000
vt 0.000000 1.000000
vt 0.000000 0.964063
vt 0.090198 0.964063
vt 0.090198 1.000000
vt 0.000000 1.000000
vt 0.000000 0.984687
vt 0.096211 0.984687
vt 0.096211 1.000000
vt 0.000000 1.000000
vt 0.000000 0.984687
vt 0.096211 0.984687
vt 0.096211 1.000000
vt 0.000000 1.000000
vt 0.000000 0.964063
vt 0.096211 0.964063
vt 0.096211 1.000000
vt 0.000000 1.000000
vt 0.000000 0.964063
vt 0.090198 0.964063
vt 0.090198 1.000000
vt 0.000000 1.000000
vt 0.000000 0.984687
vt 0.096211 0.984687
vt 0.096211 1.000000
vt 0.000000 1.000000
vt 0.000000 0.984687
vt 0.096211 0.984687
vt 0.096211 1.000000
vt 0.000000 1.000000
vt 0.000000 0.964063
vt 0.096211 0.964063
vt 0.096211 1.000000
vt 0.000000 1.000000
vt 0.000000 0.964063
vt 0.090198 0.964063
vt 0.090198 1.000000
vt 0.000000 1.000000
vt 0.000000 0.984687
vt 0.096211 0.984687
vt 0.096211 1.000000
vt 0.000000 1.000000
vt 0.000000 0.984687
vt 0.096211 0.984687
vt 0.096211 1.000000
vt 0.000000 1.000000
vt 0.000000 0.964063
vt 0.096211 0.964063
vt 0.096211 1.000000
vt 0.000000 1.000000
vt 0.000000 0.964063
vt 0.090198 0.964063
vt 0.090198 1.000000
vt 0.000000 1.000000
vt 0.000000 0.984687
vt 0.096211 0.984687
vt 0.096211 1.000000
vt 0.000000 1.000000
vt 0.000000 0.984687
vt 0.096211 0.984687
vt 0.096211 1.000000
vt 0.000000 1.000000
vt 0.000000 0.964063
vt 0.096211 0.964063
vt 0.096211 1.000000
vt 0.000000 1.000000
vt 0.000000 0.964063
vt 0.090198 0.964063
vt 0.090198 1.000000
vt 0.000000 1.000000
vt 0.000000 0.984687
vt 0.096211 0.984687
vt 0.096211 1.000000
vt 0.000000 1.000000
vt 0.000000 0.984687
vt 0.096211 0.984687
vt 0.096211 1.000000
vt 0.000000 1.000000
vt 0.000000 0.964063
vt 0.096211 0.964063
vt 0.096211 1.000000
vt 0.000000 1.000000
vt 0.000000 0.964063
vt 0.090198 0.964063
vt 0.090198 1.000000
vt 0.000000 1.000000
vt 0.000000 0.984687
vt 0.096211 0.984687
vt 0.096211 1.000000
vt 0.000000 1.000000
vt 0.000000 0.984687
vt 0.096211 0.984687
vt 0.096211 1.000000
vt 0.000000 1.000000
vt 0.000000 0.964063
vt 0.096211 0.964063
vt 0.096211 1.000000
vt 0.000000 1.000000
vt 0.000000 0.964063
vt 0.090198 0.964063
vt 0.090198 1.000000
vt 0.000000 1.000000
vt 0.000000 0.984687
vt 0.096211 0.984687
vt 0.096211 1.000000
vt 0.000000 1.000000
vt 0.000000 0.984687
vt 0.096211 0.984687
vt 0.096211 1.000000
vt 0.000000 1.000000
vt 0.000000 0.964063
vt 0.096211 0.964063
vt 0.096211 1.000000
vt 0.000000 1.000000
vt 0.000000 0.964063
vt 0.090198 0.964063
vt 0.090198 1.000000
vt 0.000000 1.000000
vt 0.000000 0.984687
vt 0.096211 0.984687
vt 0.096211 1.000000
vt 0.000000 1.000000
vt 0.000000 0.984687
vt 0.096211 0.984687
vt 0.096211 1.000000
vt 0.000000 1.000000
vt 0.000000 0.964063
vt 0.096211 0.964063
vt 0.096211 1.000000
vt 0.000000 1.000000
vt 0.000000 0.964063
vt 0.090198 0.964063
vt 0.090198 1.000000
vt 0.000000 1.000000
vt 0.000000 0.984687
vt 0.096211 0.984687
vt 0.096211 1.000000
vt 0.000000 1.000000
vt 0.000000 0.984687
vt 0.096211 0.984687
vt 0.096211 1.000000
vt 0.000000 1.000000
vt 0.000000 0.964063
vt 0.096211 0.964063
vt 0.096211 1.000000
vt 0.000000 1.000000
vt 0.000000 0.964063
vt 0.090198 0.964063
vt 0.090198 1.000000
vt 0.000000 1.000000
vt 0.000000 0.984687
vt 0.096211 0.984687
vt 0.096211 1.000000
vt 0.000000 1.000000
vt 0.000000 0.984687
vt 0.096211 0.984687
vt 0.096211 1.000000
vt 0.000000 1.000000
vt 0.000000 0.964063
vt 0.096211 0.964063
vt 0.096211 1.000000
vt 0.000000 1.000000
vt 0.000000 0.964063
vt 0.090198 0.964063
vt 0.090198 1.000000
vt 0.000000 1.000000
vt 0.000000 0.984687
vt 0.096211 0.984687
vt 0.096211 1.000000
vt 0.000000 1.000000
vt 0.000000 0.984687
vt 0.096211 0.984687
vt 0.096211 1.000000
vt 0.000000 1.000000
vt 0.000000 0.964063
vt 0.096211 0.964063
vt 0.096211 1.000000
vt 0.000000 1.000000
vt 0.000000 0.964063
vt 0.090198 0.964063
vt 0.090198 1.000000
vt 0.000000 1.000000
vt 0.000000 0.984687
vt 0.096211 0.984687
vt 0.096211 1.000000
vt 0.000000 1.000000
vt 0.000000 0.984687
vt 0.096211 0.984687
vt 0.096211 1.000000
vt 0.000000 1.000000
vt 0.000000 0.964063
vt 0.096211 0.964063
vt 0.096211 1.000000
vt 0.000000 1.000000
vt 0.000000 0.964063
vt 0.090198 0.964063
vt 0.090198 1.000000
vt 0.000000 1.000000
vt 0.000000 0.984687
vt 0.096211 0.984687
vt 0.096211 1.000000
vt 0.000000 1.000000
vt 0.000000 0.984687
vt 0.096211 0.984687
vt 0.096211 1.000000
vt 0.000000 1.000000
vt 0.000000 0.964063
vt 0.096211 0.964063
vt 0.096211 1.000000
vt 0.000000 1.000000
vt 0.000000 0.964063
vt 0.090198 0.964063
vt 0.090198 1.000000
vt 0.000000 1.000000
vt 0.000000 0.984687
vt 0.096211 0.984687
vt 0.096211 1.000000
vt 0.000000 1.000000
vt 0.000000 0.984687
vt 0.096211 0.984687
vt 0.096211 1.000000
vt 0.000000 1.000000
vt 0.000000 0.964063
vt 0.096211 0.964063
vt 0.096211 1.000000
vt 0.000000 1.000000
vt 0.000000 0.964063
vt 0.090198 0.964063
vt 0.090198 1.000000
vt 0.000000 1.000000
vt 0.000000 0.984687
vt 0.096211 0.984687
vt 0.096211 1.000000
vt 0.000000 1.000000
vt 0.000000 0.984687
vt 0.096211 0.984687
vt 0.096211 1.000000
vt 0.000000 1.000000
vt 0.000000 0.964063
vt 0.096211 0.964063
vt 0.096211 1.000000
vt 0.000000 1.000000
vt 0.000000 0.964063
vt 0.090198 0.964063
vt 0.090198 1.000000
vt 0.000000 1.000000
vt 0.000000 0.984687
vt 0.096211 0.984687
vt 0.096211 1.000000
vt 0.000000 1.000000
vt 0.000000 0.984687
vt 0.096211 0.984687
vt 0.096211 1.000000
vt 0.000000 1.000000
vt 0.000000 0.964063
vt 0.096211 0.964063
vt 0.096211 1.000000
vt 0.000000 1.000000
vt 0.000000 0.964063
vt 0.090198 0.964063
vt 0.090198 1.000000
vt 0.000000 1.000000
vt 0.000000 0.984687
vt 0.096211 0.984687
vt 0.096211 1.000000
vt 0.000000 1.000000
vt 0.000000 0.984687
vt 0.096211 0.984687
vt 0.096211 1.000000
vt 0.000000 1.000000
vt 0.000000 0.964063
vt 0.096211 0.964063
vt 0.096211 1.000000
vt 0.000000 1.000000
vt 0.000000 0.964063
vt 0.090198 0.964063
vt 0.090198 1.000000
vt 0.000000 1.000000
vt 0.000000 0.984687
vt 0.096211 0.984687
vt 0.096211 1.000000
vt 0.000000 1.000000
vt 0.000000 0.984687
vt 0.096211 0.984687
vt 0.096211 1.000000
vt 0.000000 1.000000
vt 0.000000 0.971875
vt 0.096211 0.971875
vt 0.096211 1.000000
vt 0.000000 1.000000
vt 0.000000 0.971875
vt 0.090198 0.971875
vt 0.090198 1.000000
vt 0.000000 1.000000
vt 0.000000 0.984687
vt 0.096211 0.984687
vt 0.096211 1.000000
vt 0.000000 1.000000
vt 0.000000 0.984687
vt 0.096211 0.984687
vt 0.096211 1.000000
vt 0.000000 1.000000
vt 0.000000 0.971875
vt 0.096211 0.971875
vt 0.096211 1.000000
vt 0.000000 1.000000
vt 0.000000 0.971875
vt 0.090198 0.971875
vt 0.090198 1.000000
vt 0.000000 1.000000
vt 0.000000 0.984687
vt 0.096211 0.984687
vt 0.096211 1.000000
vt 0.000000 1.000000
vt 0.000000 0.984687
vt 0.096211 0.984687
vt 0.096211 1.000000
vt 0.000000 1.000000
vt 0.000000 0.971875
vt 0.096211 0.971875
vt 0.096211 1.000000
vt 0.000000 1.000000
vt 0.000000 0.971875
vt 0.090198 0.971875
vt 0.090198 1.000000
vt 0.000000 1.000000
vt 0.000000 0.984687
vt 0.096211 0.984687
vt 0.096211 1.000000
vt 0.000000 1.000000
vt 0.000000 0.984687
vt 0.096211 0.984687
vt 0.096211 1.000000
vt 0.000000 1.000000
vt 0.000000 0.971875
vt 0.096211 0.971875
vt 0.096211 1.000000
vt 0.000000 1.000000
vt 0.000000 0.971875
vt 0.090198 0.971875
vt 0.090198 1.000000
vt 0.000000 1.000000
vt 0.000000 0.984687
vt 0.096211 0.984687
vt 0.096211 1.000000
vt 0.000000 1.000000
vt 0.000000 0.984687
vt 0.096211 0.984687
vt 0.096211 1.000000
vt 0.000000 1.000000
vt 0.000000 0.971875
vt 0.096211 0.971875
vt 0.096211 1.000000
vt 0.000000 1.000000
vt 0.000000 0.971875
vt 0.090198 0.971875
vt 0.090198 1.000000
vt 0.000000 1.000000
vt 0.000000 0.984687
vt 0.096211 0.984687
vt 0.096211 1.000000
vt 0.000000 1.000000
vt 0.000000 0.984687
vt 0.096211 0.984687
vt 0.096211 1.000000
vt 0.000000 1.000000
vt 0.000000 0.971875
vt 0.096211 0.971875
vt 0.096211 1.000000
vt 0.000000 1.000000
vt 0.000000 0.971875
vt 0.090198 0.971875
vt 0.090198 1.000000
vt 0.000000 1.000000
vt 0.000000 0.984687
vt 0.096211 0.984687
vt 0.096211 1.000000
vt 0.000000 1.000000
vt 0.000000 0.984687
vt 0.096211 0.984687
vt 0.096211 1.000000
vt 0.000000 1.000000
vt 0.000000 0.971875
vt 0.096211 0.971875
vt 0.096211 1.000000
vt 0.000000 1.000000
vt 0.000000 0.971875
vt 0.090198 0.971875
vt 0.090198 1.000000
vt 0.000000 1.000000
vt 0.000000 0.984687
vt 0.096211 0.984687
vt 0.096211 1.000000
vt 0.000000 1.000000
vt 0.000000 0.984687
vt 0.096211 0.984687
vt 0.096211 1.000000
vt 0.000000 1.000000
vt 0.000000 0.971875
vt 0.096211 0.971875
vt 0.096211 1.000000
vt 0.000000 1.000000
vt 0.000000 0.971875
vt 0.090198 0.971875
vt 0.090198 1.000000
vt 0.000000 1.000000
vt 0.000000 0.984687
vt 0.096211 0.984687
vt 0.096211 1.000000
vt 0.000000 1.000000
vt 0.000000 0.984687
vt 0.096211 0.984687
vt 0.096211 1.000000
vt 0.000000 1.000000
vt 0.000000 0.971875
vt 0.096211 0.971875
vt 0.096211 1.000000
vt 0.000000 1.000000
vt 0.000000 0.971875
vt 0.090198 0.971875
vt 0.090198 1.000000
vt 0.000000 1.000000
vt 0.000000 0.984687
vt 0.096211 0.984687
vt 0.096211 1.000000
vt 0.000000 1.000000
vt 0.000000 0.984687
vt 0.096211 0.984687
vt 0.096211 1.000000
vt 0.000000 1.000000
vt 0.000000 0.971875
vt 0.096211 0.971875
vt 0.096211 1.000000
vt 0.000000 1.000000
vt 0.000000 0.971875
vt 0.090198 0.971875
vt 0.090198 1.000000
vt 0.000000 1.000000
vt 0.000000 0.984687
vt 0.096211 0.984687
vt 0.096211 1.000000
vt 0.000000 1.000000
vt 0.000000 0.984687
vt 0.096211 0.984687
vt 0.096211 1.000000
vt 0.000000 1.000000
vt 0.000000 0.971875
vt 0.096211 0.971875
vt 0.096211 1.000000
vt 0.000000 1.000000
vt 0.000000 0.971875
vt 0.090198 0.971875
vt 0.090198 1.000000
vt 0.000000 1.000000
vt 0.000000 0.984687
vt 0.096211 0.984687
vt 0.096211 1.000000
vt 0.000000 1.000000
vt 0.000000 0.984687
vt 0.096211 0.984687
vt 0.096211 1.000000
vt 0.000000 1.000000
vt 0.000000 0.971875
vt 0.096211 0.971875
vt 0.096211 1.000000
vt 0.000000 1.000000
vt 0.000000 0.971875
vt 0.090198 0.971875
vt 0.090198 1.000000
vt 0.000000 1.000000
vt 0.000000 0.984687
vt 0.096211 0.984687
vt 0.096211 1.000000
vt 0.000000 1.000000
vt 0.000000 0.984687
vt 0.096211 0.984687
vt 0.096211 1.000000
vt 0.000000 1.000000
vt 0.000000 0.971875
vt 0.096211 0.971875
vt 0.096211 1.000000
vt 0.000000 1.000000
vt 0.000000 0.971875
vt 0.090198 0.971875
vt 0.090198 1.000000
vt 0.000000 1.000000
vt 0.000000 0.984687
vt 0.096211 0.984687
vt 0.096211 1.000000
vt 0.000000 1.000000
vt 0.000000 0.984687
vt 0.096211 0.984687
vt 0.096211 1.000000
vt 0.000000 1.000000
vt 0.000000 0.971875
vt 0.096211 0.971875
vt 0.096211 1.000000
vt 0.000000 1.000000
vt 0.000000 0.971875
vt 0.090198 0.971875
vt 0.090198 1.000000
vt 0.000000 1.000000
vt 0.000000 0.984687
vt 0.096211 0.984687
vt 0.096211 1.000000
vt 0.000000 1.000000
vt 0.000000 0.984687
vt 0.096211 0.984687
vt 0.096211 1.000000
vt 0.000000 1.000000
vt 0.000000 0.971875
vt 0.096211 0.971875
vt 0.096211 1.000000
vt 0.000000 1.000000
vt 0.000000 0.971875
vt 0.090198 0.971875
vt 0.090198 1.000000
vt 0.000000 1.000000
vt 0.000000 0.984687
vt 0.096211 0.984687
vt 0.096211 1.000000
vt 0.000000 1.000000
vt 0.000000 0.984687
vt 0.096211 0.984687
vt 0.096211 1.000000
vt 0.000000 1.000000
vt 0.000000 0.971875
vt 0.096211 0.971875
vt 0.096211 1.000000
vt 0.000000 1.000000
vt 0.000000 0.971875
vt 0.090198 0.971875
vt 0.090198 1.000000
vt 0.000000 1.000000
vt 0.000000 0.984687
vt 0.096211 0.984687
vt 0.096211 1.000000
vt 0.000000 1.000000
vt 0.000000 0.984687
vt 0.096211 0.984687
vt 0.096211 1.000000
vt 0.000000 1.000000
vt 0.500000 0.862500
vt 0.567495 0.862500
vt 0.567495 1.000000
vt 0.500000 1.000000
vt 0.500000 0.862500
vt 0.545406 0.862500
vt 0.545406 1.000000
vt 0.500000 1.000000
vt 0.500000 0.943750
vt 0.567495 0.943750
vt 0.567495 1.000000
vt 0.500000 1.000000
vt 0.500000 0.943750
vt 0.567495 0.943750
vt 0.567495 1.000000
vt 0.500000 1.000000
vt 0.500000 0.862500
vt 0.567495 0.862500
vt 0.567495 1.000000
vt 0.500000 1.000000
vt 0.500000 0.862500
vt 0.545406 0.862500
vt 0.545406 1.000000
vt 0.500000 1.000000
vt 0.500000 0.943750
vt 0.567495 0.943750
vt 0.567495 1.000000
vt 0.500000 1.000000
vt 0.500000 0.943750
vt 0.567495 0.943750
vt 0.567495 1.000000
vt 0.500000 1.000000
vt 0.500000 0.862500
vt 0.567495 0.862500
vt 0.567495 1.000000
vt 0.500000 1.000000
vt 0.500000 0.862500
vt 0.545406 0.862500
vt 0.545406 1.000000
vt 0.500000 1.000000
vt 0.500000 0.943750
vt 0.567495 0.943750
vt 0.567495 1.000000
vt 0.500000 1.000000
vt 0.500000 0.943750
vt 0.567495 0.943750
vt 0.567495 1.000000
vt 0.500000 1.000000
vt 0.500000 0.862500
vt 0.567495 0.862500
vt 0.567495 1.000000
vt 0.500000 1.000000
vt 0.500000 0.862500
vt 0.545406 0.862500
vt 0.545406 1.000000
vt 0.500000 1.000000
vt 0.500000 0.943750
vt 0.567495 0.943750
vt 0.567495 1.000000
vt 0.500000 1.000000
vt 0.500000 0.943750
vt 0.567495 0.943750
vt 0.567495 1.000000
vt 0.500000 1.000000
vt 0.500000 0.862500
vt 0.567495 0.862500
vt 0.567495 1.000000
vt 0.500000 1.000000
vt 0.500000 0.862500
vt 0.545406 0.862500
vt 0.545406 1.000000
vt 0.500000 1.000000
vt 0.500000 0.943750
vt 0.567495 0.943750
vt 0.567495 1.000000
vt 0.500000 1.000000
vt 0.500000 0.943750
vt 0.567495 0.943750
vt 0.567495 1.000000
vt 0.500000 1.000000
vt 0.500000 0.862500
vt 0.567495 0.862500
vt 0.567495 1.000000
vt 0.500000 1.000000
vt 0.500000 0.862500
vt 0.545406 0.862500
vt 0.545406 1.000000
vt 0.500000 1.000000
vt 0.500000 0.943750
vt 0.567495 0.943750
vt 0.567495 1.000000
vt 0.500000 1.000000
vt 0.500000 0.943750
vt 0.567495 0.943750
vt 0.567495 1.000000
vt 0.500000 1.000000
vt 0.500000 0.862500
vt 0.567495 0.862500
vt 0.567495 1.000000
vt 0.500000 1.000000
vt 0.500000 0.862500
vt 0.545406 0.862500
vt 0.545406 1.000000
vt 0.500000 1.000000
vt 0.500000 0.943750
vt 0.567495 0.943750
vt 0.567495 1.000000
vt 0.500000 1.000000
vt 0.500000 0.943750
vt 0.567495 0.943750
vt 0.567495 1.000000
vt 0.500000 1.000000
vt 0.500000 0.862500
vt 0.567495 0.862500
vt 0.567495 1.000000
vt 0.500000 1.000000
vt 0.500000 0.862500
vt 0.545406 0.862500
vt 0.545406 1.000000
vt 0.500000 1.000000
vt 0.500000 0.943750
vt 0.567495 0.943750
vt 0.567495 1.000000
vt 0.500000 1.000000
vt 0.500000 0.943750
vt 0.567495 0.943750
vt 0.567495 1.000000
vt 0.500000 1.000000
vt 0.500000 0.862500
vt 0.567495 0.862500
vt 0.567495 1.000000
vt 0.500000 1.000000
vt 0.500000 0.862500
vt 0.545406 0.862500
vt 0.545406 1.000000
vt 0.500000 1.000000
vt 0.500000 0.943750
vt 0.567495 0.943750
vt 0.567495 1.000000
vt 0.500000 1.000000
vt 0.500000 0.943750
vt 0.567495 0.943750
vt 0.567495 1.000000
vt 0.500000 1.000000
vt 0.500000 0.862500
vt 0.567495 0.862500
vt 0.567495 1.000000
vt 0.500000 1.000000
vt 0.500000 0.862500
vt 0.545406 0.862500
vt 0.545406 1.000000
vt 0.500000 1.000000
vt 0.500000 0.943750
vt 0.567495 0.943750
vt 0.567495 1.000000
vt 0.500000 1.000000
vt 0.500000 0.943750
vt 0.567495 0.943750
vt 0.567495 1.000000
vt 0.500000 1.000000
vt 0.500000 0.862500
vt 0.567495 0.862500
vt 0.567495 1.000000
vt 0.500000 1.000000
vt 0.500000 0.862500
vt 0.545406 0.862500
vt 0.545406 1.000000
vt 0.500000 1.000000
vt 0.500000 0.943750
vt 0.567495 0.943750
vt 0.567495 1.000000
vt 0.500000 1.000000
vt 0.500000 0.943750
vt 0.567495 0.943750
vt 0.567495 1.000000
vt 0.500000 1.000000
vt 0.500000 0.862500
vt 0.567495 0.862500
vt 0.567495 1.000000
vt 0.500000 1.000000
vt 0.500000 0.862500
vt 0.545406 0.862500
vt 0.545406 1.000000
vt 0.500000 1.000000
vt 0.500000 0.943750
vt 0.567495 0.943750
vt 0.567495 1.000000
vt 0.500000 1.000000
vt 0.500000 0.943750
vt 0.567495 0.943750
vt 0.567495 1.000000
vt 0.500000 1.000000
vt 0.500000 0.862500
vt 0.567495 0.862500
vt 0.567495 1.000000
vt 0.500000 1.000000
vt 0.500000 0.862500
vt 0.545406 0.862500
vt 0.545406 1.000000
vt 0.500000 1.000000
vt 0.500000 0.943750
vt 0.567495 0.943750
vt 0.567495 1.000000
vt 0.500000 1.000000
vt 0.500000 0.943750
vt 0.567495 0.943750
vt 0.567495 1.000000
vt 0.500000 1.000000
vt 0.500000 0.862500
vt 0.567495 0.862500
vt 0.567495 1.000000
vt 0.500000 1.000000
vt 0.500000 0.862500
vt 0.545406 0.862500
vt 0.545406 1.000000
vt 0.500000 1.000000
vt 0.500000 0.943750
vt 0.567495 0.943750
vt 0.567495 1.000000
vt 0.500000 1.000000
vt 0.500000 0.943750
vt 0.567495 0.943750
vt 0.567495 1.000000
vt 0.500000 1.000000
vt 0.500000 0.862500
vt 0.567495 0.862500
vt 0.567495 1.000000
vt 0.500000 1.000000
vt 0.500000 0.862500
vt 0.545406 0.862500
vt 0.545406 1.000000
vt 0.500000 1.000000
vt 0.500000 0.943750
vt 0.567495 0.943750
vt 0.567495 1.000000
vt 0.500000 1.000000
vt 0.500000 0.943750
vt 0.567495 0.943750
vt 0.567495 1.000000
vt 0.500000 1.000000
vt 0.500000 0.862500
vt 0.567495 0.862500
vt 0.567495 1.000000
vt 0.500000 1.000000
vt 0.500000 0.862500
vt 0.545406 0.862500
vt 0.545406 1.000000
vt 0.500000 1.000000
vt 0.500000 0.943750
vt 0.567495 0.943750
vt 0.567495 1.000000
vt 0.500000 1.000000
vt 0.500000 0.943750
vt 0.567495 0.943750
vt 0.567495 1.000000
vt 0.500000 1.000000
vt 0.500000 0.975000
vt 0.565654 0.975000
vt 0.565654 1.000000
vt 0.500000 1.000000
vt 0.500000 0.975000
vt 0.549701 0.975000
vt 0.549701 1.000000
vt 0.500000 1.000000
vt 0.500000 0.959375
vt 0.565654 0.959375
vt 0.565654 1.000000
vt 0.500000 1.000000
vt 0.500000 0.959375
vt 0.565654 0.959375
vt 0.565654 1.000000
vt 0.500000 1.000000
vt 0.500000 0.975000
vt 0.565654 0.975000
vt 0.565654 1.000000
vt 0.500000 1.000000
vt 0.500000 0.975000
vt 0.549701 0.975000
vt 0.549701 1.000000
vt 0.500000 1.000000
vt 0.500000 0.959375
vt 0.565654 0.959375
vt 0.565654 1.000000
vt 0.500000 1.000000
vt 0.500000 0.959375
vt 0.565654 0.959375
vt 0.565654 1.000000
vt 0.500000 1.000000
vt 0.500000 0.975000
vt 0.565654 0.975000
vt 0.565654 1.000000
vt 0.500000 1.000000
vt 0.500000 0.975000
vt 0.549701 0.975000
vt 0.549701 1.000000
vt 0.500000 1.000000
vt 0.500000 0.959375
vt 0.565654 0.959375
vt 0.565654 1.000000
vt 0.500000 1.000000
vt 0.500000 0.959375
vt 0.565654 0.959375
vt 0.565654 1.000000
vt 0.500000 1.000000
vt 0.500000 0.975000
vt 0.565654 0.975000
vt 0.565654 1.000000
vt 0.500000 1.000000
vt 0.500000 0.975000
vt 0.549701 0.975000
vt 0.549701 1.000000
vt 0.500000 1.000000
vt 0.500000 0.959375
vt 0.565654 0.959375
vt 0.565654 1.000000
vt 0.500000 1.000000
vt 0.500000 0.959375
vt 0.565654 0.959375
vt 0.565654 1.000000
vt 0.500000 1.000000
vt 0.500000 0.975000
vt 0.565654 0.975000
vt 0.565654 1.000000
vt 0.500000 1.000000
vt 0.500000 0.975000
vt 0.549701 0.975000
vt 0.549701 1.000000
vt 0.500000 1.000000
vt 0.500000 0.959375
vt 0.565654 0.959375
vt 0.565654 1.000000
vt 0.500000 1.000000
vt 0.500000 0.959375
vt 0.565654 0.959375
vt 0.565654 1.000000
vt 0.500000 1.000000
vt 0.500000 0.975000
vt 0.565654 0.975000
vt 0.565654 1.000000
vt 0.500000 1.000000
vt 0.500000 0.975000
vt 0.549701 0.975000
vt 0.549701 1.000000
vt 0.500000 1.000000
vt 0.500000 0.959375
vt 0.565654 0.959375
vt 0.565654 1.000000
vt 0.500000 1.000000
vt 0.500000 0.959375
vt 0.565654 0.959375
vt 0.565654 1.000000
vt 0.500000 1.000000
vt 0.500000 0.975000
vt 0.565654 0.975000
vt 0.565654 1.000000
vt 0.500000 1.000000
vt 0.500000 0.975000
vt 0.549701 0.975000
vt 0.549701 1.000000
vt 0.500000 1.000000
vt 0.500000 0.959375
vt 0.565654 0.959375
vt 0.565654 1.000000
vt 0.500000 1.000000
vt 0.500000 0.959375
vt 0.565654 0.959375
vt 0.565654 1.000000
vt 0.500000 1.000000
vt 0.500000 0.975000
vt 0.565654 0.975000
vt 0.565654 1.000000
vt 0.500000 1.000000
vt 0.500000 0.975000
vt 0.549701 0.975000
vt 0.549701 1.000000
vt 0.500000 1.000000
vt 0.500000 0.959375
vt 0.565654 0.959375
vt 0.565654 1.000000
vt 0.500000 1.000000
vt 0.500000 0.959375
vt 0.565654 0.959375
vt 0.565654 1.000000
vt 0.500000 1.000000
vt 0.500000 0.975000
vt 0.565654 0.975000
vt 0.565654 1.000000
vt 0.500000 1.000000
vt 0.500000 0.975000
vt 0.549701 0.975000
vt 0.549701 1.000000
vt 0.500000 1.000000
vt 0.500000 0.959375
vt 0.565654 0.959375
vt 0.565654 1.000000
vt 0.500000 1.000000
vt 0.500000 0.959375
vt 0.565654 0.959375
vt 0.565654 1.000000
vt 0.500000 1.000000
vt 0.500000 0.975000
vt 0.565654 0.975000
vt 0.565654 1.000000
vt 0.500000 1.000000
vt 0.500000 0.975000
vt 0.549701 0.975000
vt 0.549701 1.000000
vt 0.500000 1.000000
vt 0.500000 0.959375
vt 0.565654 0.959375
vt 0.565654 1.000000
vt 0.500000 1.000000
vt 0.500000 0.959375
vt 0.565654 0.959375
vt 0.565654 1.000000
vt 0.500000 1.000000
vt 0.500000 0.975000
vt 0.565654 0.975000
vt 0.565654 1.000000
vt 0.500000 1.000000
vt 0.500000 0.975000
vt 0.549701 0.975000
vt 0.549701 1.000000
vt 0.500000 1.000000
vt 0.500000 0.959375
vt 0.565654 0.959375
vt 0.565654 1.000000
vt 0.500000 1.000000
vt 0.500000 0.959375
vt 0.565654 0.959375
vt 0.565654 1.000000
vt 0.500000 1.000000
vt 0.500000 0.975000
vt 0.565654 0.975000
vt 0.565654 1.000000
vt 0.500000 1.000000
vt 0.500000 0.975000
vt 0.549701 0.975000
vt 0.549701 1.000000
vt 0.500000 1.000000
vt 0.500000 0.959375
vt 0.565654 0.959375
vt 0.565654 1.000000
vt 0.500000 1.000000
vt 0.500000 0.959375
vt 0.565654 0.959375
vt 0.565654 1.000000
vt 0.500000 1.000000
vt 0.500000 0.975000
vt 0.565654 0.975000
vt 0.565654 1.000000
vt 0.500000 1.000000
vt 0.500000 0.975000
vt 0.549701 0.975000
vt 0.549701 1.000000
vt 0.500000 1.000000
vt 0.500000 0.959375
vt 0.565654 0.959375
vt 0.565654 1.000000
vt 0.500000 1.000000
vt 0.500000 0.959375
vt 0.565654 0.959375
vt 0.565654 1.000000
vt 0.500000 1.000000
vt 0.500000 0.975000
vt 0.565654 0.975000
vt 0.565654 1.000000
vt 0.500000 1.000000
vt 0.500000 0.975000
vt 0.549701 0.975000
vt 0.549701 1.000000
vt 0.500000 1.000000
vt 0.500000 0.959375
vt 0.565654 0.959375
vt 0.565654 1.000000
vt 0.500000 1.000000
vt 0.500000 0.959375
vt 0.565654 0.959375
vt 0.565654 1.000000
vt 0.500000 1.000000
vt 0.500000 0.975000
vt 0.565654 0.975000
vt 0.565654 1.000000
vt 0.500000 1.000000
vt 0.500000 0.975000
vt 0.549701 0.975000
vt 0.549701 1.000000
vt 0.500000 1.000000
vt 0.500000 0.959375
vt 0.565654 0.959375
vt 0.565654 1.000000
vt 0.500000 1.000000
vt 0.500000 0.959375
vt 0.565654 0.959375
vt 0.565654 1.000000
vt 0.500000 1.000000
vt 0.500000 0.975000
vt 0.565654 0.975000
vt 0.565654 1.000000
vt 0.500000 1.000000
vt 0.500000 0.975000
vt 0.549701 0.975000
vt 0.549701 1.000000
vt 0.500000 1.000000
vt 0.500000 0.959375
vt 0.565654 0.959375
vt 0.565654 1.000000
vt 0.500000 1.000000
vt 0.500000 0.959375
vt 0.565654 0.959375
vt 0.565654 1.000000
vt 0.500000 1.000000
vt 0.000000 0.475000
vt 0.051542 0.475000
vt 0.051542 0.500000
vt 0.000000 0.500000
vt 0.000000 0.475000
vt 0.051542 0.475000
vt 0.051542 0.500000
vt 0.000000 0.500000
vt 0.000000 0.475000
vt 0.051542 0.475000
vt 0.051542 0.500000
vt 0.000000 0.500000
vt 0.000000 0.475000
vt 0.051542 0.475000
vt 0.051542 0.500000
vt 0.000000 0.500000
vt 0.000000 0.475000
vt 0.051542 0.475000
vt 0.051542 0.500000
vt 0.000000 0.500000
vt 0.000000 0.475000
vt 0.051542 0.475000
vt 0.051542 0.500000
vt 0.000000 0.500000
vt 0.000000 0.475000
vt 0.051542 0.475000
vt 0.051542 0.500000
vt 0.000000 0.500000
vt 0.000000 0.475000
vt 0.051542 0.475000
vt 0.051542 0.500000
vt 0.000000 0.500000
vt 0.000000 0.475000
vt 0.051542 0.475000
vt 0.051542 0.500000
vt 0.000000 0.500000
vt 0.000000 0.475000
vt 0.051542 0.475000
vt 0.051542 0.500000
vt 0.000000 0.500000
vt 0.000000 0.475000
vt 0.051542 0.475000
vt 0.051542 0.500000
vt 0.000000 0.500000
vt 0.000000 0.475000
vt 0.051542 0.475000
vt 0.051542 0.500000
vt 0.000000 0.500000
vt 0.000000 0.475000
vt 0.051542 0.475000
vt 0.051542 0.500000
vt 0.000000 0.500000
vt 0.000000 0.475000
vt 0.051542 0.475000
vt 0.051542 0.500000
vt 0.000000 0.500000
vt 0.000000 0.475000
vt 0.051542 0.475000
vt 0.051542 0.500000
vt 0.000000 0.500000
vt 0.000000 0.475000
vt 0.051542 0.475000
vt 0.051542 0.500000
vt 0.000000 0.500000
vt 0.262500 0.368750
vt 0.252509 0.318523
vt 0.224058 0.275942
vt 0.181477 0.247491
vt 0.131250 0.237500
vt 0.081023 0.247491
vt 0.038442 0.275942
vt 0.009991 0.318523
vt 0.000000 0.368750
vt 0.009991 0.418977
vt 0.038442 0.461558
vt 0.081023 0.490009
vt 0.131250 0.500000
vt 0.181477 0.490009
vt 0.224058 0.461558
vt 0.252509 0.418977
vt 0.252509 0.418977
vt 0.224058 0.461558
vt 0.181477 0.490009
vt 0.131250 0.500000
vt 0.081023 0.490009
vt 0.038442 0.461558
vt 0.009991 0.418977
vt 0.000000 0.368750
vt 0.009991 0.318523
vt 0.038442 0.275942
vt 0.081023 0.247491
vt 0.131250 0.237500
vt 0.181477 0.247491
vt 0.224058 0.275942
vt 0.252509 0.318523
vt 0.262500 0.368750
vt 0.000000 0.478125
vt 0.062586 0.478125
vt 0.062586 0.500000
vt 0.000000 0.500000
vt 0.000000 0.478125
vt 0.062586 0.478125
vt 0.062586 0.500000
vt 0.000000 0.500000
vt 0.000000 0.478125
vt 0.062586 0.478125
vt 0.062586 0.500000
vt 0.000000 0.500000
vt 0.000000 0.478125
vt 0.062586 0.478125
vt 0.062586 0.500000
vt 0.000000 0.500000
vt 0.000000 0.478125
vt 0.062586 0.478125
vt 0.062586 0.500000
vt 0.000000 0.500000
vt 0.000000 0.478125
vt 0.062586 0.478125
vt 0.062586 0.500000
vt 0.000000 0.500000
vt 0.000000 0.478125
vt 0.062586 0.478125
vt 0.062586 0.500000
vt 0.000000 0.500000
vt 0.000000 0.478125
vt 0.062586 0.478125
vt 0.062586 0.500000
vt 0.000000 0.500000
vt 0.000000 0.478125
vt 0.062586 0.478125
vt 0.062586 0.500000
vt 0.000000 0.500000
vt 0.000000 0.478125
vt 0.062586 0.478125
vt 0.062586 0.500000
vt 0.000000 0.500000
vt 0.000000 0.478125
vt 0.062586 0.478125
vt 0.062586 0.500000
vt 0.000000 0.500000
vt 0.000000 0.478125
vt 0.062586 0.478125
vt 0.062586 0.500000
vt 0.000000 0.500000
vt 0.000000 0.478125
vt 0.062586 0.478125
vt 0.062586 0.500000
vt 0.000000 0.500000
vt 0.000000 0.478125
vt 0.062586 0.478125
vt 0.062586 0.500000
vt 0.000000 0.500000
vt 0.000000 0.478125
vt 0.062586 0.478125
vt 0.062586 0.500000
vt 0.000000 0.500000
vt 0.000000 0.478125
vt 0.062586 0.478125
vt 0.062586 0.500000
vt 0.000000 0.500000
vt 0.318750 0.340625
vt 0.306618 0.279635
vt 0.272070 0.227930
vt 0.220365 0.193382
vt 0.159375 0.181250
vt 0.098385 0.193382
vt 0.046680 0.227930
vt 0.012132 0.279635
vt 0.000000 0.340625
vt 0.012132 0.401615
vt 0.046680 0.453320
vt 0.098385 0.487868
vt 0.159375 0.500000
vt 0.220365 0.487868
vt 0.272070 0.453320
vt 0.306618 0.401615
vt 0.306618 0.401615
vt 0.272070 0.453320
vt 0.220365 0.487868
vt 0.159375 0.500000
vt 0.098385 0.487868
vt 0.046680 0.453320
vt 0.012132 0.401615
vt 0.000000 0.340625
vt 0.012132 0.279635
vt 0.046680 0.227930
vt 0.098385 0.193382
vt 0.159375 0.181250
vt 0.220365 0.193382
vt 0.272070 0.227930
vt 0.306618 0.279635
vt 0.318750 0.340625
vt 0.500000 0.950000
vt 0.538750 0.950000
vt 0.538750 1.000000
vt 0.500000 1.000000
vt 0.500000 0.950000
vt 0.538750 0.950000
vt 0.538750 1.000000
vt 0.500000 1.000000
vt 0.500000 0.975625
vt 0.538750 0.975625
vt 0.538750 1.000000
vt 0.500000 1.000000
vt 0.500000 0.975625
vt 0.538750 0.975625
vt 0.538750 1.000000
vt 0.500000 1.000000
vt 0.500000 0.975625
vt 0.550000 0.975625
vt 0.550000 1.000000
vt 0.500000 1.000000
vt 0.500000 0.975625
vt 0.550000 0.975625
vt 0.550000 1.000000
vt 0.500000 1.000000
vt 0.500000 0.950000
vt 0.538750 0.950000
vt 0.538750 1.000000
vt 0.500000 1.000000
vt 0.500000 0.950000
vt 0.538750 0.950000
vt 0.538750 1.000000
vt 0.500000 1.000000
vt 0.500000 0.975625
vt 0.538750 0.975625
vt 0.538750 1.000000
vt 0.500000 1.000000
vt 0.500000 0.975625
vt 0.538750 0.975625
vt 0.538750 1.000000
vt 0.500000 1.000000
vt 0.500000 0.975625
vt 0.550000 0.975625
vt 0.550000 1.000000
vt 0.500000 1.000000
vt 0.500000 0.975625
vt 0.550000 0.975625
vt 0.550000 1.000000
vt 0.500000 1.000000
vt 0.500000 0.950000
vt 0.538750 0.950000
vt 0.538750 1.000000
vt 0.500000 1.000000
vt 0.500000 0.950000
vt 0.538750 0.950000
vt 0.538750 1.000000
vt 0.500000 1.000000
vt 0.500000 0.975625
vt 0.538750 0.975625
vt 0.538750 1.000000
vt 0.500000 1.000000
vt 0.500000 0.975625
vt 0.538750 0.975625
vt 0.538750 1.000000
vt 0.500000 1.000000
vt 0.500000 0.975625
vt 0.550000 0.975625
vt 0.550000 1.000000
vt 0.500000 1.000000
vt 0.500000 0.975625
vt 0.550000 0.975625
vt 0.550000 1.000000
vt 0.500000 1.000000
vt 0.500000 0.950000
vt 0.538750 0.950000
vt 0.538750 1.000000
vt 0.500000 1.000000
vt 0.500000 0.950000
vt 0.538750 0.950000
vt 0.538750 1.000000
vt 0.500000 1.000000
vt 0.500000 0.975625
vt 0.538750 0.975625
vt 0.538750 1.000000
vt 0.500000 1.000000
vt 0.500000 0.975625
vt 0.538750 0.975625
vt 0.538750 1.000000
vt 0.500000 1.000000
vt 0.500000 0.975625
vt 0.550000 0.975625
vt 0.550000 1.000000
vt 0.500000 1.000000
vt 0.500000 0.975625
vt 0.550000 0.975625
vt 0.550000 1.000000
vt 0.500000 1.000000
vt 0.500000 0.950000
vt 0.538750 0.950000
vt 0.538750 1.000000
vt 0.500000 1.000000
vt 0.500000 0.950000
vt 0.538750 0.950000
vt 0.538750 1.000000
vt 0.500000 1.000000
vt 0.500000 0.975625
vt 0.538750 0.975625
vt 0.538750 1.000000
vt 0.500000 1.000000
vt 0.500000 0.975625
vt 0.538750 0.975625
vt 0.538750 1.000000
vt 0.500000 1.000000
vt 0.500000 0.975625
vt 0.550000 0.975625
vt 0.550000 1.000000
vt 0.500000 1.000000
vt 0.500000 0.975625
vt 0.550000 0.975625
vt 0.550000 1.000000
vt 0.500000 1.000000
vt 0.500000 0.950000
vt 0.538750 0.950000
vt 0.538750 1.000000
vt 0.500000 1.000000
vt 0.500000 0.950000
vt 0.538750 0.950000
vt 0.538750 1.000000
vt 0.500000 1.000000
vt 0.500000 0.975625
vt 0.538750 0.975625
vt 0.538750 1.000000
vt 0.500000 1.000000
vt 0.500000 0.975625
vt 0.538750 0.975625
vt 0.538750 1.000000
vt 0.500000 1.000000
vt 0.500000 0.975625
vt 0.550000 0.975625
vt 0.550000 1.000000
vt 0.500000 1.000000
vt 0.500000 0.975625
vt 0.550000 0.975625
vt 0.550000 1.000000
vt 0.500000 1.000000
vt 0.500000 0.950000
vt 0.538750 0.950000
vt 0.538750 1.000000
vt 0.500000 1.000000
vt 0.500000 0.950000
vt 0.538750 0.950000
vt 0.538750 1.000000
vt 0.500000 1.000000
vt 0.500000 0.975625
vt 0.538750 0.975625
vt 0.538750 1.000000
vt 0.500000 1.000000
vt 0.500000 0.975625
vt 0.538750 0.975625
vt 0.538750 1.000000
vt 0.500000 1.000000
vt 0.500000 0.975625
vt 0.550000 0.975625
vt 0.550000 1.000000
vt 0.500000 1.000000
vt 0.500000 0.975625
vt 0.550000 0.975625
vt 0.550000 1.000000
vt 0.500000 1.000000
vt 0.500000 0.950000
vt 0.538750 0.950000
vt 0.538750 1.000000
vt 0.500000 1.000000
vt 0.500000 0.950000
vt 0.538750 0.950000
vt 0.538750 1.000000
vt 0.500000 1.000000
vt 0.500000 0.975625
vt 0.538750 0.975625
vt 0.538750 1.000000
vt 0.500000 1.000000
vt 0.500000 0.975625
vt 0.538750 0.975625
vt 0.538750 1.000000
vt 0.500000 1.000000
vt 0.500000 0.975625
vt 0.550000 0.975625
vt 0.550000 1.000000
vt 0.500000 1.000000
vt 0.500000 0.975625
vt 0.550000 0.975625
vt 0.550000 1.000000
vt 0.500000 1.000000
vt 0.500000 0.971875
vt 0.567495 0.971875
vt 0.567495 1.000000
vt 0.500000 1.000000
vt 0.500000 0.971875
vt 0.567495 0.971875
vt 0.567495 1.000000
vt 0.500000 1.000000
vt 0.500000 0.971875
vt 0.567495 0.971875
vt 0.567495 1.000000
vt 0.500000 1.000000
vt 0.500000 0.971875
vt 0.567495 0.971875
vt 0.567495 1.000000
vt 0.500000 1.000000
vt 0.500000 0.971875
vt 0.567495 0.971875
vt 0.567495 1.000000
vt 0.500000 1.000000
vt 0.500000 0.971875
vt 0.567495 0.971875
vt 0.567495 1.000000
vt 0.500000 1.000000
vt 0.500000 0.971875
vt 0.567495 0.971875
vt 0.567495 1.000000
vt 0.500000 1.000000
vt 0.500000 0.971875
vt 0.567495 0.971875
vt 0.567495 1.000000
vt 0.500000 1.000000
vt 0.665333 0.881176
vt 0.618824 0.834667
vt 0.553051 0.834667
vt 0.506542 0.881176
vt 0.506542 0.946949
vt 0.553051 0.993458
vt 0.618824 0.993458
vt 0.665333 0.946949
vt 0.665333 0.946949
vt 0.618824 0.993458
vt 0.553051 0.993458
vt 0.506542 0.946949
vt 0.506542 0.881176
vt 0.553051 0.834667
vt 0.618824 0.834667
vt 0.665333 0.881176
vt 0.500000 0.983125
vt 0.511126 0.983125
vt 0.511126 1.000000
vt 0.500000 1.000000
vt 0.500000 0.983125
vt 0.511126 0.983125
vt 0.511126 1.000000
vt 0.500000 1.000000
vt 0.500000 0.983125
vt 0.511126 0.983125
vt 0.511126 1.000000
vt 0.500000 1.000000
vt 0.500000 0.983125
vt 0.511126 0.983125
vt 0.511126 1.000000
vt 0.500000 1.000000
vt 0.500000 0.983125
vt 0.511126 0.983125
vt 0.511126 1.000000
vt 0.500000 1.000000
vt 0.500000 0.983125
vt 0.511126 0.983125
vt 0.511126 1.000000
vt 0.500000 1.000000
vt 0.521250 0.989375
vt 0.515938 0.980173
vt 0.505313 0.980173
vt 0.500000 0.989375
vt 0.505313 0.998577
vt 0.515938 0.998577
vt 0.515938 0.998577
vt 0.505313 0.998577
vt 0.500000 0.989375
vt 0.505313 0.980173
vt 0.515938 0.980173
vt 0.521250 0.989375
vt 0.500000 0.983125
vt 0.511126 0.983125
vt 0.511126 1.000000
vt 0.500000 1.000000
vt 0.500000 0.983125
vt 0.511126 0.983125
vt 0.511126 1.000000
vt 0.500000 1.000000
vt 0.500000 0.983125
vt 0.511126 0.983125
vt 0.511126 1.000000
vt 0.500000 1.000000
vt 0.500000 0.983125
vt 0.511126 0.983125
vt 0.511126 1.000000
vt 0.500000 1.000000
vt 0.500000 0.983125
vt 0.511126 0.983125
vt 0.511126 1.000000
vt 0.500000 1.000000
vt 0.500000 0.983125
vt 0.511126 0.983125
vt 0.511126 1.000000
vt 0.500000 1.000000
vt 0.521250 0.989375
vt 0.515938 0.980173
vt 0.505313 0.980173
vt 0.500000 0.989375
vt 0.505313 0.998577
vt 0.515938 0.998577
vt 0.515938 0.998577
vt 0.505313 0.998577
vt 0.500000 0.989375
vt 0.505313 0.980173
vt 0.515938 0.980173
vt 0.521250 0.989375
vt 0.500000 0.983125
vt 0.511126 0.983125
vt 0.511126 1.000000
vt 0.500000 1.000000
vt 0.500000 0.983125
vt 0.511126 0.983125
vt 0.511126 1.000000
vt 0.500000 1.000000
vt 0.500000 0.983125
vt 0.511126 0.983125
vt 0.511126 1.000000
vt 0.500000 1.000000
vt 0.500000 0.983125
vt 0.511126 0.983125
vt 0.511126 1.000000
vt 0.500000 1.000000
vt 0.500000 0.983125
vt 0.511126 0.983125
vt 0.511126 1.000000
vt 0.500000 1.000000
vt 0.500000 0.983125
vt 0.511126 0.983125
vt 0.511126 1.000000
vt 0.500000 1.000000
vt 0.521250 0.989375
vt 0.515938 0.980173
vt 0.505313 0.980173
vt 0.500000 0.989375
vt 0.505313 0.998577
vt 0.515938 0.998577
vt 0.515938 0.998577
vt 0.505313 0.998577
vt 0.500000 0.989375
vt 0.505313 0.980173
vt 0.515938 0.980173
vt 0.521250 0.989375
vt 0.500000 0.983125
vt 0.511126 0.983125
vt 0.511126 1.000000
vt 0.500000 1.000000
vt 0.500000 0.983125
vt 0.511126 0.983125
vt 0.511126 1.000000
vt 0.500000 1.000000
vt 0.500000 0.983125
vt 0.511126 0.983125
vt 0.511126 1.000000
vt 0.500000 1.000000
vt 0.500000 0.983125
vt 0.511126 0.983125
vt 0.511126 1.000000
vt 0.500000 1.000000
vt 0.500000 0.983125
vt 0.511126 0.983125
vt 0.511126 1.000000
vt 0.500000 1.000000
vt 0.500000 0.983125
vt 0.511126 0.983125
vt 0.511126 1.000000
vt 0.500000 1.000000
vt 0.521250 0.989375
vt 0.515938 0.980173
vt 0.505313 0.980173
vt 0.500000 0.989375
vt 0.505313 0.998577
vt 0.515938 0.998577
vt 0.515938 0.998577
vt 0.505313 0.998577
vt 0.500000 0.989375
vt 0.505313 0.980173
vt 0.515938 0.980173
vt 0.521250 0.989375
vt 0.500000 0.983125
vt 0.511126 0.983125
vt 0.511126 1.000000
vt 0.500000 1.000000
vt 0.500000 0.983125
vt 0.511126 0.983125
vt 0.511126 1.000000
vt 0.500000 1.000000
vt 0.500000 0.983125
vt 0.511126 0.983125
vt 0.511126 1.000000
vt 0.500000 1.000000
vt 0.500000 0.983125
vt 0.511126 0.983125
vt 0.511126 1.000000
vt 0.500000 1.000000
vt 0.500000 0.983125
vt 0.511126 0.983125
vt 0.511126 1.000000
vt 0.500000 1.000000
vt 0.500000 0.983125
vt 0.511126 0.983125
vt 0.511126 1.000000
vt 0.500000 1.000000
vt 0.521250 0.989375
vt 0.515938 0.980173
vt 0.505313 0.980173
vt 0.500000 0.989375
vt 0.505313 0.998577
vt 0.515938 0.998577
vt 0.515938 0.998577
vt 0.505313 0.998577
vt 0.500000 0.989375
vt 0.505313 0.980173
vt 0.515938 0.980173
vt 0.521250 0.989375
vt 0.500000 0.983125
vt 0.511126 0.983125
vt 0.511126 1.000000
vt 0.500000 1.000000
vt 0.500000 0.983125
vt 0.511126 0.983125
vt 0.511126 1.000000
vt 0.500000 1.000000
vt 0.500000 0.983125
vt 0.511126 0.983125
vt 0.511126 1.000000
vt 0.500000 1.000000
vt 0.500000 0.983125
vt 0.511126 0.983125
vt 0.511126 1.000000
vt 0.500000 1.000000
vt 0.500000 0.983125
vt 0.511126 0.983125
vt 0.511126 1.000000
vt 0.500000 1.000000
vt 0.500000 0.983125
vt 0.511126 0.983125
vt 0.511126 1.000000
vt 0.500000 1.000000
vt 0.521250 0.989375
vt 0.515938 0.980173
vt 0.505313 0.980173
vt 0.500000 0.989375
vt 0.505313 0.998577
vt 0.515938 0.998577
vt 0.515938 0.998577
vt 0.505313 0.998577
vt 0.500000 0.989375
vt 0.505313 0.980173
vt 0.515938 0.980173
vt 0.521250 0.989375
vt 0.500000 0.983125
vt 0.511126 0.983125
vt 0.511126 1.000000
vt 0.500000 1.000000
vt 0.500000 0.983125
vt 0.511126 0.983125
vt 0.511126 1.000000
vt 0.500000 1.000000
vt 0.500000 0.983125
vt 0.511126 0.983125
vt 0.511126 1.000000
vt 0.500000 1.000000
vt 0.500000 0.983125
vt 0.511126 0.983125
vt 0.511126 1.000000
vt 0.500000 1.000000
vt 0.500000 0.983125
vt 0.511126 0.983125
vt 0.511126 1.000000
vt 0.500000 1.000000
vt 0.500000 0.983125
vt 0.511126 0.983125
vt 0.511126 1.000000
vt 0.500000 1.000000
vt 0.521250 0.989375
vt 0.515938 0.980173
vt 0.505313 0.980173
vt 0.500000 0.989375
vt 0.505313 0.998577
vt 0.515938 0.998577
vt 0.515938 0.998577
vt 0.505313 0.998577
vt 0.500000 0.989375
vt 0.505313 0.980173
vt 0.515938 0.980173
vt 0.521250 0.989375
vt 0.500000 0.983125
vt 0.511126 0.983125
vt 0.511126 1.000000
vt 0.500000 1.000000
vt 0.500000 0.983125
vt 0.511126 0.983125
vt 0.511126 1.000000
vt 0.500000 1.000000
vt 0.500000 0.983125
vt 0.511126 0.983125
vt 0.511126 1.000000
vt 0.500000 1.000000
vt 0.500000 0.983125
vt 0.511126 0.983125
vt 0.511126 1.000000
vt 0.500000 1.000000
vt 0.500000 0.983125
vt 0.511126 0.983125
vt 0.511126 1.000000
vt 0.500000 1.000000
vt 0.500000 0.983125
vt 0.511126 0.983125
vt 0.511126 1.000000
vt 0.500000 1.000000
vt 0.521250 0.989375
vt 0.515938 0.980173
vt 0.505313 0.980173
vt 0.500000 0.989375
vt 0.505313 0.998577
vt 0.515938 0.998577
vt 0.515938 0.998577
vt 0.505313 0.998577
vt 0.500000 0.989375
vt 0.505313 0.980173
vt 0.515938 0.980173
vt 0.521250 0.989375
vt 0.500000 0.983125
vt 0.511126 0.983125
vt 0.511126 1.000000
vt 0.500000 1.000000
vt 0.500000 0.983125
vt 0.511126 0.983125
vt 0.511126 1.000000
vt 0.500000 1.000000
vt 0.500000 0.983125
vt 0.511126 0.983125
vt 0.511126 1.000000
vt 0.500000 1.000000
vt 0.500000 0.983125
vt 0.511126 0.983125
vt 0.511126 1.000000
vt 0.500000 1.000000
vt 0.500000 0.983125
vt 0.511126 0.983125
vt 0.511126 1.000000
vt 0.500000 1.000000
vt 0.500000 0.983125
vt 0.511126 0.983125
vt 0.511126 1.000000
vt 0.500000 1.000000
vt 0.521250 0.989375
vt 0.515938 0.980173
vt 0.505313 0.980173
vt 0.500000 0.989375
vt 0.505313 0.998577
vt 0.515938 0.998577
vt 0.515938 0.998577
vt 0.505313 0.998577
vt 0.500000 0.989375
vt 0.505313 0.980173
vt 0.515938 0.980173
vt 0.521250 0.989375
vt 0.500000 0.983125
vt 0.511126 0.983125
vt 0.511126 1.000000
vt 0.500000 1.000000
vt 0.500000 0.983125
vt 0.511126 0.983125
vt 0.511126 1.000000
vt 0.500000 1.000000
vt 0.500000 0.983125
vt 0.511126 0.983125
vt 0.511126 1.000000
vt 0.500000 1.000000
vt 0.500000 0.983125
vt 0.511126 0.983125
vt 0.511126 1.000000
vt 0.500000 1.000000
vt 0.500000 0.983125
vt 0.511126 0.983125
vt 0.511126 1.000000
vt 0.500000 1.000000
vt 0.500000 0.983125
vt 0.511126 0.983125
vt 0.511126 1.000000
vt 0.500000 1.000000
vt 0.521250 0.989375
vt 0.515938 0.980173
vt 0.505313 0.980173
vt 0.500000 0.989375
vt 0.505313 0.998577
vt 0.515938 0.998577
vt 0.515938 0.998577
vt 0.505313 0.998577
vt 0.500000 0.989375
vt 0.505313 0.980173
vt 0.515938 0.980173
vt 0.521250 0.989375
vt 0.500000 0.979375
vt 0.531907 0.979375
vt 0.531907 1.000000
vt 0.500000 1.000000
vt 0.500000 0.979375
vt 0.531907 0.979375
vt 0.531907 1.000000
vt 0.500000 1.000000
vt 0.500000 0.979375
vt 0.531907 0.979375
vt 0.531907 1.000000
vt 0.500000 1.000000
vt 0.500000 0.979375
vt 0.531907 0.979375
vt 0.531907 1.000000
vt 0.500000 1.000000
vt 0.500000 0.979375
vt 0.531907 0.979375
vt 0.531907 1.000000
vt 0.500000 1.000000
vt 0.500000 0.979375
vt 0.531907 0.979375
vt 0.531907 1.000000
vt 0.500000 1.000000
vt 0.500000 0.979375
vt 0.531907 0.979375
vt 0.531907 1.000000
vt 0.500000 1.000000
vt 0.500000 0.979375
vt 0.531907 0.979375
vt 0.531907 1.000000
vt 0.500000 1.000000
vt 0.578158 0.943828
vt 0.556172 0.921842
vt 0.525078 0.921842
vt 0.503092 0.943828
vt 0.503092 0.974922
vt 0.525078 0.996908
vt 0.556172 0.996908
vt 0.578158 0.974922
vt 0.578158 0.974922
vt 0.556172 0.996908
vt 0.525078 0.996908
vt 0.503092 0.974922
vt 0.503092 0.943828
vt 0.525078 0.921842
vt 0.556172 0.921842
vt 0.578158 0.943828
vn 0.9808 0.0000 -0.1951
vn -0.9808 0.0000 0.1951
vn -0.0000 1.0000 0.0000
vn 0.0000 -1.0000 0.0000
vn 0.8315 0.0000 -0.5556
vn -0.8315 0.0000 0.5556
vn 0.0000 1.0000 0.0000
vn 0.0000 -1.0000 0.0000
vn 0.5556 0.0000 -0.8315
vn -0.5556 0.0000 0.8315
vn 0.0000 1.0000 0.0000
vn 0.0000 -1.0000 0.0000
vn 0.1951 0.0000 -0.9808
vn -0.1951 0.0000 0.9808
vn 0.0000 1.0000 0.0000
vn 0.0000 -1.0000 0.0000
vn -0.1951 0.0000 -0.9808
vn 0.1951 0.0000 0.9808
vn 0.0000 1.0000 0.0000
vn 0.0000 -1.0000 -0.0000
vn -0.5556 0.0000 -0.8315
vn 0.5556 0.0000 0.8315
vn 0.0000 1.0000 0.0000
vn 0.0000 -1.0000 -0.0000
vn -0.8315 0.0000 -0.5556
vn 0.8315 0.0000 0.5556
vn 0.0000 1.0000 0.0000
vn 0.0000 -1.0000 0.0000
vn -0.9808 0.0000 -0.1951
vn 0.9808 0.0000 0.1951
vn 0.0000 1.0000 0.0000
vn 0.0000 -1.0000 0.0000
vn -0.9808 0.0000 0.1951
vn 0.9808 0.0000 -0.1951
vn 0.0000 1.0000 0.0000
vn -0.0000 -1.0000 0.0000
vn -0.8315 0.0000 0.5556
vn 0.8315 0.0000 -0.5556
vn 0.0000 1.0000 0.0000
vn -0.0000 -1.0000 0.0000
vn -0.5556 0.0000 0.8315
vn 0.5556 0.0000 -0.8315
vn 0.0000 1.0000 -0.0000
vn 0.0000 -1.0000 0.0000
vn -0.1951 0.0000 0.9808
vn 0.1951 0.0000 -0.9808
vn 0.0000 1.0000 -0.0000
vn 0.0000 -1.0000 0.0000
vn 0.1951 0.0000 0.9808
vn -0.1951 0.0000 -0.9808
vn 0.0000 1.0000 -0.0000
vn 0.0000 -1.0000 0.0000
vn 0.5556 0.0000 0.8315
vn -0.5556 0.0000 -0.8315
vn 0.0000 1.0000 0.0000
vn 0.0000 -1.0000 0.0000
vn 0.8315 0.0000 0.5556
vn -0.8315 0.0000 -0.5556
vn -0.0000 1.0000 0.0000
vn 0.0000 -1.0000 0.0000
vn 0.9808 0.0000 0.1951
vn -0.9808 0.0000 -0.1951
vn -0.0000 1.0000 0.0000
vn 0.0000 -1.0000 0.0000
vn 0.9808 0.0000 -0.1951
vn -0.9808 0.0000 0.1951
vn -0.0000 1.0000 0.0000
vn 0.0000 -1.0000 0.0000
vn 0.8315 0.0000 -0.5556
vn -0.8315 0.0000 0.5556
vn 0.0000 1.0000 0.0000
vn 0.0000 -1.0000 0.0000
vn 0.5556 0.0000 -0.8315
vn -0.5556 0.0000 0.8315
vn 0.0000 1.0000 0.0000
vn 0.0000 -1.0000 0.0000
vn 0.1951 0.0000 -0.9808
vn -0.1951 0.0000 0.9808
vn 0.0000 1.0000 0.0000
vn 0.0000 -1.0000 0.0000
vn -0.1951 0.0000 -0.9808
vn 0.1951 0.0000 0.9808
vn 0.0000 1.0000 0.0000
vn 0.0000 -1.0000 -0.0000
vn -0.5556 0.0000 -0.8315
vn 0.5556 0.0000 0.8315
vn 0.0000 1.0000 0.0000
vn 0.0000 -1.0000 -0.0000
vn -0.8315 0.0000 -0.5556
vn 0.8315 0.0000 0.5556
vn 0.0000 1.0000 0.0000
vn 0.0000 -1.0000 -0.0000
vn -0.9808 0.0000 -0.1951
vn 0.9808 0.0000 0.1951
vn 0.0000 1.0000 0.0000
vn -0.0000 -1.0000 -0.0000
vn -0.9808 0.0000 0.1951
vn 0.9808 0.0000 -0.1951
vn 0.0000 1.0000 -0.0000
vn -0.0000 -1.0000 0.0000
vn -0.8315 0.0000 0.5556
vn 0.8315 0.0000 -0.5556
vn 0.0000 1.0000 -0.0000
vn -0.0000 -1.0000 0.0000
vn -0.5556 0.0000 0.8315
vn 0.5556 0.0000 -0.8315
vn 0.0000 1.0000 -0.0000
vn -0.0000 -1.0000 0.0000
vn -0.1951 0.0000 0.9808
vn 0.1951 0.0000 -0.9808
vn 0.0000 1.0000 -0.0000
vn -0.0000 -1.0000 0.0000
vn 0.1951 0.0000 0.9808
vn -0.1951 0.0000 -0.9808
vn -0.0000 1.0000 0.0000
vn 0.0000 -1.0000 0.0000
vn 0.5556 0.0000 0.8315
vn -0.5556 0.0000 -0.8315
vn -0.0000 1.0000 0.0000
vn 0.0000 -1.0000 0.0000
vn 0.8315 0.0000 0.5556
vn -0.8315 0.0000 -0.5556
vn -0.0000 1.0000 0.0000
vn 0.0000 -1.0000 0.0000
vn 0.9808 0.0000 0.1951
vn -0.9808 0.0000 -0.1951
vn -0.0000 1.0000 0.0000
vn 0.0000 -1.0000 0.0000
vn 0.9808 0.0000 -0.1951
vn -0.9808 0.0000 0.1951
vn -0.0000 1.0000 0.0000
vn 0.0000 -1.0000 0.0000
vn 0.8315 0.0000 -0.5556
vn -0.8315 0.0000 0.5556
vn 0.0000 1.0000 0.0000
vn 0.0000 -1.0000 0.0000
vn 0.5556 0.0000 -0.8315
vn -0.5556 0.0000 0.8315
vn 0.0000 1.0000 0.0000
vn 0.0000 -1.0000 0.0000
vn 0.1951 0.0000 -0.9808
vn -0.1951 0.0000 0.9808
vn 0.0000 1.0000 0.0000
vn 0.0000 -1.0000 0.0000
vn -0.1951 0.0000 -0.9808
vn 0.1951 0.0000 0.9808
vn 0.0000 1.0000 0.0000
vn 0.0000 -1.0000 -0.0000
vn -0.5556 0.0000 -0.8315
vn 0.5556 0.0000 0.8315
vn 0.0000 1.0000 0.0000
vn 0.0000 -1.0000 -0.0000
vn -0.8315 0.0000 -0.5556
vn 0.8315 0.0000 0.5556
vn 0.0000 1.0000 0.0000
vn 0.0000 -1.0000 -0.0000
vn -0.9808 0.0000 -0.1951
vn 0.9808 0.0000 0.1951
vn 0.0000 1.0000 0.0000
vn -0.0000 -1.0000 -0.0000
vn -0.9808 0.0000 0.1951
vn 0.9808 0.0000 -0.1951
vn 0.0000 1.0000 -0.0000
vn -0.0000 -1.0000 0.0000
vn -0.8315 0.0000 0.5556
vn 0.8315 0.0000 -0.5556
vn 0.0000 1.0000 -0.0000
vn -0.0000 -1.0000 0.0000
vn -0.5556 0.0000 0.8315
vn 0.5556 0.0000 -0.8315
vn 0.0000 1.0000 -0.0000
vn -0.0000 -1.0000 0.0000
vn -0.1951 0.0000 0.9808
vn 0.1951 0.0000 -0.9808
vn 0.0000 1.0000 -0.0000
vn -0.0000 -1.0000 0.0000
vn 0.1951 0.0000 0.9808
vn -0.1951 0.0000 -0.9808
vn -0.0000 1.0000 0.0000
vn 0.0000 -1.0000 0.0000
vn 0.5556 0.0000 0.8315
vn -0.5556 0.0000 -0.8315
vn -0.0000 1.0000 0.0000
vn 0.0000 -1.0000 0.0000
vn 0.8315 0.0000 0.5556
vn -0.8315 0.0000 -0.5556
vn -0.0000 1.0000 0.0000
vn 0.0000 -1.0000 0.0000
vn 0.9808 0.0000 0.1951
vn -0.9808 0.0000 -0.1951
vn -0.0000 1.0000 0.0000
vn 0.0000 -1.0000 0.0000
vn 0.9808 0.0000 -0.1951
vn -0.9808 0.0000 0.1951
vn -0.0000 1.0000 0.0000
vn 0.0000 -1.0000 0.0000
vn 0.8315 0.0000 -0.5556
vn -0.8315 0.0000 0.5556
vn 0.0000 1.0000 0.0000
vn 0.0000 -1.0000 0.0000
vn 0.5556 0.0000 -0.8315
vn -0.5556 0.0000 0.8315
vn 0.0000 1.0000 0.0000
vn 0.0000 -1.0000 0.0000
vn 0.1951 0.0000 -0.9808
vn -0.1951 0.0000 0.9808
vn 0.0000 1.0000 0.0000
vn 0.0000 -1.0000 0.0000
vn -0.1951 0.0000 -0.9808
vn 0.1951 0.0000 0.9808
vn 0.0000 1.0000 0.0000
vn 0.0000 -1.0000 -0.0000
vn -0.5556 0.0000 -0.8315
vn 0.5556 0.0000 0.8315
vn 0.0000 1.0000 0.0000
vn 0.0000 -1.0000 -0.0000
vn -0.8315 0.0000 -0.5556
vn 0.8315 0.0000 0.5556
vn 0.0000 1.0000 0.0000
vn 0.0000 -1.0000 -0.0000
vn -0.9808 0.0000 -0.1951
vn 0.9808 0.0000 0.1951
vn 0.0000 1.0000 0.0000
vn -0.0000 -1.0000 -0.0000
vn -0.9808 0.0000 0.1951
vn 0.9808 0.0000 -0.1951
vn 0.0000 1.0000 -0.0000
vn -0.0000 -1.0000 0.0000
vn -0.8315 0.0000 0.5556
vn 0.8315 0.0000 -0.5556
vn 0.0000 1.0000 -0.0000
vn -0.0000 -1.0000 0.0000
vn -0.5556 0.0000 0.8315
vn 0.5556 0.0000 -0.8315
vn 0.0000 1.0000 -0.0000
vn -0.0000 -1.0000 0.0000
vn -0.1951 0.0000 0.9808
vn 0.1951 0.0000 -0.9808
vn 0.0000 1.0000 -0.0000
vn -0.0000 -1.0000 0.0000
vn 0.1951 0.0000 0.9808
vn -0.1951 0.0000 -0.9808
vn -0.0000 1.0000 0.0000
vn 0.0000 -1.0000 0.0000
vn 0.5556 0.0000 0.8315
vn -0.5556 0.0000 -0.8315
vn -0.0000 1.0000 0.0000
vn 0.0000 -1.0000 0.0000
vn 0.8315 0.0000 0.5556
vn -0.8315 0.0000 -0.5556
vn -0.0000 1.0000 0.0000
vn 0.0000 -1.0000 0.0000
vn 0.9808 0.0000 0.1951
vn -0.9808 0.0000 -0.1951
vn -0.0000 1.0000 0.0000
vn 0.0000 -1.0000 0.0000
vn 0.9808 0.0000 -0.1951
vn -0.9808 0.0000 0.1951
vn -0.0000 1.0000 0.0000
vn 0.0000 -1.0000 0.0000
vn 0.8315 0.0000 -0.5556
vn -0.8315 0.0000 0.5556
vn 0.0000 1.0000 0.0000
vn 0.0000 -1.0000 0.0000
vn 0.5556 0.0000 -0.8315
vn -0.5556 0.0000 0.8315
vn 0.0000 1.0000 0.0000
vn 0.0000 -1.0000 0.0000
vn 0.1951 0.0000 -0.9808
vn -0.1951 0.0000 0.9808
vn 0.0000 1.0000 0.0000
vn 0.0000 -1.0000 0.0000
vn -0.1951 0.0000 -0.9808
vn 0.1951 0.0000 0.9808
vn 0.0000 1.0000 0.0000
vn 0.0000 -1.0000 -0.0000
vn -0.5556 0.0000 -0.8315
vn 0.5556 0.0000 0.8315
vn 0.0000 1.0000 0.0000
vn 0.0000 -1.0000 -0.0000
vn -0.8315 0.0000 -0.5556
vn 0.8315 0.0000 0.5556
vn 0.0000 1.0000 0.0000
vn 0.0000 -1.0000 -0.0000
vn -0.9808 0.0000 -0.1951
vn 0.9808 0.0000 0.1951
vn 0.0000 1.0000 0.0000
vn -0.0000 -1.0000 -0.0000
vn -0.9808 0.0000 0.1951
vn 0.9808 0.0000 -0.1951
vn 0.0000 1.0000 -0.0000
vn -0.0000 -1.0000 0.0000
vn -0.8315 0.0000 0.5556
vn 0.8315 0.0000 -0.5556
vn 0.0000 1.0000 -0.0000
vn -0.0000 -1.0000 0.0000
vn -0.5556 0.0000 0.8315
vn 0.5556 0.0000 -0.8315
vn 0.0000 1.0000 -0.0000
vn -0.0000 -1.0000 0.0000
vn -0.1951 0.0000 0.9808
vn 0.1951 0.0000 -0.9808
vn 0.0000 1.0000 -0.0000
vn -0.0000 -1.0000 0.0000
vn 0.1951 0.0000 0.9808
vn -0.1951 0.0000 -0.9808
vn -0.0000 1.0000 0.0000
vn 0.0000 -1.0000 0.0000
vn 0.5556 0.0000 0.8315
vn -0.5556 0.0000 -0.8315
vn -0.0000 1.0000 0.0000
vn 0.0000 -1.0000 0.0000
vn 0.8315 0.0000 0.5556
vn -0.8315 0.0000 -0.5556
vn -0.0000 1.0000 0.0000
vn 0.0000 -1.0000 0.0000
vn 0.9808 0.0000 0.1951
vn -0.9808 0.0000 -0.1951
vn -0.0000 1.0000 0.0000
vn 0.0000 -1.0000 0.0000
vn 0.9808 0.0000 -0.1951
vn -0.9808 0.0000 0.1951
vn -0.0000 1.0000 0.0000
vn 0.0000 -1.0000 0.0000
vn 0.8315 0.0000 -0.5556
vn -0.8315 0.0000 0.5556
vn 0.0000 1.0000 0.0000
vn 0.0000 -1.0000 0.0000
vn 0.5556 0.0000 -0.8315
vn -0.5556 0.0000 0.8315
vn 0.0000 1.0000 0.0000
vn 0.0000 -1.0000 0.0000
vn 0.1951 0.0000 -0.9808
vn -0.1951 0.0000 0.9808
vn 0.0000 1.0000 0.0000
vn 0.0000 -1.0000 0.0000
vn -0.1951 0.0000 -0.9808
vn 0.1951 0.0000 0.9808
vn 0.0000 1.0000 0.0000
vn 0.0000 -1.0000 -0.0000
vn -0.5556 0.0000 -0.8315
vn 0.5556 0.0000 0.8315
vn 0.0000 1.0000 0.0000
vn 0.0000 -1.0000 -0.0000
vn -0.8315 0.0000 -0.5556
vn 0.8315 0.0000 0.5556
vn 0.0000 1.0000 0.0000
vn 0.0000 -1.0000 0.0000
vn -0.9808 0.0000 -0.1951
vn 0.9808 0.0000 0.1951
vn 0.0000 1.0000 0.0000
vn -0.0000 -1.0000 0.0000
vn -0.9808 0.0000 0.1951
vn 0.9808 0.0000 -0.1951
vn 0.0000 1.0000 0.0000
vn -0.0000 -1.0000 0.0000
vn -0.8315 0.0000 0.5556
vn 0.8315 0.0000 -0.5556
vn 0.0000 1.0000 0.0000
vn -0.0000 -1.0000 0.0000
vn -0.5556 0.0000 0.8315
vn 0.5556 0.0000 -0.8315
vn 0.0000 1.0000 -0.0000
vn 0.0000 -1.0000 0.0000
vn -0.1951 0.0000 0.9808
vn 0.1951 0.0000 -0.9808
vn 0.0000 1.0000 -0.0000
vn 0.0000 -1.0000 0.0000
vn 0.1951 0.0000 0.9808
vn -0.1951 0.0000 -0.9808
vn 0.0000 1.0000 0.0000
vn 0.0000 -1.0000 0.0000
vn 0.5556 0.0000 0.8315
vn -0.5556 0.0000 -0.8315
vn 0.0000 1.0000 0.0000
vn 0.0000 -1.0000 0.0000
vn 0.8315 0.0000 0.5556
vn -0.8315 0.0000 -0.5556
vn -0.0000 1.0000 0.0000
vn 0.0000 -1.0000 0.0000
vn 0.9808 0.0000 0.1951
vn -0.9808 0.0000 -0.1951
vn -0.0000 1.0000 0.0000
vn 0.0000 -1.0000 0.0000
vn 0.9808 0.0000 -0.1951
vn -0.9808 0.0000 0.1951
vn -0.0000 1.0000 0.0000
vn 0.0000 -1.0000 0.0000
vn 0.8315 0.0000 -0.5556
vn -0.8315 0.0000 0.5556
vn 0.0000 1.0000 0.0000
vn 0.0000 -1.0000 0.0000
vn 0.5556 0.0000 -0.8315
vn -0.5556 0.0000 0.8315
vn 0.0000 1.0000 0.0000
vn 0.0000 -1.0000 0.0000
vn 0.1951 0.0000 -0.9808
vn -0.1951 0.0000 0.9808
vn 0.0000 1.0000 0.0000
vn 0.0000 -1.0000 0.0000
vn -0.1951 0.0000 -0.9808
vn 0.1951 0.0000 0.9808
vn 0.0000 1.0000 0.0000
vn 0.0000 -1.0000 -0.0000
vn -0.5556 0.0000 -0.8315
vn 0.5556 0.0000 0.8315
vn 0.0000 1.0000 0.0000
vn 0.0000 -1.0000 -0.0000
vn -0.8315 0.0000 -0.5556
vn 0.8315 0.0000 0.5556
vn 0.0000 1.0000 0.0000
vn 0.0000 -1.0000 0.0000
vn -0.9808 0.0000 -0.1951
vn 0.9808 0.0000 0.1951
vn 0.0000 1.0000 0.0000
vn -0.0000 -1.0000 0.0000
vn -0.9808 0.0000 0.1951
vn 0.9808 0.0000 -0.1951
vn 0.0000 1.0000 0.0000
vn -0.0000 -1.0000 0.0000
vn -0.8315 0.0000 0.5556
vn 0.8315 0.0000 -0.5556
vn 0.0000 1.0000 0.0000
vn -0.0000 -1.0000 0.0000
vn -0.5556 0.0000 0.8315
vn 0.5556 0.0000 -0.8315
vn 0.0000 1.0000 -0.0000
vn 0.0000 -1.0000 0.0000
vn -0.1951 0.0000 0.9808
vn 0.1951 0.0000 -0.9808
vn 0.0000 1.0000 -0.0000
vn 0.0000 -1.0000 0.0000
vn 0.1951 0.0000 0.9808
vn -0.1951 0.0000 -0.9808
vn 0.0000 1.0000 0.0000
vn 0.0000 -1.0000 0.0000
vn 0.5556 0.0000 0.8315
vn -0.5556 0.0000 -0.8315
vn 0.0000 1.0000 0.0000
vn 0.0000 -1.0000 0.0000
vn 0.8315 0.0000 0.5556
vn -0.8315 0.0000 -0.5556
vn -0.0000 1.0000 0.0000
vn 0.0000 -1.0000 0.0000
vn 0.9808 0.0000 0.1951
vn -0.9808 0.0000 -0.1951
vn -0.0000 1.0000 0.0000
vn 0.0000 -1.0000 0.0000
vn 0.9808 0.0000 -0.1951
vn 0.8315 0.0000 -0.5556
vn 0.5556 0.0000 -0.8315
vn 0.1951 0.0000 -0.9808
vn -0.1951 0.0000 -0.9808
vn -0.5556 0.0000 -0.8315
vn -0.8315 0.0000 -0.5556
vn -0.9808 0.0000 -0.1951
vn -0.9808 0.0000 0.1951
vn -0.8315 0.0000 0.5556
vn -0.5556 0.0000 0.8315
vn -0.1951 0.0000 0.9808
vn 0.1951 0.0000 0.9808
vn 0.5556 0.0000 0.8315
vn 0.8315 0.0000 0.5556
vn 0.9808 0.0000 0.1951
vn 0.0000 1.0000 0.0000
vn 0.0000 -1.0000 0.0000
vn 0.9808 0.0000 -0.1951
vn 0.8315 0.0000 -0.5556
vn 0.5556 0.0000 -0.8315
vn 0.1951 0.0000 -0.9808
vn -0.1951 0.0000 -0.9808
vn -0.5556 0.0000 -0.8315
vn -0.8315 0.0000 -0.5556
vn -0.9808 0.0000 -0.1951
vn -0.9808 0.0000 0.1951
vn -0.8315 0.0000 0.5556
vn -0.5556 0.0000 0.8315
vn -0.1951 0.0000 0.9808
vn 0.1951 0.0000 0.9808
vn 0.5556 0.0000 0.8315
vn 0.8315 0.0000 0.5556
vn 0.9808 0.0000 0.1951
vn 0.0000 1.0000 0.0000
vn 0.0000 -1.0000 0.0000
vn 0.0000 -1.0000 0.0000
vn -0.0000 1.0000 0.0000
vn 0.0000 0.0000 1.0000
vn 0.0000 0.0000 -1.0000
vn -1.0000 0.0000 0.0000
vn 1.0000 0.0000 0.0000
vn 0.0000 -1.0000 0.0000
vn 0.0000 1.0000 0.0000
vn 0.7071 0.0000 0.7071
vn -0.7071 0.0000 -0.7071
vn -0.7071 0.0000 0.7071
vn 0.7071 0.0000 -0.7071
vn -0.0000 -1.0000 0.0000
vn 0.0000 1.0000 0.0000
vn 1.0000 0.0000 0.0000
vn -1.0000 0.0000 0.0000
vn 0.0000 -0.0000 1.0000
vn 0.0000 0.0000 -1.0000
vn 0.0000 -1.0000 0.0000
vn 0.0000 1.0000 0.0000
vn 0.7071 0.0000 -0.7071
vn -0.7071 0.0000 0.7071
vn 0.7071 -0.0000 0.7071
vn -0.7071 0.0000 -0.7071
vn 0.0000 -1.0000 0.0000
vn 0.0000 1.0000 0.0000
vn 0.0000 0.0000 -1.0000
vn 0.0000 -0.0000 1.0000
vn 1.0000 0.0000 0.0000
vn -1.0000 0.0000 -0.0000
vn 0.0000 -1.0000 0.0000
vn 0.0000 1.0000 -0.0000
vn -0.7071 0.0000 -0.7071
vn 0.7071 -0.0000 0.7071
vn 0.7071 0.0000 -0.7071
vn -0.7071 0.0000 0.7071
vn 0.0000 -1.0000 0.0000
vn 0.0000 1.0000 0.0000
vn -1.0000 0.0000 0.0000
vn 1.0000 0.0000 0.0000
vn 0.0000 0.0000 -1.0000
vn 0.0000 0.0000 1.0000
vn 0.0000 -1.0000 0.0000
vn -0.0000 1.0000 0.0000
vn -0.7071 0.0000 0.7071
vn 0.7071 0.0000 -0.7071
vn -0.7071 0.0000 -0.7071
vn 0.7071 0.0000 0.7071
vn 0.7071 0.0000 -0.7071
vn 0.0000 0.0000 -1.0000
vn -0.7071 0.0000 -0.7071
vn -1.0000 0.0000 0.0000
vn -0.7071 0.0000 0.7071
vn 0.0000 0.0000 1.0000
vn 0.7071 0.0000 0.7071
vn 1.0000 0.0000 0.0000
vn 0.0000 1.0000 0.0000
vn 0.0000 -1.0000 0.0000
vn 0.8660 0.0000 -0.5000
vn 0.0000 0.0000 -1.0000
vn -0.8660 0.0000 -0.5000
vn -0.8660 0.0000 0.5000
vn 0.0000 0.0000 1.0000
vn 0.8660 0.0000 0.5000
vn 0.0000 1.0000 0.0000
vn -0.0000 -1.0000 0.0000
vn 0.8660 0.0000 -0.5000
vn 0.0000 0.0000 -1.0000
vn -0.8660 0.0000 -0.5000
vn -0.8660 0.0000 0.5000
vn 0.0000 0.0000 1.0000
vn 0.8660 0.0000 0.5000
vn 0.0000 1.0000 0.0000
vn -0.0000 -1.0000 0.0000
vn 0.8660 0.0000 -0.5000
vn 0.0000 0.0000 -1.0000
vn -0.8660 0.0000 -0.5000
vn -0.8660 0.0000 0.5000
vn 0.0000 0.0000 1.0000
vn 0.8660 0.0000 0.5000
vn 0.0000 1.0000 0.0000
vn -0.0000 -1.0000 0.0000
vn 0.8660 0.0000 -0.5000
vn 0.0000 0.0000 -1.0000
vn -0.8660 0.0000 -0.5000
vn -0.8660 0.0000 0.5000
vn 0.0000 0.0000 1.0000
vn 0.8660 0.0000 0.5000
vn 0.0000 1.0000 0.0000
vn -0.0000 -1.0000 0.0000
vn 0.8660 0.0000 -0.5000
vn 0.0000 0.0000 -1.0000
vn -0.8660 0.0000 -0.5000
vn -0.8660 0.0000 0.5000
vn 0.0000 0.0000 1.0000
vn 0.8660 0.0000 0.5000
vn 0.0000 1.0000 0.0000
vn -0.0000 -1.0000 0.0000
vn 0.8660 0.0000 -0.5000
vn 0.0000 0.0000 -1.0000
vn -0.8660 0.0000 -0.5000
vn -0.8660 0.0000 0.5000
vn 0.0000 0.0000 1.0000
vn 0.8660 0.0000 0.5000
vn 0.0000 1.0000 0.0000
vn -0.0000 -1.0000 0.0000
vn 0.8660 0.0000 -0.5000
vn 0.0000 0.0000 -1.0000
vn -0.8660 0.0000 -0.5000
vn -0.8660 0.0000 0.5000
vn 0.0000 0.0000 1.0000
vn 0.8660 0.0000 0.5000
vn 0.0000 1.0000 0.0000
vn -0.0000 -1.0000 0.0000
vn 0.8660 0.0000 -0.5000
vn 0.0000 0.0000 -1.0000
vn -0.8660 0.0000 -0.5000
vn -0.8660 0.0000 0.5000
vn 0.0000 0.0000 1.0000
vn 0.8660 0.0000 0.5000
vn 0.0000 1.0000 0.0000
vn -0.0000 -1.0000 0.0000
vn 0.8660 0.0000 -0.5000
vn 0.0000 0.0000 -1.0000
vn -0.8660 0.0000 -0.5000
vn -0.8660 0.0000 0.5000
vn 0.0000 0.0000 1.0000
vn 0.8660 0.0000 0.5000
vn 0.0000 1.0000 0.0000
vn -0.0000 -1.0000 0.0000
vn 0.8660 0.0000 -0.5000
vn 0.0000 0.0000 -1.0000
vn -0.8660 0.0000 -0.5000
vn -0.8660 0.0000 0.5000
vn 0.0000 0.0000 1.0000
vn 0.8660 0.0000 0.5000
vn 0.0000 1.0000 0.0000
vn -0.0000 -1.0000 0.0000
vn 0.7071 0.0000 -0.7071
vn 0.0000 0.0000 -1.0000
vn -0.7071 0.0000 -0.7071
vn -1.0000 0.0000 0.0000
vn -0.7071 0.0000 0.7071
vn 0.0000 0.0000 1.0000
vn 0.7071 0.0000 0.7071
vn 1.0000 0.0000 0.0000
vn 0.0000 1.0000 0.0000
vn 0.0000 -1.0000 0.0000
usemtl m_tire_0
g tyre_carcass
f 1/1/1 2/2/1 3/3/1 4/4/1
f 5/5/2 6/6/2 7/7/2 8/8/2
f 9/9/3 10/10/3 11/11/3 12/12/3
f 13/13/4 14/14/4 15/15/4 16/16/4
f 17/17/5 18/18/5 19/19/5 20/20/5
f 21/21/6 22/22/6 23/23/6 24/24/6
f 25/25/7 26/26/7 27/27/7 28/28/7
f 29/29/8 30/30/8 31/31/8 32/32/8
f 33/33/9 34/34/9 35/35/9 36/36/9
f 37/37/10 38/38/10 39/39/10 40/40/10
f 41/41/11 42/42/11 43/43/11 44/44/11
f 45/45/12 46/46/12 47/47/12 48/48/12
f 49/49/13 50/50/13 51/51/13 52/52/13
f 53/53/14 54/54/14 55/55/14 56/56/14
f 57/57/15 58/58/15 59/59/15 60/60/15
f 61/61/16 62/62/16 63/63/16 64/64/16
f 65/65/17 66/66/17 67/67/17 68/68/17
f 69/69/18 70/70/18 71/71/18 72/72/18
f 73/73/19 74/74/19 75/75/19 76/76/19
f 77/77/20 78/78/20 79/79/20 80/80/20
f 81/81/21 82/82/21 83/83/21 84/84/21
f 85/85/22 86/86/22 87/87/22 88/88/22
f 89/89/23 90/90/23 91/91/23 92/92/23
f 93/93/24 94/94/24 95/95/24 96/96/24
f 97/97/25 98/98/25 99/99/25 100/100/25
f 101/101/26 102/102/26 103/103/26 104/104/26
f 105/105/27 106/106/27 107/107/27 108/108/27
f 109/109/28 110/110/28 111/111/28 112/112/28
f 113/113/29 114/114/29 115/115/29 116/116/29
f 117/117/30 118/118/30 119/119/30 120/120/30
f 121/121/31 122/122/31 123/123/31 124/124/31
f 125/125/32 126/126/32 127/127/32 128/128/32
f 129/129/33 130/130/33 131/131/33 132/132/33
f 133/133/34 134/134/34 135/135/34 136/136/34
f 137/137/35 138/138/35 139/139/35 140/140/35
f 141/141/36 142/142/36 143/143/36 144/144/36
f 145/145/37 146/146/37 147/147/37 148/148/37
f 149/149/38 150/150/38 151/151/38 152/152/38
f 153/153/39 154/154/39 155/155/39 156/156/39
f 157/157/40 158/158/40 159/159/40 160/160/40
f 161/161/41 162/162/41 163/163/41 164/164/41
f 165/165/42 166/166/42 167/167/42 168/168/42
f 169/169/43 170/170/43 171/171/43 172/172/43
f 173/173/44 174/174/44 175/175/44 176/176/44
f 177/177/45 178/178/45 179/179/45 180/180/45
f 181/181/46 182/182/46 183/183/46 184/184/46
f 185/185/47 186/186/47 187/187/47 188/188/47
f 189/189/48 190/190/48 191/191/48 192/192/48
f 193/193/49 194/194/49 195/195/49 196/196/49
f 197/197/50 198/198/50 199/199/50 200/200/50
f 201/201/51 202/202/51 203/203/51 204/204/51
f 205/205/52 206/206/52 207/207/52 208/208/52
f 209/209/53 210/210/53 211/211/53 212/212/53
f 213/213/54 214/214/54 215/215/54 216/216/54
f 217/217/55 218/218/55 219/219/55 220/220/55
f 221/221/56 222/222/56 223/223/56 224/224/56
f 225/225/57 226/226/57 227/227/57 228/228/57
f 229/229/58 230/230/58 231/231/58 232/232/58
f 233/233/59 234/234/59 235/235/59 236/236/59
f 237/237/60 238/238/60 239/239/60 240/240/60
f 241/241/61 242/242/61 243/243/61 244/244/61
f 245/245/62 246/246/62 247/247/62 248/248/62
f 249/249/63 250/250/63 251/251/63 252/252/63
f 253/253/64 254/254/64 255/255/64 256/256/64
g tyre_rib_a
f 257/257/65 258/258/65 259/259/65 260/260/65
f 261/261/66 262/262/66 263/263/66 264/264/66
f 265/265/67 266/266/67 267/267/67 268/268/67
f 269/269/68 270/270/68 271/271/68 272/272/68
f 273/273/69 274/274/69 275/275/69 276/276/69
f 277/277/70 278/278/70 279/279/70 280/280/70
f 281/281/71 282/282/71 283/283/71 284/284/71
f 285/285/72 286/286/72 287/287/72 288/288/72
f 289/289/73 290/290/73 291/291/73 292/292/73
f 293/293/74 294/294/74 295/295/74 296/296/74
f 297/297/75 298/298/75 299/299/75 300/300/75
f 301/301/76 302/302/76 303/303/76 304/304/76
f 305/305/77 306/306/77 307/307/77 308/308/77
f 309/309/78 310/310/78 311/311/78 312/312/78
f 313/313/79 314/314/79 315/315/79 316/316/79
f 317/317/80 318/318/80 319/319/80 320/320/80
f 321/321/81 322/322/81 323/323/81 324/324/81
f 325/325/82 326/326/82 327/327/82 328/328/82
f 329/329/83 330/330/83 331/331/83 332/332/83
f 333/333/84 334/334/84 335/335/84 336/336/84
f 337/337/85 338/338/85 339/339/85 340/340/85
f 341/341/86 342/342/86 343/343/86 344/344/86
f 345/345/87 346/346/87 347/347/87 348/348/87
f 349/349/88 350/350/88 351/351/88 352/352/88
f 353/353/89 354/354/89 355/355/89 356/356/89
f 357/357/90 358/358/90 359/359/90 360/360/90
f 361/361/91 362/362/91 363/363/91 364/364/91
f 365/365/92 366/366/92 367/367/92 368/368/92
f 369/369/93 370/370/93 371/371/93 372/372/93
f 373/373/94 374/374/94 375/375/94 376/376/94
f 377/377/95 378/378/95 379/379/95 380/380/95
f 381/381/96 382/382/96 383/383/96 384/384/96
f 385/385/97 386/386/97 387/387/97 388/388/97
f 389/389/98 390/390/98 391/391/98 392/392/98
f 393/393/99 394/394/99 395/395/99 396/396/99
f 397/397/100 398/398/100 399/399/100 400/400/100
f 401/401/101 402/402/101 403/403/101 404/404/101
f 405/405/102 406/406/102 407/407/102 408/408/102
f 409/409/103 410/410/103 411/411/103 412/412/103
f 413/413/104 414/414/104 415/415/104 416/416/104
f 417/417/105 418/418/105 419/419/105 420/420/105
f 421/421/106 422/422/106 423/423/106 424/424/106
f 425/425/107 426/426/107 427/427/107 428/428/107
f 429/429/108 430/430/108 431/431/108 432/432/108
f 433/433/109 434/434/109 435/435/109 436/436/109
f 437/437/110 438/438/110 439/439/110 440/440/110
f 441/441/111 442/442/111 443/443/111 444/444/111
f 445/445/112 446/446/112 447/447/112 448/448/112
f 449/449/113 450/450/113 451/451/113 452/452/113
f 453/453/114 454/454/114 455/455/114 456/456/114
f 457/457/115 458/458/115 459/459/115 460/460/115
f 461/461/116 462/462/116 463/463/116 464/464/116
f 465/465/117 466/466/117 467/467/117 468/468/117
f 469/469/118 470/470/118 471/471/118 472/472/118
f 473/473/119 474/474/119 475/475/119 476/476/119
f 477/477/120 478/478/120 479/479/120 480/480/120
f 481/481/121 482/482/121 483/483/121 484/484/121
f 485/485/122 486/486/122 487/487/122 488/488/122
f 489/489/123 490/490/123 491/491/123 492/492/123
f 493/493/124 494/494/124 495/495/124 496/496/124
f 497/497/125 498/498/125 499/499/125 500/500/125
f 501/501/126 502/502/126 503/503/126 504/504/126
f 505/505/127 506/506/127 507/507/127 508/508/127
f 509/509/128 510/510/128 511/511/128 512/512/128
g tyre_rib_b
f 513/513/129 514/514/129 515/515/129 516/516/129
f 517/517/130 518/518/130 519/519/130 520/520/130
f 521/521/131 522/522/131 523/523/131 524/524/131
f 525/525/132 526/526/132 527/527/132 528/528/132
f 529/529/133 530/530/133 531/531/133 532/532/133
f 533/533/134 534/534/134 535/535/134 536/536/134
f 537/537/135 538/538/135 539/539/135 540/540/135
f 541/541/136 542/542/136 543/543/136 544/544/136
f 545/545/137 546/546/137 547/547/137 548/548/137
f 549/549/138 550/550/138 551/551/138 552/552/138
f 553/553/139 554/554/139 555/555/139 556/556/139
f 557/557/140 558/558/140 559/559/140 560/560/140
f 561/561/141 562/562/141 563/563/141 564/564/141
f 565/565/142 566/566/142 567/567/142 568/568/142
f 569/569/143 570/570/143 571/571/143 572/572/143
f 573/573/144 574/574/144 575/575/144 576/576/144
f 577/577/145 578/578/145 579/579/145 580/580/145
f 581/581/146 582/582/146 583/583/146 584/584/146
f 585/585/147 586/586/147 587/587/147 588/588/147
f 589/589/148 590/590/148 591/591/148 592/592/148
f 593/593/149 594/594/149 595/595/149 596/596/149
f 597/597/150 598/598/150 599/599/150 600/600/150
f 601/601/151 602/602/151 603/603/151 604/604/151
f 605/605/152 606/606/152 607/607/152 608/608/152
f 609/609/153 610/610/153 611/611/153 612/612/153
f 613/613/154 614/614/154 615/615/154 616/616/154
f 617/617/155 618/618/155 619/619/155 620/620/155
f 621/621/156 622/622/156 623/623/156 624/624/156
f 625/625/157 626/626/157 627/627/157 628/628/157
f 629/629/158 630/630/158 631/631/158 632/632/158
f 633/633/159 634/634/159 635/635/159 636/636/159
f 637/637/160 638/638/160 639/639/160 640/640/160
f 641/641/161 642/642/161 643/643/161 644/644/161
f 645/645/162 646/646/162 647/647/162 648/648/162
f 649/649/163 650/650/163 651/651/163 652/652/163
f 653/653/164 654/654/164 655/655/164 656/656/164
f 657/657/165 658/658/165 659/659/165 660/660/165
f 661/661/166 662/662/166 663/663/166 664/664/166
f 665/665/167 666/666/167 667/667/167 668/668/167
f 669/669/168 670/670/168 671/671/168 672/672/168
f 673/673/169 674/674/169 675/675/169 676/676/169
f 677/677/170 678/678/170 679/679/170 680/680/170
f 681/681/171 682/682/171 683/683/171 684/684/171
f 685/685/172 686/686/172 687/687/172 688/688/172
f 689/689/173 690/690/173 691/691/173 692/692/173
f 693/693/174 694/694/174 695/695/174 696/696/174
f 697/697/175 698/698/175 699/699/175 700/700/175
f 701/701/176 702/702/176 703/703/176 704/704/176
f 705/705/177 706/706/177 707/707/177 708/708/177
f 709/709/178 710/710/178 711/711/178 712/712/178
f 713/713/179 714/714/179 715/715/179 716/716/179
f 717/717/180 718/718/180 719/719/180 720/720/180
f 721/721/181 722/722/181 723/723/181 724/724/181
f 725/725/182 726/726/182 727/727/182 728/728/182
f 729/729/183 730/730/183 731/731/183 732/732/183
f 733/733/184 734/734/184 735/735/184 736/736/184
f 737/737/185 738/738/185 739/739/185 740/740/185
f 741/741/186 742/742/186 743/743/186 744/744/186
f 745/745/187 746/746/187 747/747/187 748/748/187
f 749/749/188 750/750/188 751/751/188 752/752/188
f 753/753/189 754/754/189 755/755/189 756/756/189
f 757/757/190 758/758/190 759/759/190 760/760/190
f 761/761/191 762/762/191 763/763/191 764/764/191
f 765/765/192 766/766/192 767/767/192 768/768/192
g tyre_rib_c
f 769/769/193 770/770/193 771/771/193 772/772/193
f 773/773/194 774/774/194 775/775/194 776/776/194
f 777/777/195 778/778/195 779/779/195 780/780/195
f 781/781/196 782/782/196 783/783/196 784/784/196
f 785/785/197 786/786/197 787/787/197 788/788/197
f 789/789/198 790/790/198 791/791/198 792/792/198
f 793/793/199 794/794/199 795/795/199 796/796/199
f 797/797/200 798/798/200 799/799/200 800/800/200
f 801/801/201 802/802/201 803/803/201 804/804/201
f 805/805/202 806/806/202 807/807/202 808/808/202
f 809/809/203 810/810/203 811/811/203 812/812/203
f 813/813/204 814/814/204 815/815/204 816/816/204
f 817/817/205 818/818/205 819/819/205 820/820/205
f 821/821/206 822/822/206 823/823/206 824/824/206
f 825/825/207 826/826/207 827/827/207 828/828/207
f 829/829/208 830/830/208 831/831/208 832/832/208
f 833/833/209 834/834/209 835/835/209 836/836/209
f 837/837/210 838/838/210 839/839/210 840/840/210
f 841/841/211 842/842/211 843/843/211 844/844/211
f 845/845/212 846/846/212 847/847/212 848/848/212
f 849/849/213 850/850/213 851/851/213 852/852/213
f 853/853/214 854/854/214 855/855/214 856/856/214
f 857/857/215 858/858/215 859/859/215 860/860/215
f 861/861/216 862/862/216 863/863/216 864/864/216
f 865/865/217 866/866/217 867/867/217 868/868/217
f 869/869/218 870/870/218 871/871/218 872/872/218
f 873/873/219 874/874/219 875/875/219 876/876/219
f 877/877/220 878/878/220 879/879/220 880/880/220
f 881/881/221 882/882/221 883/883/221 884/884/221
f 885/885/222 886/886/222 887/887/222 888/888/222
f 889/889/223 890/890/223 891/891/223 892/892/223
f 893/893/224 894/894/224 895/895/224 896/896/224
f 897/897/225 898/898/225 899/899/225 900/900/225
f 901/901/226 902/902/226 903/903/226 904/904/226
f 905/905/227 906/906/227 907/907/227 908/908/227
f 909/909/228 910/910/228 911/911/228 912/912/228
f 913/913/229 914/914/229 915/915/229 916/916/229
f 917/917/230 918/918/230 919/919/230 920/920/230
f 921/921/231 922/922/231 923/923/231 924/924/231
f 925/925/232 926/926/232 927/927/232 928/928/232
f 929/929/233 930/930/233 931/931/233 932/932/233
f 933/933/234 934/934/234 935/935/234 936/936/234
f 937/937/235 938/938/235 939/939/235 940/940/235
f 941/941/236 942/942/236 943/943/236 944/944/236
f 945/945/237 946/946/237 947/947/237 948/948/237
f 949/949/238 950/950/238 951/951/238 952/952/238
f 953/953/239 954/954/239 955/955/239 956/956/239
f 957/957/240 958/958/240 959/959/240 960/960/240
f 961/961/241 962/962/241 963/963/241 964/964/241
f 965/965/242 966/966/242 967/967/242 968/968/242
f 969/969/243 970/970/243 971/971/243 972/972/243
f 973/973/244 974/974/244 975/975/244 976/976/244
f 977/977/245 978/978/245 979/979/245 980/980/245
f 981/981/246 982/982/246 983/983/246 984/984/246
f 985/985/247 986/986/247 987/987/247 988/988/247
f 989/989/248 990/990/248 991/991/248 992/992/248
f 993/993/249 994/994/249 995/995/249 996/996/249
f 997/997/250 998/998/250 999/999/250 1000/1000/250
f 1001/1001/251 1002/1002/251 1003/1003/251 1004/1004/251
f 1005/1005/252 1006/1006/252 1007/1007/252 1008/1008/252
f 1009/1009/253 1010/1010/253 1011/1011/253 1012/1012/253
f 1013/1013/254 1014/1014/254 1015/1015/254 1016/1016/254
f 1017/1017/255 1018/1018/255 1019/1019/255 1020/1020/255
f 1021/1021/256 1022/1022/256 1023/1023/256 1024/1024/256
g tyre_rib_d
f 1025/1025/257 1026/1026/257 1027/1027/257 1028/1028/257
f 1029/1029/258 1030/1030/258 1031/1031/258 1032/1032/258
f 1033/1033/259 1034/1034/259 1035/1035/259 1036/1036/259
f 1037/1037/260 1038/1038/260 1039/1039/260 1040/1040/260
f 1041/1041/261 1042/1042/261 1043/1043/261 1044/1044/261
f 1045/1045/262 1046/1046/262 1047/1047/262 1048/1048/262
f 1049/1049/263 1050/1050/263 1051/1051/263 1052/1052/263
f 1053/1053/264 1054/1054/264 1055/1055/264 1056/1056/264
f 1057/1057/265 1058/1058/265 1059/1059/265 1060/1060/265
f 1061/1061/266 1062/1062/266 1063/1063/266 1064/1064/266
f 1065/1065/267 1066/1066/267 1067/1067/267 1068/1068/267
f 1069/1069/268 1070/1070/268 1071/1071/268 1072/1072/268
f 1073/1073/269 1074/1074/269 1075/1075/269 1076/1076/269
f 1077/1077/270 1078/1078/270 1079/1079/270 1080/1080/270
f 1081/1081/271 1082/1082/271 1083/1083/271 1084/1084/271
f 1085/1085/272 1086/1086/272 1087/1087/272 1088/1088/272
f 1089/1089/273 1090/1090/273 1091/1091/273 1092/1092/273
f 1093/1093/274 1094/1094/274 1095/1095/274 1096/1096/274
f 1097/1097/275 1098/1098/275 1099/1099/275 1100/1100/275
f 1101/1101/276 1102/1102/276 1103/1103/276 1104/1104/276
f 1105/1105/277 1106/1106/277 1107/1107/277 1108/1108/277
f 1109/1109/278 1110/1110/278 1111/1111/278 1112/1112/278
f 1113/1113/279 1114/1114/279 1115/1115/279 1116/1116/279
f 1117/1117/280 1118/1118/280 1119/1119/280 1120/1120/280
f 1121/1121/281 1122/1122/281 1123/1123/281 1124/1124/281
f 1125/1125/282 1126/1126/282 1127/1127/282 1128/1128/282
f 1129/1129/283 1130/1130/283 1131/1131/283 1132/1132/283
f 1133/1133/284 1134/1134/284 1135/1135/284 1136/1136/284
f 1137/1137/285 1138/1138/285 1139/1139/285 1140/1140/285
f 1141/1141/286 1142/1142/286 1143/1143/286 1144/1144/286
f 1145/1145/287 1146/1146/287 1147/1147/287 1148/1148/287
f 1149/1149/288 1150/1150/288 1151/1151/288 1152/1152/288
f 1153/1153/289 1154/1154/289 1155/1155/289 1156/1156/289
f 1157/1157/290 1158/1158/290 1159/1159/290 1160/1160/290
f 1161/1161/291 1162/1162/291 1163/1163/291 1164/1164/291
f 1165/1165/292 1166/1166/292 1167/1167/292 1168/1168/292
f 1169/1169/293 1170/1170/293 1171/1171/293 1172/1172/293
f 1173/1173/294 1174/1174/294 1175/1175/294 1176/1176/294
f 1177/1177/295 1178/1178/295 1179/1179/295 1180/1180/295
f 1181/1181/296 1182/1182/296 1183/1183/296 1184/1184/296
f 1185/1185/297 1186/1186/297 1187/1187/297 1188/1188/297
f 1189/1189/298 1190/1190/298 1191/1191/298 1192/1192/298
f 1193/1193/299 1194/1194/299 1195/1195/299 1196/1196/299
f 1197/1197/300 1198/1198/300 1199/1199/300 1200/1200/300
f 1201/1201/301 1202/1202/301 1203/1203/301 1204/1204/301
f 1205/1205/302 1206/1206/302 1207/1207/302 1208/1208/302
f 1209/1209/303 1210/1210/303 1211/1211/303 1212/1212/303
f 1213/1213/304 1214/1214/304 1215/1215/304 1216/1216/304
f 1217/1217/305 1218/1218/305 1219/1219/305 1220/1220/305
f 1221/1221/306 1222/1222/306 1223/1223/306 1224/1224/306
f 1225/1225/307 1226/1226/307 1227/1227/307 1228/1228/307
f 1229/1229/308 1230/1230/308 1231/1231/308 1232/1232/308
f 1233/1233/309 1234/1234/309 1235/1235/309 1236/1236/309
f 1237/1237/310 1238/1238/310 1239/1239/310 1240/1240/310
f 1241/1241/311 1242/1242/311 1243/1243/311 1244/1244/311
f 1245/1245/312 1246/1246/312 1247/1247/312 1248/1248/312
f 1249/1249/313 1250/1250/313 1251/1251/313 1252/1252/313
f 1253/1253/314 1254/1254/314 1255/1255/314 1256/1256/314
f 1257/1257/315 1258/1258/315 1259/1259/315 1260/1260/315
f 1261/1261/316 1262/1262/316 1263/1263/316 1264/1264/316
f 1265/1265/317 1266/1266/317 1267/1267/317 1268/1268/317
f 1269/1269/318 1270/1270/318 1271/1271/318 1272/1272/318
f 1273/1273/319 1274/1274/319 1275/1275/319 1276/1276/319
f 1277/1277/320 1278/1278/320 1279/1279/320 1280/1280/320
g rim_barrel
f 1281/1281/321 1282/1282/321 1283/1283/321 1284/1284/321
f 1285/1285/322 1286/1286/322 1287/1287/322 1288/1288/322
f 1289/1289/323 1290/1290/323 1291/1291/323 1292/1292/323
f 1293/1293/324 1294/1294/324 1295/1295/324 1296/1296/324
f 1297/1297/325 1298/1298/325 1299/1299/325 1300/1300/325
f 1301/1301/326 1302/1302/326 1303/1303/326 1304/1304/326
f 1305/1305/327 1306/1306/327 1307/1307/327 1308/1308/327
f 1309/1309/328 1310/1310/328 1311/1311/328 1312/1312/328
f 1313/1313/329 1314/1314/329 1315/1315/329 1316/1316/329
f 1317/1317/330 1318/1318/330 1319/1319/330 1320/1320/330
f 1321/1321/331 1322/1322/331 1323/1323/331 1324/1324/331
f 1325/1325/332 1326/1326/332 1327/1327/332 1328/1328/332
f 1329/1329/333 1330/1330/333 1331/1331/333 1332/1332/333
f 1333/1333/334 1334/1334/334 1335/1335/334 1336/1336/334
f 1337/1337/335 1338/1338/335 1339/1339/335 1340/1340/335
f 1341/1341/336 1342/1342/336 1343/1343/336 1344/1344/336
f 1345/1345/337 1346/1346/337 1347/1347/337 1348/1348/337
f 1349/1349/338 1350/1350/338 1351/1351/338 1352/1352/338
f 1353/1353/339 1354/1354/339 1355/1355/339 1356/1356/339
f 1357/1357/340 1358/1358/340 1359/1359/340 1360/1360/340
f 1361/1361/341 1362/1362/341 1363/1363/341 1364/1364/341
f 1365/1365/342 1366/1366/342 1367/1367/342 1368/1368/342
f 1369/1369/343 1370/1370/343 1371/1371/343 1372/1372/343
f 1373/1373/344 1374/1374/344 1375/1375/344 1376/1376/344
f 1377/1377/345 1378/1378/345 1379/1379/345 1380/1380/345
f 1381/1381/346 1382/1382/346 1383/1383/346 1384/1384/346
f 1385/1385/347 1386/1386/347 1387/1387/347 1388/1388/347
f 1389/1389/348 1390/1390/348 1391/1391/348 1392/1392/348
f 1393/1393/349 1394/1394/349 1395/1395/349 1396/1396/349
f 1397/1397/350 1398/1398/350 1399/1399/350 1400/1400/350
f 1401/1401/351 1402/1402/351 1403/1403/351 1404/1404/351
f 1405/1405/352 1406/1406/352 1407/1407/352 1408/1408/352
f 1409/1409/353 1410/1410/353 1411/1411/353 1412/1412/353
f 1413/1413/354 1414/1414/354 1415/1415/354 1416/1416/354
f 1417/1417/355 1418/1418/355 1419/1419/355 1420/1420/355
f 1421/1421/356 1422/1422/356 1423/1423/356 1424/1424/356
f 1425/1425/357 1426/1426/357 1427/1427/357 1428/1428/357
f 1429/1429/358 1430/1430/358 1431/1431/358 1432/1432/358
f 1433/1433/359 1434/1434/359 1435/1435/359 1436/1436/359
f 1437/1437/360 1438/1438/360 1439/1439/360 1440/1440/360
f 1441/1441/361 1442/1442/361 1443/1443/361 1444/1444/361
f 1445/1445/362 1446/1446/362 1447/1447/362 1448/1448/362
f 1449/1449/363 1450/1450/363 1451/1451/363 1452/1452/363
f 1453/1453/364 1454/1454/364 1455/1455/364 1456/1456/364
f 1457/1457/365 1458/1458/365 1459/1459/365 1460/1460/365
f 1461/1461/366 1462/1462/366 1463/1463/366 1464/1464/366
f 1465/1465/367 1466/1466/367 1467/1467/367 1468/1468/367
f 1469/1469/368 1470/1470/368 1471/1471/368 1472/1472/368
f 1473/1473/369 1474/1474/369 1475/1475/369 1476/1476/369
f 1477/1477/370 1478/1478/370 1479/1479/370 1480/1480/370
f 1481/1481/371 1482/1482/371 1483/1483/371 1484/1484/371
f 1485/1485/372 1486/1486/372 1487/1487/372 1488/1488/372
f 1489/1489/373 1490/1490/373 1491/1491/373 1492/1492/373
f 1493/1493/374 1494/1494/374 1495/1495/374 1496/1496/374
f 1497/1497/375 1498/1498/375 1499/1499/375 1500/1500/375
f 1501/1501/376 1502/1502/376 1503/1503/376 1504/1504/376
f 1505/1505/377 1506/1506/377 1507/1507/377 1508/1508/377
f 1509/1509/378 1510/1510/378 1511/1511/378 1512/1512/378
f 1513/1513/379 1514/1514/379 1515/1515/379 1516/1516/379
f 1517/1517/380 1518/1518/380 1519/1519/380 1520/1520/380
f 1521/1521/381 1522/1522/381 1523/1523/381 1524/1524/381
f 1525/1525/382 1526/1526/382 1527/1527/382 1528/1528/382
f 1529/1529/383 1530/1530/383 1531/1531/383 1532/1532/383
f 1533/1533/384 1534/1534/384 1535/1535/384 1536/1536/384
g rim_face_ring
f 1537/1537/385 1538/1538/385 1539/1539/385 1540/1540/385
f 1541/1541/386 1542/1542/386 1543/1543/386 1544/1544/386
f 1545/1545/387 1546/1546/387 1547/1547/387 1548/1548/387
f 1549/1549/388 1550/1550/388 1551/1551/388 1552/1552/388
f 1553/1553/389 1554/1554/389 1555/1555/389 1556/1556/389
f 1557/1557/390 1558/1558/390 1559/1559/390 1560/1560/390
f 1561/1561/391 1562/1562/391 1563/1563/391 1564/1564/391
f 1565/1565/392 1566/1566/392 1567/1567/392 1568/1568/392
f 1569/1569/393 1570/1570/393 1571/1571/393 1572/1572/393
f 1573/1573/394 1574/1574/394 1575/1575/394 1576/1576/394
f 1577/1577/395 1578/1578/395 1579/1579/395 1580/1580/395
f 1581/1581/396 1582/1582/396 1583/1583/396 1584/1584/396
f 1585/1585/397 1586/1586/397 1587/1587/397 1588/1588/397
f 1589/1589/398 1590/1590/398 1591/1591/398 1592/1592/398
f 1593/1593/399 1594/1594/399 1595/1595/399 1596/1596/399
f 1597/1597/400 1598/1598/400 1599/1599/400 1600/1600/400
f 1601/1601/401 1602/1602/401 1603/1603/401 1604/1604/401
f 1605/1605/402 1606/1606/402 1607/1607/402 1608/1608/402
f 1609/1609/403 1610/1610/403 1611/1611/403 1612/1612/403
f 1613/1613/404 1614/1614/404 1615/1615/404 1616/1616/404
f 1617/1617/405 1618/1618/405 1619/1619/405 1620/1620/405
f 1621/1621/406 1622/1622/406 1623/1623/406 1624/1624/406
f 1625/1625/407 1626/1626/407 1627/1627/407 1628/1628/407
f 1629/1629/408 1630/1630/408 1631/1631/408 1632/1632/408
f 1633/1633/409 1634/1634/409 1635/1635/409 1636/1636/409
f 1637/1637/410 1638/1638/410 1639/1639/410 1640/1640/410
f 1641/1641/411 1642/1642/411 1643/1643/411 1644/1644/411
f 1645/1645/412 1646/1646/412 1647/1647/412 1648/1648/412
f 1649/1649/413 1650/1650/413 1651/1651/413 1652/1652/413
f 1653/1653/414 1654/1654/414 1655/1655/414 1656/1656/414
f 1657/1657/415 1658/1658/415 1659/1659/415 1660/1660/415
f 1661/1661/416 1662/1662/416 1663/1663/416 1664/1664/416
f 1665/1665/417 1666/1666/417 1667/1667/417 1668/1668/417
f 1669/1669/418 1670/1670/418 1671/1671/418 1672/1672/418
f 1673/1673/419 1674/1674/419 1675/1675/419 1676/1676/419
f 1677/1677/420 1678/1678/420 1679/1679/420 1680/1680/420
f 1681/1681/421 1682/1682/421 1683/1683/421 1684/1684/421
f 1685/1685/422 1686/1686/422 1687/1687/422 1688/1688/422
f 1689/1689/423 1690/1690/423 1691/1691/423 1692/1692/423
f 1693/1693/424 1694/1694/424 1695/1695/424 1696/1696/424
f 1697/1697/425 1698/1698/425 1699/1699/425 1700/1700/425
f 1701/1701/426 1702/1702/426 1703/1703/426 1704/1704/426
f 1705/1705/427 1706/1706/427 1707/1707/427 1708/1708/427
f 1709/1709/428 1710/1710/428 1711/1711/428 1712/1712/428
f 1713/1713/429 1714/1714/429 1715/1715/429 1716/1716/429
f 1717/1717/430 1718/1718/430 1719/1719/430 1720/1720/430
f 1721/1721/431 1722/1722/431 1723/1723/431 1724/1724/431
f 1725/1725/432 1726/1726/432 1727/1727/432 1728/1728/432
f 1729/1729/433 1730/1730/433 1731/1731/433 1732/1732/433
f 1733/1733/434 1734/1734/434 1735/1735/434 1736/1736/434
f 1737/1737/435 1738/1738/435 1739/1739/435 1740/1740/435
f 1741/1741/436 1742/1742/436 1743/1743/436 1744/1744/436
f 1745/1745/437 1746/1746/437 1747/1747/437 1748/1748/437
f 1749/1749/438 1750/1750/438 1751/1751/438 1752/1752/438
f 1753/1753/439 1754/1754/439 1755/1755/439 1756/1756/439
f 1757/1757/440 1758/1758/440 1759/1759/440 1760/1760/440
f 1761/1761/441 1762/1762/441 1763/1763/441 1764/1764/441
f 1765/1765/442 1766/1766/442 1767/1767/442 1768/1768/442
f 1769/1769/443 1770/1770/443 1771/1771/443 1772/1772/443
f 1773/1773/444 1774/1774/444 1775/1775/444 1776/1776/444
f 1777/1777/445 1778/1778/445 1779/1779/445 1780/1780/445
f 1781/1781/446 1782/1782/446 1783/1783/446 1784/1784/446
f 1785/1785/447 1786/1786/447 1787/1787/447 1788/1788/447
f 1789/1789/448 1790/1790/448 1791/1791/448 1792/1792/448
g rim_hand_hole_recess
f 1793/1793/449 1794/1794/449 1795/1795/449 1796/1796/449
f 1797/1797/450 1798/1798/450 1799/1799/450 1800/1800/450
f 1801/1801/451 1802/1802/451 1803/1803/451 1804/1804/451
f 1805/1805/452 1806/1806/452 1807/1807/452 1808/1808/452
f 1809/1809/453 1810/1810/453 1811/1811/453 1812/1812/453
f 1813/1813/454 1814/1814/454 1815/1815/454 1816/1816/454
f 1817/1817/455 1818/1818/455 1819/1819/455 1820/1820/455
f 1821/1821/456 1822/1822/456 1823/1823/456 1824/1824/456
f 1825/1825/457 1826/1826/457 1827/1827/457 1828/1828/457
f 1829/1829/458 1830/1830/458 1831/1831/458 1832/1832/458
f 1833/1833/459 1834/1834/459 1835/1835/459 1836/1836/459
f 1837/1837/460 1838/1838/460 1839/1839/460 1840/1840/460
f 1841/1841/461 1842/1842/461 1843/1843/461 1844/1844/461
f 1845/1845/462 1846/1846/462 1847/1847/462 1848/1848/462
f 1849/1849/463 1850/1850/463 1851/1851/463 1852/1852/463
f 1853/1853/464 1854/1854/464 1855/1855/464 1856/1856/464
f 1857/1857/465 1858/1858/465 1859/1859/465 1860/1860/465 1861/1861/465 1862/1862/465 1863/1863/465 1864/1864/465 1865/1865/465 1866/1866/465 1867/1867/465 1868/1868/465 1869/1869/465 1870/1870/465 1871/1871/465 1872/1872/465
f 1873/1873/466 1874/1874/466 1875/1875/466 1876/1876/466 1877/1877/466 1878/1878/466 1879/1879/466 1880/1880/466 1881/1881/466 1882/1882/466 1883/1883/466 1884/1884/466 1885/1885/466 1886/1886/466 1887/1887/466 1888/1888/466
g rim_back_face
f 1889/1889/467 1890/1890/467 1891/1891/467 1892/1892/467
f 1893/1893/468 1894/1894/468 1895/1895/468 1896/1896/468
f 1897/1897/469 1898/1898/469 1899/1899/469 1900/1900/469
f 1901/1901/470 1902/1902/470 1903/1903/470 1904/1904/470
f 1905/1905/471 1906/1906/471 1907/1907/471 1908/1908/471
f 1909/1909/472 1910/1910/472 1911/1911/472 1912/1912/472
f 1913/1913/473 1914/1914/473 1915/1915/473 1916/1916/473
f 1917/1917/474 1918/1918/474 1919/1919/474 1920/1920/474
f 1921/1921/475 1922/1922/475 1923/1923/475 1924/1924/475
f 1925/1925/476 1926/1926/476 1927/1927/476 1928/1928/476
f 1929/1929/477 1930/1930/477 1931/1931/477 1932/1932/477
f 1933/1933/478 1934/1934/478 1935/1935/478 1936/1936/478
f 1937/1937/479 1938/1938/479 1939/1939/479 1940/1940/479
f 1941/1941/480 1942/1942/480 1943/1943/480 1944/1944/480
f 1945/1945/481 1946/1946/481 1947/1947/481 1948/1948/481
f 1949/1949/482 1950/1950/482 1951/1951/482 1952/1952/482
f 1953/1953/483 1954/1954/483 1955/1955/483 1956/1956/483 1957/1957/483 1958/1958/483 1959/1959/483 1960/1960/483 1961/1961/483 1962/1962/483 1963/1963/483 1964/1964/483 1965/1965/483 1966/1966/483 1967/1967/483 1968/1968/483
f 1969/1969/484 1970/1970/484 1971/1971/484 1972/1972/484 1973/1973/484 1974/1974/484 1975/1975/484 1976/1976/484 1977/1977/484 1978/1978/484 1979/1979/484 1980/1980/484 1981/1981/484 1982/1982/484 1983/1983/484 1984/1984/484
g rim_web
f 1985/1985/485 1986/1986/485 1987/1987/485 1988/1988/485
f 1989/1989/486 1990/1990/486 1991/1991/486 1992/1992/486
f 1993/1993/487 1994/1994/487 1995/1995/487 1996/1996/487
f 1997/1997/488 1998/1998/488 1999/1999/488 2000/2000/488
f 2001/2001/489 2002/2002/489 2003/2003/489 2004/2004/489
f 2005/2005/490 2006/2006/490 2007/2007/490 2008/2008/490
f 2009/2009/491 2010/2010/491 2011/2011/491 2012/2012/491
f 2013/2013/492 2014/2014/492 2015/2015/492 2016/2016/492
f 2017/2017/493 2018/2018/493 2019/2019/493 2020/2020/493
f 2021/2021/494 2022/2022/494 2023/2023/494 2024/2024/494
f 2025/2025/495 2026/2026/495 2027/2027/495 2028/2028/495
f 2029/2029/496 2030/2030/496 2031/2031/496 2032/2032/496
f 2033/2033/497 2034/2034/497 2035/2035/497 2036/2036/497
f 2037/2037/498 2038/2038/498 2039/2039/498 2040/2040/498
f 2041/2041/499 2042/2042/499 2043/2043/499 2044/2044/499
f 2045/2045/500 2046/2046/500 2047/2047/500 2048/2048/500
f 2049/2049/501 2050/2050/501 2051/2051/501 2052/2052/501
f 2053/2053/502 2054/2054/502 2055/2055/502 2056/2056/502
f 2057/2057/503 2058/2058/503 2059/2059/503 2060/2060/503
f 2061/2061/504 2062/2062/504 2063/2063/504 2064/2064/504
f 2065/2065/505 2066/2066/505 2067/2067/505 2068/2068/505
f 2069/2069/506 2070/2070/506 2071/2071/506 2072/2072/506
f 2073/2073/507 2074/2074/507 2075/2075/507 2076/2076/507
f 2077/2077/508 2078/2078/508 2079/2079/508 2080/2080/508
f 2081/2081/509 2082/2082/509 2083/2083/509 2084/2084/509
f 2085/2085/510 2086/2086/510 2087/2087/510 2088/2088/510
f 2089/2089/511 2090/2090/511 2091/2091/511 2092/2092/511
f 2093/2093/512 2094/2094/512 2095/2095/512 2096/2096/512
f 2097/2097/513 2098/2098/513 2099/2099/513 2100/2100/513
f 2101/2101/514 2102/2102/514 2103/2103/514 2104/2104/514
f 2105/2105/515 2106/2106/515 2107/2107/515 2108/2108/515
f 2109/2109/516 2110/2110/516 2111/2111/516 2112/2112/516
f 2113/2113/517 2114/2114/517 2115/2115/517 2116/2116/517
f 2117/2117/518 2118/2118/518 2119/2119/518 2120/2120/518
f 2121/2121/519 2122/2122/519 2123/2123/519 2124/2124/519
f 2125/2125/520 2126/2126/520 2127/2127/520 2128/2128/520
f 2129/2129/521 2130/2130/521 2131/2131/521 2132/2132/521
f 2133/2133/522 2134/2134/522 2135/2135/522 2136/2136/522
f 2137/2137/523 2138/2138/523 2139/2139/523 2140/2140/523
f 2141/2141/524 2142/2142/524 2143/2143/524 2144/2144/524
f 2145/2145/525 2146/2146/525 2147/2147/525 2148/2148/525
f 2149/2149/526 2150/2150/526 2151/2151/526 2152/2152/526
f 2153/2153/527 2154/2154/527 2155/2155/527 2156/2156/527
f 2157/2157/528 2158/2158/528 2159/2159/528 2160/2160/528
f 2161/2161/529 2162/2162/529 2163/2163/529 2164/2164/529
f 2165/2165/530 2166/2166/530 2167/2167/530 2168/2168/530
f 2169/2169/531 2170/2170/531 2171/2171/531 2172/2172/531
f 2173/2173/532 2174/2174/532 2175/2175/532 2176/2176/532
g hub_plate
f 2177/2177/533 2178/2178/533 2179/2179/533 2180/2180/533
f 2181/2181/534 2182/2182/534 2183/2183/534 2184/2184/534
f 2185/2185/535 2186/2186/535 2187/2187/535 2188/2188/535
f 2189/2189/536 2190/2190/536 2191/2191/536 2192/2192/536
f 2193/2193/537 2194/2194/537 2195/2195/537 2196/2196/537
f 2197/2197/538 2198/2198/538 2199/2199/538 2200/2200/538
f 2201/2201/539 2202/2202/539 2203/2203/539 2204/2204/539
f 2205/2205/540 2206/2206/540 2207/2207/540 2208/2208/540
f 2209/2209/541 2210/2210/541 2211/2211/541 2212/2212/541 2213/2213/541 2214/2214/541 2215/2215/541 2216/2216/541
f 2217/2217/542 2218/2218/542 2219/2219/542 2220/2220/542 2221/2221/542 2222/2222/542 2223/2223/542 2224/2224/542
g hub_lug_nut
f 2225/2225/543 2226/2226/543 2227/2227/543 2228/2228/543
f 2229/2229/544 2230/2230/544 2231/2231/544 2232/2232/544
f 2233/2233/545 2234/2234/545 2235/2235/545 2236/2236/545
f 2237/2237/546 2238/2238/546 2239/2239/546 2240/2240/546
f 2241/2241/547 2242/2242/547 2243/2243/547 2244/2244/547
f 2245/2245/548 2246/2246/548 2247/2247/548 2248/2248/548
f 2249/2249/549 2250/2250/549 2251/2251/549 2252/2252/549 2253/2253/549 2254/2254/549
f 2255/2255/550 2256/2256/550 2257/2257/550 2258/2258/550 2259/2259/550 2260/2260/550
f 2261/2261/551 2262/2262/551 2263/2263/551 2264/2264/551
f 2265/2265/552 2266/2266/552 2267/2267/552 2268/2268/552
f 2269/2269/553 2270/2270/553 2271/2271/553 2272/2272/553
f 2273/2273/554 2274/2274/554 2275/2275/554 2276/2276/554
f 2277/2277/555 2278/2278/555 2279/2279/555 2280/2280/555
f 2281/2281/556 2282/2282/556 2283/2283/556 2284/2284/556
f 2285/2285/557 2286/2286/557 2287/2287/557 2288/2288/557 2289/2289/557 2290/2290/557
f 2291/2291/558 2292/2292/558 2293/2293/558 2294/2294/558 2295/2295/558 2296/2296/558
f 2297/2297/559 2298/2298/559 2299/2299/559 2300/2300/559
f 2301/2301/560 2302/2302/560 2303/2303/560 2304/2304/560
f 2305/2305/561 2306/2306/561 2307/2307/561 2308/2308/561
f 2309/2309/562 2310/2310/562 2311/2311/562 2312/2312/562
f 2313/2313/563 2314/2314/563 2315/2315/563 2316/2316/563
f 2317/2317/564 2318/2318/564 2319/2319/564 2320/2320/564
f 2321/2321/565 2322/2322/565 2323/2323/565 2324/2324/565 2325/2325/565 2326/2326/565
f 2327/2327/566 2328/2328/566 2329/2329/566 2330/2330/566 2331/2331/566 2332/2332/566
f 2333/2333/567 2334/2334/567 2335/2335/567 2336/2336/567
f 2337/2337/568 2338/2338/568 2339/2339/568 2340/2340/568
f 2341/2341/569 2342/2342/569 2343/2343/569 2344/2344/569
f 2345/2345/570 2346/2346/570 2347/2347/570 2348/2348/570
f 2349/2349/571 2350/2350/571 2351/2351/571 2352/2352/571
f 2353/2353/572 2354/2354/572 2355/2355/572 2356/2356/572
f 2357/2357/573 2358/2358/573 2359/2359/573 2360/2360/573 2361/2361/573 2362/2362/573
f 2363/2363/574 2364/2364/574 2365/2365/574 2366/2366/574 2367/2367/574 2368/2368/574
f 2369/2369/575 2370/2370/575 2371/2371/575 2372/2372/575
f 2373/2373/576 2374/2374/576 2375/2375/576 2376/2376/576
f 2377/2377/577 2378/2378/577 2379/2379/577 2380/2380/577
f 2381/2381/578 2382/2382/578 2383/2383/578 2384/2384/578
f 2385/2385/579 2386/2386/579 2387/2387/579 2388/2388/579
f 2389/2389/580 2390/2390/580 2391/2391/580 2392/2392/580
f 2393/2393/581 2394/2394/581 2395/2395/581 2396/2396/581 2397/2397/581 2398/2398/581
f 2399/2399/582 2400/2400/582 2401/2401/582 2402/2402/582 2403/2403/582 2404/2404/582
f 2405/2405/583 2406/2406/583 2407/2407/583 2408/2408/583
f 2409/2409/584 2410/2410/584 2411/2411/584 2412/2412/584
f 2413/2413/585 2414/2414/585 2415/2415/585 2416/2416/585
f 2417/2417/586 2418/2418/586 2419/2419/586 2420/2420/586
f 2421/2421/587 2422/2422/587 2423/2423/587 2424/2424/587
f 2425/2425/588 2426/2426/588 2427/2427/588 2428/2428/588
f 2429/2429/589 2430/2430/589 2431/2431/589 2432/2432/589 2433/2433/589 2434/2434/589
f 2435/2435/590 2436/2436/590 2437/2437/590 2438/2438/590 2439/2439/590 2440/2440/590
f 2441/2441/591 2442/2442/591 2443/2443/591 2444/2444/591
f 2445/2445/592 2446/2446/592 2447/2447/592 2448/2448/592
f 2449/2449/593 2450/2450/593 2451/2451/593 2452/2452/593
f 2453/2453/594 2454/2454/594 2455/2455/594 2456/2456/594
f 2457/2457/595 2458/2458/595 2459/2459/595 2460/2460/595
f 2461/2461/596 2462/2462/596 2463/2463/596 2464/2464/596
f 2465/2465/597 2466/2466/597 2467/2467/597 2468/2468/597 2469/2469/597 2470/2470/597
f 2471/2471/598 2472/2472/598 2473/2473/598 2474/2474/598 2475/2475/598 2476/2476/598
f 2477/2477/599 2478/2478/599 2479/2479/599 2480/2480/599
f 2481/2481/600 2482/2482/600 2483/2483/600 2484/2484/600
f 2485/2485/601 2486/2486/601 2487/2487/601 2488/2488/601
f 2489/2489/602 2490/2490/602 2491/2491/602 2492/2492/602
f 2493/2493/603 2494/2494/603 2495/2495/603 2496/2496/603
f 2497/2497/604 2498/2498/604 2499/2499/604 2500/2500/604
f 2501/2501/605 2502/2502/605 2503/2503/605 2504/2504/605 2505/2505/605 2506/2506/605
f 2507/2507/606 2508/2508/606 2509/2509/606 2510/2510/606 2511/2511/606 2512/2512/606
f 2513/2513/607 2514/2514/607 2515/2515/607 2516/2516/607
f 2517/2517/608 2518/2518/608 2519/2519/608 2520/2520/608
f 2521/2521/609 2522/2522/609 2523/2523/609 2524/2524/609
f 2525/2525/610 2526/2526/610 2527/2527/610 2528/2528/610
f 2529/2529/611 2530/2530/611 2531/2531/611 2532/2532/611
f 2533/2533/612 2534/2534/612 2535/2535/612 2536/2536/612
f 2537/2537/613 2538/2538/613 2539/2539/613 2540/2540/613 2541/2541/613 2542/2542/613
f 2543/2543/614 2544/2544/614 2545/2545/614 2546/2546/614 2547/2547/614 2548/2548/614
f 2549/2549/615 2550/2550/615 2551/2551/615 2552/2552/615
f 2553/2553/616 2554/2554/616 2555/2555/616 2556/2556/616
f 2557/2557/617 2558/2558/617 2559/2559/617 2560/2560/617
f 2561/2561/618 2562/2562/618 2563/2563/618 2564/2564/618
f 2565/2565/619 2566/2566/619 2567/2567/619 2568/2568/619
f 2569/2569/620 2570/2570/620 2571/2571/620 2572/2572/620
f 2573/2573/621 2574/2574/621 2575/2575/621 2576/2576/621 2577/2577/621 2578/2578/621
f 2579/2579/622 2580/2580/622 2581/2581/622 2582/2582/622 2583/2583/622 2584/2584/622
g hub_axle_cap
f 2585/2585/623 2586/2586/623 2587/2587/623 2588/2588/623
f 2589/2589/624 2590/2590/624 2591/2591/624 2592/2592/624
f 2593/2593/625 2594/2594/625 2595/2595/625 2596/2596/625
f 2597/2597/626 2598/2598/626 2599/2599/626 2600/2600/626
f 2601/2601/627 2602/2602/627 2603/2603/627 2604/2604/627
f 2605/2605/628 2606/2606/628 2607/2607/628 2608/2608/628
f 2609/2609/629 2610/2610/629 2611/2611/629 2612/2612/629
f 2613/2613/630 2614/2614/630 2615/2615/630 2616/2616/630
f 2617/2617/631 2618/2618/631 2619/2619/631 2620/2620/631 2621/2621/631 2622/2622/631 2623/2623/631 2624/2624/631
f 2625/2625/632 2626/2626/632 2627/2627/632 2628/2628/632 2629/2629/632 2630/2630/632 2631/2631/632 2632/2632/632
