# small-tractor_tire - Create: More Wheels
# generated by build_tractor.py, axle on +Y, centred on the block
mtllib block.mtl
o small-tractor_tire
v 1.250214 0.193575 0.500000
v 1.224651 0.193575 0.305830
v 1.224651 0.806425 0.305830
v 1.250214 0.806425 0.500000
v 0.928667 0.193575 0.385139
v 0.943788 0.193575 0.500000
v 0.943788 0.806425 0.500000
v 0.928667 0.806425 0.385139
v 0.943788 0.806425 0.500000
v 1.250214 0.806425 0.500000
v 1.224651 0.806425 0.305830
v 0.928667 0.806425 0.385139
v 0.928667 0.193575 0.385139
v 1.224651 0.193575 0.305830
v 1.250214 0.193575 0.500000
v 0.943788 0.193575 0.500000
v 1.224651 0.193575 0.305830
v 1.149704 0.193575 0.124893
v 1.149704 0.806425 0.124893
v 1.224651 0.806425 0.305830
v 0.884332 0.193575 0.278106
v 0.928667 0.193575 0.385139
v 0.928667 0.806425 0.385139
v 0.884332 0.806425 0.278106
v 0.928667 0.806425 0.385139
v 1.224651 0.806425 0.305830
v 1.149704 0.806425 0.124893
v 0.884332 0.806425 0.278106
v 0.884332 0.193575 0.278106
v 1.149704 0.193575 0.124893
v 1.224651 0.193575 0.305830
v 0.928667 0.193575 0.385139
v 1.149704 0.193575 0.124893
v 1.030481 0.193575 -0.030481
v 1.030481 0.806425 -0.030481
v 1.149704 0.806425 0.124893
v 0.813806 0.193575 0.186194
v 0.884332 0.193575 0.278106
v 0.884332 0.806425 0.278106
v 0.813806 0.806425 0.186194
v 0.884332 0.806425 0.278106
v 1.149704 0.806425 0.124893
v 1.030481 0.806425 -0.030481
v 0.813806 0.806425 0.186194
v 0.813806 0.193575 0.186194
v 1.030481 0.193575 -0.030481
v 1.149704 0.193575 0.124893
v 0.884332 0.193575 0.278106
v 1.030481 0.193575 -0.030481
v 0.875107 0.193575 -0.149704
v 0.875107 0.806425 -0.149704
v 1.030481 0.806425 -0.030481
v 0.721894 0.193575 0.115668
v 0.813806 0.193575 0.186194
v 0.813806 0.806425 0.186194
v 0.721894 0.806425 0.115668
v 0.813806 0.806425 0.186194
v 1.030481 0.806425 -0.030481
v 0.875107 0.806425 -0.149704
v 0.721894 0.806425 0.115668
v 0.721894 0.193575 0.115668
v 0.875107 0.193575 -0.149704
v 1.030481 0.193575 -0.030481
v 0.813806 0.193575 0.186194
v 0.875107 0.193575 -0.149704
v 0.694170 0.193575 -0.224651
v 0.694170 0.806425 -0.224651
v 0.875107 0.806425 -0.149704
v 0.614861 0.193575 0.071333
v 0.721894 0.193575 0.115668
v 0.721894 0.806425 0.115668
v 0.614861 0.806425 0.071333
v 0.721894 0.806425 0.115668
v 0.875107 0.806425 -0.149704
v 0.694170 0.806425 -0.224651
v 0.614861 0.806425 0.071333
v 0.614861 0.193575 0.071333
v 0.694170 0.193575 -0.224651
v 0.875107 0.193575 -0.149704
v 0.721894 0.193575 0.115668
v 0.694170 0.193575 -0.224651
v 0.500000 0.193575 -0.250214
v 0.500000 0.806425 -0.250214
v 0.694170 0.806425 -0.224651
v 0.500000 0.193575 0.056212
v 0.614861 0.193575 0.071333
v 0.614861 0.806425 0.071333
v 0.500000 0.806425 0.056212
v 0.614861 0.806425 0.071333
v 0.694170 0.806425 -0.224651
v 0.500000 0.806425 -0.250214
v 0.500000 0.806425 0.056212
v 0.500000 0.193575 0.056212
v 0.500000 0.193575 -0.250214
v 0.694170 0.193575 -0.224651
v 0.614861 0.193575 0.071333
v 0.500000 0.193575 -0.250214
v 0.305830 0.193575 -0.224651
v 0.305830 0.806425 -0.224651
v 0.500000 0.806425 -0.250214
v 0.385139 0.193575 0.071333
v 0.500000 0.193575 0.056212
v 0.500000 0.806425 0.056212
v 0.385139 0.806425 0.071333
v 0.500000 0.806425 0.056212
v 0.500000 0.806425 -0.250214
v 0.305830 0.806425 -0.224651
v 0.385139 0.806425 0.071333
v 0.385139 0.193575 0.071333
v 0.305830 0.193575 -0.224651
v 0.500000 0.193575 -0.250214
v 0.500000 0.193575 0.056212
v 0.305830 0.193575 -0.224651
v 0.124893 0.193575 -0.149704
v 0.124893 0.806425 -0.149704
v 0.305830 0.806425 -0.224651
v 0.278106 0.193575 0.115668
v 0.385139 0.193575 0.071333
v 0.385139 0.806425 0.071333
v 0.278106 0.806425 0.115668
v 0.385139 0.806425 0.071333
v 0.305830 0.806425 -0.224651
v 0.124893 0.806425 -0.149704
v 0.278106 0.806425 0.115668
v 0.278106 0.193575 0.115668
v 0.124893 0.193575 -0.149704
v 0.305830 0.193575 -0.224651
v 0.385139 0.193575 0.071333
v 0.124893 0.193575 -0.149704
v -0.030481 0.193575 -0.030481
v -0.030481 0.806425 -0.030481
v 0.124893 0.806425 -0.149704
v 0.186194 0.193575 0.186194
v 0.278106 0.193575 0.115668
v 0.278106 0.806425 0.115668
v 0.186194 0.806425 0.186194
v 0.278106 0.806425 0.115668
v 0.124893 0.806425 -0.149704
v -0.030481 0.806425 -0.030481
v 0.186194 0.806425 0.186194
v 0.186194 0.193575 0.186194
v -0.030481 0.193575 -0.030481
v 0.124893 0.193575 -0.149704
v 0.278106 0.193575 0.115668
v -0.030481 0.193575 -0.030481
v -0.149704 0.193575 0.124893
v -0.149704 0.806425 0.124893
v -0.030481 0.806425 -0.030481
v 0.115668 0.193575 0.278106
v 0.186194 0.193575 0.186194
v 0.186194 0.806425 0.186194
v 0.115668 0.806425 0.278106
v 0.186194 0.806425 0.186194
v -0.030481 0.806425 -0.030481
v -0.149704 0.806425 0.124893
v 0.115668 0.806425 0.278106
v 0.115668 0.193575 0.278106
v -0.149704 0.193575 0.124893
v -0.030481 0.193575 -0.030481
v 0.186194 0.193575 0.186194
v -0.149704 0.193575 0.124893
v -0.224651 0.193575 0.305830
v -0.224651 0.806425 0.305830
v -0.149704 0.806425 0.124893
v 0.071333 0.193575 0.385139
v 0.115668 0.193575 0.278106
v 0.115668 0.806425 0.278106
v 0.071333 0.806425 0.385139
v 0.115668 0.806425 0.278106
v -0.149704 0.806425 0.124893
v -0.224651 0.806425 0.305830
v 0.071333 0.806425 0.385139
v 0.071333 0.193575 0.385139
v -0.224651 0.193575 0.305830
v -0.149704 0.193575 0.124893
v 0.115668 0.193575 0.278106
v -0.224651 0.193575 0.305830
v -0.250214 0.193575 0.500000
v -0.250214 0.806425 0.500000
v -0.224651 0.806425 0.305830
v 0.056212 0.193575 0.500000
v 0.071333 0.193575 0.385139
v 0.071333 0.806425 0.385139
v 0.056212 0.806425 0.500000
v 0.071333 0.806425 0.385139
v -0.224651 0.806425 0.305830
v -0.250214 0.806425 0.500000
v 0.056212 0.806425 0.500000
v 0.056212 0.193575 0.500000
v -0.250214 0.193575 0.500000
v -0.224651 0.193575 0.305830
v 0.071333 0.193575 0.385139
v -0.250214 0.193575 0.500000
v -0.224651 0.193575 0.694170
v -0.224651 0.806425 0.694170
v -0.250214 0.806425 0.500000
v 0.071333 0.193575 0.614861
v 0.056212 0.193575 0.500000
v 0.056212 0.806425 0.500000
v 0.071333 0.806425 0.614861
v 0.056212 0.806425 0.500000
v -0.250214 0.806425 0.500000
v -0.224651 0.806425 0.694170
v 0.071333 0.806425 0.614861
v 0.071333 0.193575 0.614861
v -0.224651 0.193575 0.694170
v -0.250214 0.193575 0.500000
v 0.056212 0.193575 0.500000
v -0.224651 0.193575 0.694170
v -0.149704 0.193575 0.875107
v -0.149704 0.806425 0.875107
v -0.224651 0.806425 0.694170
v 0.115668 0.193575 0.721894
v 0.071333 0.193575 0.614861
v 0.071333 0.806425 0.614861
v 0.115668 0.806425 0.721894
v 0.071333 0.806425 0.614861
v -0.224651 0.806425 0.694170
v -0.149704 0.806425 0.875107
v 0.115668 0.806425 0.721894
v 0.115668 0.193575 0.721894
v -0.149704 0.193575 0.875107
v -0.224651 0.193575 0.694170
v 0.071333 0.193575 0.614861
v -0.149704 0.193575 0.875107
v -0.030481 0.193575 1.030481
v -0.030481 0.806425 1.030481
v -0.149704 0.806425 0.875107
v 0.186194 0.193575 0.813806
v 0.115668 0.193575 0.721894
v 0.115668 0.806425 0.721894
v 0.186194 0.806425 0.813806
v 0.115668 0.806425 0.721894
v -0.149704 0.806425 0.875107
v -0.030481 0.806425 1.030481
v 0.186194 0.806425 0.813806
v 0.186194 0.193575 0.813806
v -0.030481 0.193575 1.030481
v -0.149704 0.193575 0.875107
v 0.115668 0.193575 0.721894
v -0.030481 0.193575 1.030481
v 0.124893 0.193575 1.149704
v 0.124893 0.806425 1.149704
v -0.030481 0.806425 1.030481
v 0.278106 0.193575 0.884332
v 0.186194 0.193575 0.813806
v 0.186194 0.806425 0.813806
v 0.278106 0.806425 0.884332
v 0.186194 0.806425 0.813806
v -0.030481 0.806425 1.030481
v 0.124893 0.806425 1.149704
v 0.278106 0.806425 0.884332
v 0.278106 0.193575 0.884332
v 0.124893 0.193575 1.149704
v -0.030481 0.193575 1.030481
v 0.186194 0.193575 0.813806
v 0.124893 0.193575 1.149704
v 0.305830 0.193575 1.224651
v 0.305830 0.806425 1.224651
v 0.124893 0.806425 1.149704
v 0.385139 0.193575 0.928667
v 0.278106 0.193575 0.884332
v 0.278106 0.806425 0.884332
v 0.385139 0.806425 0.928667
v 0.278106 0.806425 0.884332
v 0.124893 0.806425 1.149704
v 0.305830 0.806425 1.224651
v 0.385139 0.806425 0.928667
v 0.385139 0.193575 0.928667
v 0.305830 0.193575 1.224651
v 0.124893 0.193575 1.149704
v 0.278106 0.193575 0.884332
v 0.305830 0.193575 1.224651
v 0.500000 0.193575 1.250214
v 0.500000 0.806425 1.250214
v 0.305830 0.806425 1.224651
v 0.500000 0.193575 0.943788
v 0.385139 0.193575 0.928667
v 0.385139 0.806425 0.928667
v 0.500000 0.806425 0.943788
v 0.385139 0.806425 0.928667
v 0.305830 0.806425 1.224651
v 0.500000 0.806425 1.250214
v 0.500000 0.806425 0.943788
v 0.500000 0.193575 0.943788
v 0.500000 0.193575 1.250214
v 0.305830 0.193575 1.224651
v 0.385139 0.193575 0.928667
v 0.500000 0.193575 1.250214
v 0.694170 0.193575 1.224651
v 0.694170 0.806425 1.224651
v 0.500000 0.806425 1.250214
v 0.614861 0.193575 0.928667
v 0.500000 0.193575 0.943788
v 0.500000 0.806425 0.943788
v 0.614861 0.806425 0.928667
v 0.500000 0.806425 0.943788
v 0.500000 0.806425 1.250214
v 0.694170 0.806425 1.224651
v 0.614861 0.806425 0.928667
v 0.614861 0.193575 0.928667
v 0.694170 0.193575 1.224651
v 0.500000 0.193575 1.250214
v 0.500000 0.193575 0.943788
v 0.694170 0.193575 1.224651
v 0.875107 0.193575 1.149704
v 0.875107 0.806425 1.149704
v 0.694170 0.806425 1.224651
v 0.721894 0.193575 0.884332
v 0.614861 0.193575 0.928667
v 0.614861 0.806425 0.928667
v 0.721894 0.806425 0.884332
v 0.614861 0.806425 0.928667
v 0.694170 0.806425 1.224651
v 0.875107 0.806425 1.149704
v 0.721894 0.806425 0.884332
v 0.721894 0.193575 0.884332
v 0.875107 0.193575 1.149704
v 0.694170 0.193575 1.224651
v 0.614861 0.193575 0.928667
v 0.875107 0.193575 1.149704
v 1.030481 0.193575 1.030481
v 1.030481 0.806425 1.030481
v 0.875107 0.806425 1.149704
v 0.813806 0.193575 0.813806
v 0.721894 0.193575 0.884332
v 0.721894 0.806425 0.884332
v 0.813806 0.806425 0.813806
v 0.721894 0.806425 0.884332
v 0.875107 0.806425 1.149704
v 1.030481 0.806425 1.030481
v 0.813806 0.806425 0.813806
v 0.813806 0.193575 0.813806
v 1.030481 0.193575 1.030481
v 0.875107 0.193575 1.149704
v 0.721894 0.193575 0.884332
v 1.030481 0.193575 1.030481
v 1.149704 0.193575 0.875107
v 1.149704 0.806425 0.875107
v 1.030481 0.806425 1.030481
v 0.884332 0.193575 0.721894
v 0.813806 0.193575 0.813806
v 0.813806 0.806425 0.813806
v 0.884332 0.806425 0.721894
v 0.813806 0.806425 0.813806
v 1.030481 0.806425 1.030481
v 1.149704 0.806425 0.875107
v 0.884332 0.806425 0.721894
v 0.884332 0.193575 0.721894
v 1.149704 0.193575 0.875107
v 1.030481 0.193575 1.030481
v 0.813806 0.193575 0.813806
v 1.149704 0.193575 0.875107
v 1.224651 0.193575 0.694170
v 1.224651 0.806425 0.694170
v 1.149704 0.806425 0.875107
v 0.928667 0.193575 0.614861
v 0.884332 0.193575 0.721894
v 0.884332 0.806425 0.721894
v 0.928667 0.806425 0.614861
v 0.884332 0.806425 0.721894
v 1.149704 0.806425 0.875107
v 1.224651 0.806425 0.694170
v 0.928667 0.806425 0.614861
v 0.928667 0.193575 0.614861
v 1.224651 0.193575 0.694170
v 1.149704 0.193575 0.875107
v 0.884332 0.193575 0.721894
v 1.224651 0.193575 0.694170
v 1.250214 0.193575 0.500000
v 1.250214 0.806425 0.500000
v 1.224651 0.806425 0.694170
v 0.943788 0.193575 0.500000
v 0.928667 0.193575 0.614861
v 0.928667 0.806425 0.614861
v 0.943788 0.806425 0.500000
v 0.928667 0.806425 0.614861
v 1.224651 0.806425 0.694170
v 1.250214 0.806425 0.500000
v 0.943788 0.806425 0.500000
v 0.943788 0.193575 0.500000
v 1.250214 0.193575 0.500000
v 1.224651 0.193575 0.694170
v 0.928667 0.193575 0.614861
v 1.271346 0.204141 0.500000
v 1.245064 0.204141 0.300361
v 1.245064 0.795859 0.300361
v 1.271346 0.795859 0.500000
v 1.204238 0.204141 0.311300
v 1.229081 0.204141 0.500000
v 1.229081 0.795859 0.500000
v 1.204238 0.795859 0.311300
v 1.229081 0.795859 0.500000
v 1.271346 0.795859 0.500000
v 1.245064 0.795859 0.300361
v 1.204238 0.795859 0.311300
v 1.204238 0.204141 0.311300
v 1.245064 0.204141 0.300361
v 1.271346 0.204141 0.500000
v 1.229081 0.204141 0.500000
v 1.245064 0.204141 0.300361
v 1.168006 0.204141 0.114327
v 1.168006 0.795859 0.114327
v 1.245064 0.795859 0.300361
v 1.131403 0.204141 0.135460
v 1.204238 0.204141 0.311300
v 1.204238 0.795859 0.311300
v 1.131403 0.795859 0.135460
v 1.204238 0.795859 0.311300
v 1.245064 0.795859 0.300361
v 1.168006 0.795859 0.114327
v 1.131403 0.795859 0.135460
v 1.131403 0.204141 0.135460
v 1.168006 0.204141 0.114327
v 1.245064 0.204141 0.300361
v 1.204238 0.204141 0.311300
v 1.168006 0.204141 0.114327
v 1.045424 0.204141 -0.045424
v 1.045424 0.795859 -0.045424
v 1.168006 0.795859 0.114327
v 1.015538 0.204141 -0.015538
v 1.131403 0.204141 0.135460
v 1.131403 0.795859 0.135460
v 1.015538 0.795859 -0.015538
v 1.131403 0.795859 0.135460
v 1.168006 0.795859 0.114327
v 1.045424 0.795859 -0.045424
v 1.015538 0.795859 -0.015538
v 1.015538 0.204141 -0.015538
v 1.045424 0.204141 -0.045424
v 1.168006 0.204141 0.114327
v 1.131403 0.204141 0.135460
v 1.045424 0.204141 -0.045424
v 0.885673 0.204141 -0.168006
v 0.885673 0.795859 -0.168006
v 1.045424 0.795859 -0.045424
v 0.864540 0.204141 -0.131403
v 1.015538 0.204141 -0.015538
v 1.015538 0.795859 -0.015538
v 0.864540 0.795859 -0.131403
v 1.015538 0.795859 -0.015538
v 1.045424 0.795859 -0.045424
v 0.885673 0.795859 -0.168006
v 0.864540 0.795859 -0.131403
v 0.864540 0.204141 -0.131403
v 0.885673 0.204141 -0.168006
v 1.045424 0.204141 -0.045424
v 1.015538 0.204141 -0.015538
v 0.885673 0.204141 -0.168006
v 0.699639 0.204141 -0.245064
v 0.699639 0.795859 -0.245064
v 0.885673 0.795859 -0.168006
v 0.688700 0.204141 -0.204238
v 0.864540 0.204141 -0.131403
v 0.864540 0.795859 -0.131403
v 0.688700 0.795859 -0.204238
v 0.864540 0.795859 -0.131403
v 0.885673 0.795859 -0.168006
v 0.699639 0.795859 -0.245064
v 0.688700 0.795859 -0.204238
v 0.688700 0.204141 -0.204238
v 0.699639 0.204141 -0.245064
v 0.885673 0.204141 -0.168006
v 0.864540 0.204141 -0.131403
v 0.699639 0.204141 -0.245064
v 0.500000 0.204141 -0.271346
v 0.500000 0.795859 -0.271346
v 0.699639 0.795859 -0.245064
v 0.500000 0.204141 -0.229081
v 0.688700 0.204141 -0.204238
v 0.688700 0.795859 -0.204238
v 0.500000 0.795859 -0.229081
v 0.688700 0.795859 -0.204238
v 0.699639 0.795859 -0.245064
v 0.500000 0.795859 -0.271346
v 0.500000 0.795859 -0.229081
v 0.500000 0.204141 -0.229081
v 0.500000 0.204141 -0.271346
v 0.699639 0.204141 -0.245064
v 0.688700 0.204141 -0.204238
v 0.500000 0.204141 -0.271346
v 0.300361 0.204141 -0.245064
v 0.300361 0.795859 -0.245064
v 0.500000 0.795859 -0.271346
v 0.311300 0.204141 -0.204238
v 0.500000 0.204141 -0.229081
v 0.500000 0.795859 -0.229081
v 0.311300 0.795859 -0.204238
v 0.500000 0.795859 -0.229081
v 0.500000 0.795859 -0.271346
v 0.300361 0.795859 -0.245064
v 0.311300 0.795859 -0.204238
v 0.311300 0.204141 -0.204238
v 0.300361 0.204141 -0.245064
v 0.500000 0.204141 -0.271346
v 0.500000 0.204141 -0.229081
v 0.300361 0.204141 -0.245064
v 0.114327 0.204141 -0.168006
v 0.114327 0.795859 -0.168006
v 0.300361 0.795859 -0.245064
v 0.135460 0.204141 -0.131403
v 0.311300 0.204141 -0.204238
v 0.311300 0.795859 -0.204238
v 0.135460 0.795859 -0.131403
v 0.311300 0.795859 -0.204238
v 0.300361 0.795859 -0.245064
v 0.114327 0.795859 -0.168006
v 0.135460 0.795859 -0.131403
v 0.135460 0.204141 -0.131403
v 0.114327 0.204141 -0.168006
v 0.300361 0.204141 -0.245064
v 0.311300 0.204141 -0.204238
v 0.114327 0.204141 -0.168006
v -0.045424 0.204141 -0.045424
v -0.045424 0.795859 -0.045424
v 0.114327 0.795859 -0.168006
v -0.015538 0.204141 -0.015538
v 0.135460 0.204141 -0.131403
v 0.135460 0.795859 -0.131403
v -0.015538 0.795859 -0.015538
v 0.135460 0.795859 -0.131403
v 0.114327 0.795859 -0.168006
v -0.045424 0.795859 -0.045424
v -0.015538 0.795859 -0.015538
v -0.015538 0.204141 -0.015538
v -0.045424 0.204141 -0.045424
v 0.114327 0.204141 -0.168006
v 0.135460 0.204141 -0.131403
v -0.045424 0.204141 -0.045424
v -0.168006 0.204141 0.114327
v -0.168006 0.795859 0.114327
v -0.045424 0.795859 -0.045424
v -0.131403 0.204141 0.135460
v -0.015538 0.204141 -0.015538
v -0.015538 0.795859 -0.015538
v -0.131403 0.795859 0.135460
v -0.015538 0.795859 -0.015538
v -0.045424 0.795859 -0.045424
v -0.168006 0.795859 0.114327
v -0.131403 0.795859 0.135460
v -0.131403 0.204141 0.135460
v -0.168006 0.204141 0.114327
v -0.045424 0.204141 -0.045424
v -0.015538 0.204141 -0.015538
v -0.168006 0.204141 0.114327
v -0.245064 0.204141 0.300361
v -0.245064 0.795859 0.300361
v -0.168006 0.795859 0.114327
v -0.204238 0.204141 0.311300
v -0.131403 0.204141 0.135460
v -0.131403 0.795859 0.135460
v -0.204238 0.795859 0.311300
v -0.131403 0.795859 0.135460
v -0.168006 0.795859 0.114327
v -0.245064 0.795859 0.300361
v -0.204238 0.795859 0.311300
v -0.204238 0.204141 0.311300
v -0.245064 0.204141 0.300361
v -0.168006 0.204141 0.114327
v -0.131403 0.204141 0.135460
v -0.245064 0.204141 0.300361
v -0.271346 0.204141 0.500000
v -0.271346 0.795859 0.500000
v -0.245064 0.795859 0.300361
v -0.229081 0.204141 0.500000
v -0.204238 0.204141 0.311300
v -0.204238 0.795859 0.311300
v -0.229081 0.795859 0.500000
v -0.204238 0.795859 0.311300
v -0.245064 0.795859 0.300361
v -0.271346 0.795859 0.500000
v -0.229081 0.795859 0.500000
v -0.229081 0.204141 0.500000
v -0.271346 0.204141 0.500000
v -0.245064 0.204141 0.300361
v -0.204238 0.204141 0.311300
v -0.271346 0.204141 0.500000
v -0.245064 0.204141 0.699639
v -0.245064 0.795859 0.699639
v -0.271346 0.795859 0.500000
v -0.204238 0.204141 0.688700
v -0.229081 0.204141 0.500000
v -0.229081 0.795859 0.500000
v -0.204238 0.795859 0.688700
v -0.229081 0.795859 0.500000
v -0.271346 0.795859 0.500000
v -0.245064 0.795859 0.699639
v -0.204238 0.795859 0.688700
v -0.204238 0.204141 0.688700
v -0.245064 0.204141 0.699639
v -0.271346 0.204141 0.500000
v -0.229081 0.204141 0.500000
v -0.245064 0.204141 0.699639
v -0.168006 0.204141 0.885673
v -0.168006 0.795859 0.885673
v -0.245064 0.795859 0.699639
v -0.131403 0.204141 0.864540
v -0.204238 0.204141 0.688700
v -0.204238 0.795859 0.688700
v -0.131403 0.795859 0.864540
v -0.204238 0.795859 0.688700
v -0.245064 0.795859 0.699639
v -0.168006 0.795859 0.885673
v -0.131403 0.795859 0.864540
v -0.131403 0.204141 0.864540
v -0.168006 0.204141 0.885673
v -0.245064 0.204141 0.699639
v -0.204238 0.204141 0.688700
v -0.168006 0.204141 0.885673
v -0.045424 0.204141 1.045424
v -0.045424 0.795859 1.045424
v -0.168006 0.795859 0.885673
v -0.015538 0.204141 1.015538
v -0.131403 0.204141 0.864540
v -0.131403 0.795859 0.864540
v -0.015538 0.795859 1.015538
v -0.131403 0.795859 0.864540
v -0.168006 0.795859 0.885673
v -0.045424 0.795859 1.045424
v -0.015538 0.795859 1.015538
v -0.015538 0.204141 1.015538
v -0.045424 0.204141 1.045424
v -0.168006 0.204141 0.885673
v -0.131403 0.204141 0.864540
v -0.045424 0.204141 1.045424
v 0.114327 0.204141 1.168006
v 0.114327 0.795859 1.168006
v -0.045424 0.795859 1.045424
v 0.135460 0.204141 1.131403
v -0.015538 0.204141 1.015538
v -0.015538 0.795859 1.015538
v 0.135460 0.795859 1.131403
v -0.015538 0.795859 1.015538
v -0.045424 0.795859 1.045424
v 0.114327 0.795859 1.168006
v 0.135460 0.795859 1.131403
v 0.135460 0.204141 1.131403
v 0.114327 0.204141 1.168006
v -0.045424 0.204141 1.045424
v -0.015538 0.204141 1.015538
v 0.114327 0.204141 1.168006
v 0.300361 0.204141 1.245064
v 0.300361 0.795859 1.245064
v 0.114327 0.795859 1.168006
v 0.311300 0.204141 1.204238
v 0.135460 0.204141 1.131403
v 0.135460 0.795859 1.131403
v 0.311300 0.795859 1.204238
v 0.135460 0.795859 1.131403
v 0.114327 0.795859 1.168006
v 0.300361 0.795859 1.245064
v 0.311300 0.795859 1.204238
v 0.311300 0.204141 1.204238
v 0.300361 0.204141 1.245064
v 0.114327 0.204141 1.168006
v 0.135460 0.204141 1.131403
v 0.300361 0.204141 1.245064
v 0.500000 0.204141 1.271346
v 0.500000 0.795859 1.271346
v 0.300361 0.795859 1.245064
v 0.500000 0.204141 1.229081
v 0.311300 0.204141 1.204238
v 0.311300 0.795859 1.204238
v 0.500000 0.795859 1.229081
v 0.311300 0.795859 1.204238
v 0.300361 0.795859 1.245064
v 0.500000 0.795859 1.271346
v 0.500000 0.795859 1.229081
v 0.500000 0.204141 1.229081
v 0.500000 0.204141 1.271346
v 0.300361 0.204141 1.245064
v 0.311300 0.204141 1.204238
v 0.500000 0.204141 1.271346
v 0.699639 0.204141 1.245064
v 0.699639 0.795859 1.245064
v 0.500000 0.795859 1.271346
v 0.688700 0.204141 1.204238
v 0.500000 0.204141 1.229081
v 0.500000 0.795859 1.229081
v 0.688700 0.795859 1.204238
v 0.500000 0.795859 1.229081
v 0.500000 0.795859 1.271346
v 0.699639 0.795859 1.245064
v 0.688700 0.795859 1.204238
v 0.688700 0.204141 1.204238
v 0.699639 0.204141 1.245064
v 0.500000 0.204141 1.271346
v 0.500000 0.204141 1.229081
v 0.699639 0.204141 1.245064
v 0.885673 0.204141 1.168006
v 0.885673 0.795859 1.168006
v 0.699639 0.795859 1.245064
v 0.864540 0.204141 1.131403
v 0.688700 0.204141 1.204238
v 0.688700 0.795859 1.204238
v 0.864540 0.795859 1.131403
v 0.688700 0.795859 1.204238
v 0.699639 0.795859 1.245064
v 0.885673 0.795859 1.168006
v 0.864540 0.795859 1.131403
v 0.864540 0.204141 1.131403
v 0.885673 0.204141 1.168006
v 0.699639 0.204141 1.245064
v 0.688700 0.204141 1.204238
v 0.885673 0.204141 1.168006
v 1.045424 0.204141 1.045424
v 1.045424 0.795859 1.045424
v 0.885673 0.795859 1.168006
v 1.015538 0.204141 1.015538
v 0.864540 0.204141 1.131403
v 0.864540 0.795859 1.131403
v 1.015538 0.795859 1.015538
v 0.864540 0.795859 1.131403
v 0.885673 0.795859 1.168006
v 1.045424 0.795859 1.045424
v 1.015538 0.795859 1.015538
v 1.015538 0.204141 1.015538
v 1.045424 0.204141 1.045424
v 0.885673 0.204141 1.168006
v 0.864540 0.204141 1.131403
v 1.045424 0.204141 1.045424
v 1.168006 0.204141 0.885673
v 1.168006 0.795859 0.885673
v 1.045424 0.795859 1.045424
v 1.131403 0.204141 0.864540
v 1.015538 0.204141 1.015538
v 1.015538 0.795859 1.015538
v 1.131403 0.795859 0.864540
v 1.015538 0.795859 1.015538
v 1.045424 0.795859 1.045424
v 1.168006 0.795859 0.885673
v 1.131403 0.795859 0.864540
v 1.131403 0.204141 0.864540
v 1.168006 0.204141 0.885673
v 1.045424 0.204141 1.045424
v 1.015538 0.204141 1.015538
v 1.168006 0.204141 0.885673
v 1.245064 0.204141 0.699639
v 1.245064 0.795859 0.699639
v 1.168006 0.795859 0.885673
v 1.204238 0.204141 0.688700
v 1.131403 0.204141 0.864540
v 1.131403 0.795859 0.864540
v 1.204238 0.795859 0.688700
v 1.131403 0.795859 0.864540
v 1.168006 0.795859 0.885673
v 1.245064 0.795859 0.699639
v 1.204238 0.795859 0.688700
v 1.204238 0.204141 0.688700
v 1.245064 0.204141 0.699639
v 1.168006 0.204141 0.885673
v 1.131403 0.204141 0.864540
v 1.245064 0.204141 0.699639
v 1.271346 0.204141 0.500000
v 1.271346 0.795859 0.500000
v 1.245064 0.795859 0.699639
v 1.229081 0.204141 0.500000
v 1.204238 0.204141 0.688700
v 1.204238 0.795859 0.688700
v 1.229081 0.795859 0.500000
v 1.204238 0.795859 0.688700
v 1.245064 0.795859 0.699639
v 1.271346 0.795859 0.500000
v 1.229081 0.795859 0.500000
v 1.229081 0.204141 0.500000
v 1.271346 0.204141 0.500000
v 1.245064 0.204141 0.699639
v 1.204238 0.204141 0.688700
v 1.229081 0.168215 0.500000
v 1.173583 0.168215 0.220993
v 1.173583 0.205198 0.220993
v 1.229081 0.205198 0.500000
v 1.007628 0.168215 0.289734
v 1.049452 0.168215 0.500000
v 1.049452 0.205198 0.500000
v 1.007628 0.205198 0.289734
v 1.049452 0.205198 0.500000
v 1.229081 0.205198 0.500000
v 1.173583 0.205198 0.220993
v 1.007628 0.205198 0.289734
v 1.007628 0.168215 0.289734
v 1.173583 0.168215 0.220993
v 1.229081 0.168215 0.500000
v 1.049452 0.168215 0.500000
v 1.173583 0.168215 0.220993
v 1.015538 0.168215 -0.015538
v 1.015538 0.205198 -0.015538
v 1.173583 0.205198 0.220993
v 0.888521 0.168215 0.111479
v 1.007628 0.168215 0.289734
v 1.007628 0.205198 0.289734
v 0.888521 0.205198 0.111479
v 1.007628 0.205198 0.289734
v 1.173583 0.205198 0.220993
v 1.015538 0.205198 -0.015538
v 0.888521 0.205198 0.111479
v 0.888521 0.168215 0.111479
v 1.015538 0.168215 -0.015538
v 1.173583 0.168215 0.220993
v 1.007628 0.168215 0.289734
v 1.015538 0.168215 -0.015538
v 0.779007 0.168215 -0.173583
v 0.779007 0.205198 -0.173583
v 1.015538 0.205198 -0.015538
v 0.710266 0.168215 -0.007628
v 0.888521 0.168215 0.111479
v 0.888521 0.205198 0.111479
v 0.710266 0.205198 -0.007628
v 0.888521 0.205198 0.111479
v 1.015538 0.205198 -0.015538
v 0.779007 0.205198 -0.173583
v 0.710266 0.205198 -0.007628
v 0.710266 0.168215 -0.007628
v 0.779007 0.168215 -0.173583
v 1.015538 0.168215 -0.015538
v 0.888521 0.168215 0.111479
v 0.779007 0.168215 -0.173583
v 0.500000 0.168215 -0.229081
v 0.500000 0.205198 -0.229081
v 0.779007 0.205198 -0.173583
v 0.500000 0.168215 -0.049452
v 0.710266 0.168215 -0.007628
v 0.710266 0.205198 -0.007628
v 0.500000 0.205198 -0.049452
v 0.710266 0.205198 -0.007628
v 0.779007 0.205198 -0.173583
v 0.500000 0.205198 -0.229081
v 0.500000 0.205198 -0.049452
v 0.500000 0.168215 -0.049452
v 0.500000 0.168215 -0.229081
v 0.779007 0.168215 -0.173583
v 0.710266 0.168215 -0.007628
v 0.500000 0.168215 -0.229081
v 0.220993 0.168215 -0.173583
v 0.220993 0.205198 -0.173583
v 0.500000 0.205198 -0.229081
v 0.289734 0.168215 -0.007628
v 0.500000 0.168215 -0.049452
v 0.500000 0.205198 -0.049452
v 0.289734 0.205198 -0.007628
v 0.500000 0.205198 -0.049452
v 0.500000 0.205198 -0.229081
v 0.220993 0.205198 -0.173583
v 0.289734 0.205198 -0.007628
v 0.289734 0.168215 -0.007628
v 0.220993 0.168215 -0.173583
v 0.500000 0.168215 -0.229081
v 0.500000 0.168215 -0.049452
v 0.220993 0.168215 -0.173583
v -0.015538 0.168215 -0.015538
v -0.015538 0.205198 -0.015538
v 0.220993 0.205198 -0.173583
v 0.111479 0.168215 0.111479
v 0.289734 0.168215 -0.007628
v 0.289734 0.205198 -0.007628
v 0.111479 0.205198 0.111479
v 0.289734 0.205198 -0.007628
v 0.220993 0.205198 -0.173583
v -0.015538 0.205198 -0.015538
v 0.111479 0.205198 0.111479
v 0.111479 0.168215 0.111479
v -0.015538 0.168215 -0.015538
v 0.220993 0.168215 -0.173583
v 0.289734 0.168215 -0.007628
v -0.015538 0.168215 -0.015538
v -0.173583 0.168215 0.220993
v -0.173583 0.205198 0.220993
v -0.015538 0.205198 -0.015538
v -0.007628 0.168215 0.289734
v 0.111479 0.168215 0.111479
v 0.111479 0.205198 0.111479
v -0.007628 0.205198 0.289734
v 0.111479 0.205198 0.111479
v -0.015538 0.205198 -0.015538
v -0.173583 0.205198 0.220993
v -0.007628 0.205198 0.289734
v -0.007628 0.168215 0.289734
v -0.173583 0.168215 0.220993
v -0.015538 0.168215 -0.015538
v 0.111479 0.168215 0.111479
v -0.173583 0.168215 0.220993
v -0.229081 0.168215 0.500000
v -0.229081 0.205198 0.500000
v -0.173583 0.205198 0.220993
v -0.049452 0.168215 0.500000
v -0.007628 0.168215 0.289734
v -0.007628 0.205198 0.289734
v -0.049452 0.205198 0.500000
v -0.007628 0.205198 0.289734
v -0.173583 0.205198 0.220993
v -0.229081 0.205198 0.500000
v -0.049452 0.205198 0.500000
v -0.049452 0.168215 0.500000
v -0.229081 0.168215 0.500000
v -0.173583 0.168215 0.220993
v -0.007628 0.168215 0.289734
v -0.229081 0.168215 0.500000
v -0.173583 0.168215 0.779007
v -0.173583 0.205198 0.779007
v -0.229081 0.205198 0.500000
v -0.007628 0.168215 0.710266
v -0.049452 0.168215 0.500000
v -0.049452 0.205198 0.500000
v -0.007628 0.205198 0.710266
v -0.049452 0.205198 0.500000
v -0.229081 0.205198 0.500000
v -0.173583 0.205198 0.779007
v -0.007628 0.205198 0.710266
v -0.007628 0.168215 0.710266
v -0.173583 0.168215 0.779007
v -0.229081 0.168215 0.500000
v -0.049452 0.168215 0.500000
v -0.173583 0.168215 0.779007
v -0.015538 0.168215 1.015538
v -0.015538 0.205198 1.015538
v -0.173583 0.205198 0.779007
v 0.111479 0.168215 0.888521
v -0.007628 0.168215 0.710266
v -0.007628 0.205198 0.710266
v 0.111479 0.205198 0.888521
v -0.007628 0.205198 0.710266
v -0.173583 0.205198 0.779007
v -0.015538 0.205198 1.015538
v 0.111479 0.205198 0.888521
v 0.111479 0.168215 0.888521
v -0.015538 0.168215 1.015538
v -0.173583 0.168215 0.779007
v -0.007628 0.168215 0.710266
v -0.015538 0.168215 1.015538
v 0.220993 0.168215 1.173583
v 0.220993 0.205198 1.173583
v -0.015538 0.205198 1.015538
v 0.289734 0.168215 1.007628
v 0.111479 0.168215 0.888521
v 0.111479 0.205198 0.888521
v 0.289734 0.205198 1.007628
v 0.111479 0.205198 0.888521
v -0.015538 0.205198 1.015538
v 0.220993 0.205198 1.173583
v 0.289734 0.205198 1.007628
v 0.289734 0.168215 1.007628
v 0.220993 0.168215 1.173583
v -0.015538 0.168215 1.015538
v 0.111479 0.168215 0.888521
v 0.220993 0.168215 1.173583
v 0.500000 0.168215 1.229081
v 0.500000 0.205198 1.229081
v 0.220993 0.205198 1.173583
v 0.500000 0.168215 1.049452
v 0.289734 0.168215 1.007628
v 0.289734 0.205198 1.007628
v 0.500000 0.205198 1.049452
v 0.289734 0.205198 1.007628
v 0.220993 0.205198 1.173583
v 0.500000 0.205198 1.229081
v 0.500000 0.205198 1.049452
v 0.500000 0.168215 1.049452
v 0.500000 0.168215 1.229081
v 0.220993 0.168215 1.173583
v 0.289734 0.168215 1.007628
v 0.500000 0.168215 1.229081
v 0.779007 0.168215 1.173583
v 0.779007 0.205198 1.173583
v 0.500000 0.205198 1.229081
v 0.710266 0.168215 1.007628
v 0.500000 0.168215 1.049452
v 0.500000 0.205198 1.049452
v 0.710266 0.205198 1.007628
v 0.500000 0.205198 1.049452
v 0.500000 0.205198 1.229081
v 0.779007 0.205198 1.173583
v 0.710266 0.205198 1.007628
v 0.710266 0.168215 1.007628
v 0.779007 0.168215 1.173583
v 0.500000 0.168215 1.229081
v 0.500000 0.168215 1.049452
v 0.779007 0.168215 1.173583
v 1.015538 0.168215 1.015538
v 1.015538 0.205198 1.015538
v 0.779007 0.205198 1.173583
v 0.888521 0.168215 0.888521
v 0.710266 0.168215 1.007628
v 0.710266 0.205198 1.007628
v 0.888521 0.205198 0.888521
v 0.710266 0.205198 1.007628
v 0.779007 0.205198 1.173583
v 1.015538 0.205198 1.015538
v 0.888521 0.205198 0.888521
v 0.888521 0.168215 0.888521
v 1.015538 0.168215 1.015538
v 0.779007 0.168215 1.173583
v 0.710266 0.168215 1.007628
v 1.015538 0.168215 1.015538
v 1.173583 0.168215 0.779007
v 1.173583 0.205198 0.779007
v 1.015538 0.205198 1.015538
v 1.007628 0.168215 0.710266
v 0.888521 0.168215 0.888521
v 0.888521 0.205198 0.888521
v 1.007628 0.205198 0.710266
v 0.888521 0.205198 0.888521
v 1.015538 0.205198 1.015538
v 1.173583 0.205198 0.779007
v 1.007628 0.205198 0.710266
v 1.007628 0.168215 0.710266
v 1.173583 0.168215 0.779007
v 1.015538 0.168215 1.015538
v 0.888521 0.168215 0.888521
v 1.173583 0.168215 0.779007
v 1.229081 0.168215 0.500000
v 1.229081 0.205198 0.500000
v 1.173583 0.205198 0.779007
v 1.049452 0.168215 0.500000
v 1.007628 0.168215 0.710266
v 1.007628 0.205198 0.710266
v 1.049452 0.205198 0.500000
v 1.007628 0.205198 0.710266
v 1.173583 0.205198 0.779007
v 1.229081 0.205198 0.500000
v 1.049452 0.205198 0.500000
v 1.049452 0.168215 0.500000
v 1.229081 0.168215 0.500000
v 1.173583 0.168215 0.779007
v 1.007628 0.168215 0.710266
v 1.229081 0.794802 0.500000
v 1.173583 0.794802 0.220993
v 1.173583 0.831785 0.220993
v 1.229081 0.831785 0.500000
v 1.007628 0.794802 0.289734
v 1.049452 0.794802 0.500000
v 1.049452 0.831785 0.500000
v 1.007628 0.831785 0.289734
v 1.049452 0.831785 0.500000
v 1.229081 0.831785 0.500000
v 1.173583 0.831785 0.220993
v 1.007628 0.831785 0.289734
v 1.007628 0.794802 0.289734
v 1.173583 0.794802 0.220993
v 1.229081 0.794802 0.500000
v 1.049452 0.794802 0.500000
v 1.173583 0.794802 0.220993
v 1.015538 0.794802 -0.015538
v 1.015538 0.831785 -0.015538
v 1.173583 0.831785 0.220993
v 0.888521 0.794802 0.111479
v 1.007628 0.794802 0.289734
v 1.007628 0.831785 0.289734
v 0.888521 0.831785 0.111479
v 1.007628 0.831785 0.289734
v 1.173583 0.831785 0.220993
v 1.015538 0.831785 -0.015538
v 0.888521 0.831785 0.111479
v 0.888521 0.794802 0.111479
v 1.015538 0.794802 -0.015538
v 1.173583 0.794802 0.220993
v 1.007628 0.794802 0.289734
v 1.015538 0.794802 -0.015538
v 0.779007 0.794802 -0.173583
v 0.779007 0.831785 -0.173583
v 1.015538 0.831785 -0.015538
v 0.710266 0.794802 -0.007628
v 0.888521 0.794802 0.111479
v 0.888521 0.831785 0.111479
v 0.710266 0.831785 -0.007628
v 0.888521 0.831785 0.111479
v 1.015538 0.831785 -0.015538
v 0.779007 0.831785 -0.173583
v 0.710266 0.831785 -0.007628
v 0.710266 0.794802 -0.007628
v 0.779007 0.794802 -0.173583
v 1.015538 0.794802 -0.015538
v 0.888521 0.794802 0.111479
v 0.779007 0.794802 -0.173583
v 0.500000 0.794802 -0.229081
v 0.500000 0.831785 -0.229081
v 0.779007 0.831785 -0.173583
v 0.500000 0.794802 -0.049452
v 0.710266 0.794802 -0.007628
v 0.710266 0.831785 -0.007628
v 0.500000 0.831785 -0.049452
v 0.710266 0.831785 -0.007628
v 0.779007 0.831785 -0.173583
v 0.500000 0.831785 -0.229081
v 0.500000 0.831785 -0.049452
v 0.500000 0.794802 -0.049452
v 0.500000 0.794802 -0.229081
v 0.779007 0.794802 -0.173583
v 0.710266 0.794802 -0.007628
v 0.500000 0.794802 -0.229081
v 0.220993 0.794802 -0.173583
v 0.220993 0.831785 -0.173583
v 0.500000 0.831785 -0.229081
v 0.289734 0.794802 -0.007628
v 0.500000 0.794802 -0.049452
v 0.500000 0.831785 -0.049452
v 0.289734 0.831785 -0.007628
v 0.500000 0.831785 -0.049452
v 0.500000 0.831785 -0.229081
v 0.220993 0.831785 -0.173583
v 0.289734 0.831785 -0.007628
v 0.289734 0.794802 -0.007628
v 0.220993 0.794802 -0.173583
v 0.500000 0.794802 -0.229081
v 0.500000 0.794802 -0.049452
v 0.220993 0.794802 -0.173583
v -0.015538 0.794802 -0.015538
v -0.015538 0.831785 -0.015538
v 0.220993 0.831785 -0.173583
v 0.111479 0.794802 0.111479
v 0.289734 0.794802 -0.007628
v 0.289734 0.831785 -0.007628
v 0.111479 0.831785 0.111479
v 0.289734 0.831785 -0.007628
v 0.220993 0.831785 -0.173583
v -0.015538 0.831785 -0.015538
v 0.111479 0.831785 0.111479
v 0.111479 0.794802 0.111479
v -0.015538 0.794802 -0.015538
v 0.220993 0.794802 -0.173583
v 0.289734 0.794802 -0.007628
v -0.015538 0.794802 -0.015538
v -0.173583 0.794802 0.220993
v -0.173583 0.831785 0.220993
v -0.015538 0.831785 -0.015538
v -0.007628 0.794802 0.289734
v 0.111479 0.794802 0.111479
v 0.111479 0.831785 0.111479
v -0.007628 0.831785 0.289734
v 0.111479 0.831785 0.111479
v -0.015538 0.831785 -0.015538
v -0.173583 0.831785 0.220993
v -0.007628 0.831785 0.289734
v -0.007628 0.794802 0.289734
v -0.173583 0.794802 0.220993
v -0.015538 0.794802 -0.015538
v 0.111479 0.794802 0.111479
v -0.173583 0.794802 0.220993
v -0.229081 0.794802 0.500000
v -0.229081 0.831785 0.500000
v -0.173583 0.831785 0.220993
v -0.049452 0.794802 0.500000
v -0.007628 0.794802 0.289734
v -0.007628 0.831785 0.289734
v -0.049452 0.831785 0.500000
v -0.007628 0.831785 0.289734
v -0.173583 0.831785 0.220993
v -0.229081 0.831785 0.500000
v -0.049452 0.831785 0.500000
v -0.049452 0.794802 0.500000
v -0.229081 0.794802 0.500000
v -0.173583 0.794802 0.220993
v -0.007628 0.794802 0.289734
v -0.229081 0.794802 0.500000
v -0.173583 0.794802 0.779007
v -0.173583 0.831785 0.779007
v -0.229081 0.831785 0.500000
v -0.007628 0.794802 0.710266
v -0.049452 0.794802 0.500000
v -0.049452 0.831785 0.500000
v -0.007628 0.831785 0.710266
v -0.049452 0.831785 0.500000
v -0.229081 0.831785 0.500000
v -0.173583 0.831785 0.779007
v -0.007628 0.831785 0.710266
v -0.007628 0.794802 0.710266
v -0.173583 0.794802 0.779007
v -0.229081 0.794802 0.500000
v -0.049452 0.794802 0.500000
v -0.173583 0.794802 0.779007
v -0.015538 0.794802 1.015538
v -0.015538 0.831785 1.015538
v -0.173583 0.831785 0.779007
v 0.111479 0.794802 0.888521
v -0.007628 0.794802 0.710266
v -0.007628 0.831785 0.710266
v 0.111479 0.831785 0.888521
v -0.007628 0.831785 0.710266
v -0.173583 0.831785 0.779007
v -0.015538 0.831785 1.015538
v 0.111479 0.831785 0.888521
v 0.111479 0.794802 0.888521
v -0.015538 0.794802 1.015538
v -0.173583 0.794802 0.779007
v -0.007628 0.794802 0.710266
v -0.015538 0.794802 1.015538
v 0.220993 0.794802 1.173583
v 0.220993 0.831785 1.173583
v -0.015538 0.831785 1.015538
v 0.289734 0.794802 1.007628
v 0.111479 0.794802 0.888521
v 0.111479 0.831785 0.888521
v 0.289734 0.831785 1.007628
v 0.111479 0.831785 0.888521
v -0.015538 0.831785 1.015538
v 0.220993 0.831785 1.173583
v 0.289734 0.831785 1.007628
v 0.289734 0.794802 1.007628
v 0.220993 0.794802 1.173583
v -0.015538 0.794802 1.015538
v 0.111479 0.794802 0.888521
v 0.220993 0.794802 1.173583
v 0.500000 0.794802 1.229081
v 0.500000 0.831785 1.229081
v 0.220993 0.831785 1.173583
v 0.500000 0.794802 1.049452
v 0.289734 0.794802 1.007628
v 0.289734 0.831785 1.007628
v 0.500000 0.831785 1.049452
v 0.289734 0.831785 1.007628
v 0.220993 0.831785 1.173583
v 0.500000 0.831785 1.229081
v 0.500000 0.831785 1.049452
v 0.500000 0.794802 1.049452
v 0.500000 0.794802 1.229081
v 0.220993 0.794802 1.173583
v 0.289734 0.794802 1.007628
v 0.500000 0.794802 1.229081
v 0.779007 0.794802 1.173583
v 0.779007 0.831785 1.173583
v 0.500000 0.831785 1.229081
v 0.710266 0.794802 1.007628
v 0.500000 0.794802 1.049452
v 0.500000 0.831785 1.049452
v 0.710266 0.831785 1.007628
v 0.500000 0.831785 1.049452
v 0.500000 0.831785 1.229081
v 0.779007 0.831785 1.173583
v 0.710266 0.831785 1.007628
v 0.710266 0.794802 1.007628
v 0.779007 0.794802 1.173583
v 0.500000 0.794802 1.229081
v 0.500000 0.794802 1.049452
v 0.779007 0.794802 1.173583
v 1.015538 0.794802 1.015538
v 1.015538 0.831785 1.015538
v 0.779007 0.831785 1.173583
v 0.888521 0.794802 0.888521
v 0.710266 0.794802 1.007628
v 0.710266 0.831785 1.007628
v 0.888521 0.831785 0.888521
v 0.710266 0.831785 1.007628
v 0.779007 0.831785 1.173583
v 1.015538 0.831785 1.015538
v 0.888521 0.831785 0.888521
v 0.888521 0.794802 0.888521
v 1.015538 0.794802 1.015538
v 0.779007 0.794802 1.173583
v 0.710266 0.794802 1.007628
v 1.015538 0.794802 1.015538
v 1.173583 0.794802 0.779007
v 1.173583 0.831785 0.779007
v 1.015538 0.831785 1.015538
v 1.007628 0.794802 0.710266
v 0.888521 0.794802 0.888521
v 0.888521 0.831785 0.888521
v 1.007628 0.831785 0.710266
v 0.888521 0.831785 0.888521
v 1.015538 0.831785 1.015538
v 1.173583 0.831785 0.779007
v 1.007628 0.831785 0.710266
v 1.007628 0.794802 0.710266
v 1.173583 0.794802 0.779007
v 1.015538 0.794802 1.015538
v 0.888521 0.794802 0.888521
v 1.173583 0.794802 0.779007
v 1.229081 0.794802 0.500000
v 1.229081 0.831785 0.500000
v 1.173583 0.831785 0.779007
v 1.049452 0.794802 0.500000
v 1.007628 0.794802 0.710266
v 1.007628 0.831785 0.710266
v 1.049452 0.831785 0.500000
v 1.007628 0.831785 0.710266
v 1.173583 0.831785 0.779007
v 1.229081 0.831785 0.500000
v 1.049452 0.831785 0.500000
v 1.049452 0.794802 0.500000
v 1.229081 0.794802 0.500000
v 1.173583 0.794802 0.779007
v 1.007628 0.794802 0.710266
v 0.377430 0.199915 -0.192099
v 0.377430 0.199915 -0.387577
v 0.622570 0.199915 -0.387577
v 0.622570 0.199915 -0.192099
v 0.377430 0.347844 -0.192099
v 0.622570 0.347844 -0.192099
v 0.622570 0.347844 -0.387577
v 0.377430 0.347844 -0.387577
v 0.377430 0.199915 -0.192099
v 0.622570 0.199915 -0.192099
v 0.622570 0.347844 -0.192099
v 0.377430 0.347844 -0.192099
v 0.377430 0.199915 -0.387577
v 0.377430 0.347844 -0.387577
v 0.622570 0.347844 -0.387577
v 0.622570 0.199915 -0.387577
v 0.377430 0.199915 -0.192099
v 0.377430 0.347844 -0.192099
v 0.377430 0.347844 -0.387577
v 0.377430 0.199915 -0.387577
v 0.622570 0.199915 -0.192099
v 0.622570 0.199915 -0.387577
v 0.622570 0.347844 -0.387577
v 0.622570 0.347844 -0.192099
v 0.295475 0.253803 -0.171144
v 0.269960 0.253803 -0.364950
v 0.498336 0.253803 -0.395017
v 0.523851 0.253803 -0.201211
v 0.295475 0.401733 -0.171144
v 0.523851 0.401733 -0.201211
v 0.498336 0.401733 -0.395017
v 0.269960 0.401733 -0.364950
v 0.295475 0.253803 -0.171144
v 0.523851 0.253803 -0.201211
v 0.523851 0.401733 -0.201211
v 0.295475 0.401733 -0.171144
v 0.269960 0.253803 -0.364950
v 0.269960 0.401733 -0.364950
v 0.498336 0.401733 -0.395017
v 0.498336 0.253803 -0.395017
v 0.295475 0.253803 -0.171144
v 0.295475 0.401733 -0.171144
v 0.269960 0.401733 -0.364950
v 0.269960 0.253803 -0.364950
v 0.523851 0.253803 -0.201211
v 0.498336 0.253803 -0.395017
v 0.498336 0.401733 -0.395017
v 0.523851 0.401733 -0.201211
v 0.216767 0.307692 -0.140621
v 0.166173 0.307692 -0.329439
v 0.374383 0.307692 -0.385228
v 0.424976 0.307692 -0.196411
v 0.216767 0.455621 -0.140621
v 0.424976 0.455621 -0.196411
v 0.374383 0.455621 -0.385228
v 0.166173 0.455621 -0.329439
v 0.216767 0.307692 -0.140621
v 0.424976 0.307692 -0.196411
v 0.424976 0.455621 -0.196411
v 0.216767 0.455621 -0.140621
v 0.166173 0.307692 -0.329439
v 0.166173 0.455621 -0.329439
v 0.374383 0.455621 -0.385228
v 0.374383 0.307692 -0.385228
v 0.216767 0.307692 -0.140621
v 0.216767 0.455621 -0.140621
v 0.166173 0.455621 -0.329439
v 0.166173 0.307692 -0.329439
v 0.424976 0.307692 -0.196411
v 0.374383 0.307692 -0.385228
v 0.374383 0.455621 -0.385228
v 0.424976 0.455621 -0.196411
v 0.142406 0.361580 -0.101002
v 0.067599 0.361580 -0.281600
v 0.253079 0.361580 -0.358428
v 0.327885 0.361580 -0.177830
v 0.142406 0.509510 -0.101002
v 0.327885 0.509510 -0.177830
v 0.253079 0.509510 -0.358428
v 0.067599 0.509510 -0.281600
v 0.142406 0.361580 -0.101002
v 0.327885 0.361580 -0.177830
v 0.327885 0.509510 -0.177830
v 0.142406 0.509510 -0.101002
v 0.067599 0.361580 -0.281600
v 0.067599 0.509510 -0.281600
v 0.253079 0.509510 -0.358428
v 0.253079 0.361580 -0.358428
v 0.142406 0.361580 -0.101002
v 0.142406 0.509510 -0.101002
v 0.067599 0.509510 -0.281600
v 0.067599 0.361580 -0.281600
v 0.327885 0.361580 -0.177830
v 0.253079 0.361580 -0.358428
v 0.253079 0.509510 -0.358428
v 0.327885 0.509510 -0.177830
v 0.073424 0.415469 -0.052883
v -0.024315 0.415469 -0.222172
v 0.136738 0.415469 -0.315156
v 0.234477 0.415469 -0.145867
v 0.073424 0.563398 -0.052883
v 0.234477 0.563398 -0.145867
v 0.136738 0.563398 -0.315156
v -0.024315 0.563398 -0.222172
v 0.073424 0.415469 -0.052883
v 0.234477 0.415469 -0.145867
v 0.234477 0.563398 -0.145867
v 0.073424 0.563398 -0.052883
v -0.024315 0.415469 -0.222172
v -0.024315 0.563398 -0.222172
v 0.136738 0.563398 -0.315156
v 0.136738 0.415469 -0.315156
v 0.073424 0.415469 -0.052883
v 0.073424 0.563398 -0.052883
v -0.024315 0.563398 -0.222172
v -0.024315 0.415469 -0.222172
v 0.234477 0.415469 -0.145867
v 0.136738 0.415469 -0.315156
v 0.136738 0.563398 -0.315156
v 0.234477 0.563398 -0.145867
v 0.377430 0.652156 -0.192099
v 0.377430 0.652156 -0.387577
v 0.622570 0.652156 -0.387577
v 0.622570 0.652156 -0.192099
v 0.377430 0.800085 -0.192099
v 0.622570 0.800085 -0.192099
v 0.622570 0.800085 -0.387577
v 0.377430 0.800085 -0.387577
v 0.377430 0.652156 -0.192099
v 0.622570 0.652156 -0.192099
v 0.622570 0.800085 -0.192099
v 0.377430 0.800085 -0.192099
v 0.377430 0.652156 -0.387577
v 0.377430 0.800085 -0.387577
v 0.622570 0.800085 -0.387577
v 0.622570 0.652156 -0.387577
v 0.377430 0.652156 -0.192099
v 0.377430 0.800085 -0.192099
v 0.377430 0.800085 -0.387577
v 0.377430 0.652156 -0.387577
v 0.622570 0.652156 -0.192099
v 0.622570 0.652156 -0.387577
v 0.622570 0.800085 -0.387577
v 0.622570 0.800085 -0.192099
v 0.295475 0.598267 -0.171144
v 0.269960 0.598267 -0.364950
v 0.498336 0.598267 -0.395017
v 0.523851 0.598267 -0.201211
v 0.295475 0.746197 -0.171144
v 0.523851 0.746197 -0.201211
v 0.498336 0.746197 -0.395017
v 0.269960 0.746197 -0.364950
v 0.295475 0.598267 -0.171144
v 0.523851 0.598267 -0.201211
v 0.523851 0.746197 -0.201211
v 0.295475 0.746197 -0.171144
v 0.269960 0.598267 -0.364950
v 0.269960 0.746197 -0.364950
v 0.498336 0.746197 -0.395017
v 0.498336 0.598267 -0.395017
v 0.295475 0.598267 -0.171144
v 0.295475 0.746197 -0.171144
v 0.269960 0.746197 -0.364950
v 0.269960 0.598267 -0.364950
v 0.523851 0.598267 -0.201211
v 0.498336 0.598267 -0.395017
v 0.498336 0.746197 -0.395017
v 0.523851 0.746197 -0.201211
v 0.216767 0.544379 -0.140621
v 0.166173 0.544379 -0.329439
v 0.374383 0.544379 -0.385228
v 0.424976 0.544379 -0.196411
v 0.216767 0.692308 -0.140621
v 0.424976 0.692308 -0.196411
v 0.374383 0.692308 -0.385228
v 0.166173 0.692308 -0.329439
v 0.216767 0.544379 -0.140621
v 0.424976 0.544379 -0.196411
v 0.424976 0.692308 -0.196411
v 0.216767 0.692308 -0.140621
v 0.166173 0.544379 -0.329439
v 0.166173 0.692308 -0.329439
v 0.374383 0.692308 -0.385228
v 0.374383 0.544379 -0.385228
v 0.216767 0.544379 -0.140621
v 0.216767 0.692308 -0.140621
v 0.166173 0.692308 -0.329439
v 0.166173 0.544379 -0.329439
v 0.424976 0.544379 -0.196411
v 0.374383 0.544379 -0.385228
v 0.374383 0.692308 -0.385228
v 0.424976 0.692308 -0.196411
v 0.142406 0.490490 -0.101002
v 0.067599 0.490490 -0.281600
v 0.253079 0.490490 -0.358428
v 0.327885 0.490490 -0.177830
v 0.142406 0.638420 -0.101002
v 0.327885 0.638420 -0.177830
v 0.253079 0.638420 -0.358428
v 0.067599 0.638420 -0.281600
v 0.142406 0.490490 -0.101002
v 0.327885 0.490490 -0.177830
v 0.327885 0.638420 -0.177830
v 0.142406 0.638420 -0.101002
v 0.067599 0.490490 -0.281600
v 0.067599 0.638420 -0.281600
v 0.253079 0.638420 -0.358428
v 0.253079 0.490490 -0.358428
v 0.142406 0.490490 -0.101002
v 0.142406 0.638420 -0.101002
v 0.067599 0.638420 -0.281600
v 0.067599 0.490490 -0.281600
v 0.327885 0.490490 -0.177830
v 0.253079 0.490490 -0.358428
v 0.253079 0.638420 -0.358428
v 0.327885 0.638420 -0.177830
v 0.073424 0.436602 -0.052883
v -0.024315 0.436602 -0.222172
v 0.136738 0.436602 -0.315156
v 0.234477 0.436602 -0.145867
v 0.073424 0.584531 -0.052883
v 0.234477 0.584531 -0.145867
v 0.136738 0.584531 -0.315156
v -0.024315 0.584531 -0.222172
v 0.073424 0.436602 -0.052883
v 0.234477 0.436602 -0.145867
v 0.234477 0.584531 -0.145867
v 0.073424 0.584531 -0.052883
v -0.024315 0.436602 -0.222172
v -0.024315 0.584531 -0.222172
v 0.136738 0.584531 -0.315156
v 0.136738 0.436602 -0.315156
v 0.073424 0.436602 -0.052883
v 0.073424 0.584531 -0.052883
v -0.024315 0.584531 -0.222172
v -0.024315 0.436602 -0.222172
v 0.234477 0.436602 -0.145867
v 0.136738 0.436602 -0.315156
v 0.136738 0.584531 -0.315156
v 0.234477 0.584531 -0.145867
v 0.022711 0.199915 -0.015964
v -0.082973 0.199915 -0.180411
v 0.123252 0.199915 -0.312944
v 0.228936 0.199915 -0.148497
v 0.022711 0.347844 -0.015964
v 0.228936 0.347844 -0.148497
v 0.123252 0.347844 -0.312944
v -0.082973 0.347844 -0.180411
v 0.022711 0.199915 -0.015964
v 0.228936 0.199915 -0.148497
v 0.228936 0.347844 -0.148497
v 0.022711 0.347844 -0.015964
v -0.082973 0.199915 -0.180411
v -0.082973 0.347844 -0.180411
v 0.123252 0.347844 -0.312944
v 0.123252 0.199915 -0.312944
v 0.022711 0.199915 -0.015964
v 0.022711 0.347844 -0.015964
v -0.082973 0.347844 -0.180411
v -0.082973 0.199915 -0.180411
v 0.228936 0.199915 -0.148497
v 0.123252 0.199915 -0.312944
v 0.123252 0.347844 -0.312944
v 0.228936 0.347844 -0.148497
v -0.034906 0.253803 0.045972
v -0.161150 0.253803 -0.103273
v 0.014718 0.253803 -0.252036
v 0.140962 0.253803 -0.102791
v -0.034906 0.401733 0.045972
v 0.140962 0.401733 -0.102791
v 0.014718 0.401733 -0.252036
v -0.161150 0.401733 -0.103273
v -0.034906 0.253803 0.045972
v 0.140962 0.253803 -0.102791
v 0.140962 0.401733 -0.102791
v -0.034906 0.401733 0.045972
v -0.161150 0.253803 -0.103273
v -0.161150 0.401733 -0.103273
v 0.014718 0.401733 -0.252036
v 0.014718 0.253803 -0.252036
v -0.034906 0.253803 0.045972
v -0.034906 0.401733 0.045972
v -0.161150 0.401733 -0.103273
v -0.161150 0.253803 -0.103273
v 0.140962 0.253803 -0.102791
v 0.014718 0.253803 -0.252036
v 0.014718 0.401733 -0.252036
v 0.140962 0.401733 -0.102791
v -0.084617 0.307692 0.114203
v -0.229261 0.307692 -0.017288
v -0.084266 0.307692 -0.176788
v 0.060378 0.307692 -0.045297
v -0.084617 0.455621 0.114203
v 0.060378 0.455621 -0.045297
v -0.084266 0.455621 -0.176788
v -0.229261 0.455621 -0.017288
v -0.084617 0.307692 0.114203
v 0.060378 0.307692 -0.045297
v 0.060378 0.455621 -0.045297
v -0.084617 0.455621 0.114203
v -0.229261 0.307692 -0.017288
v -0.229261 0.455621 -0.017288
v -0.084266 0.455621 -0.176788
v -0.084266 0.307692 -0.176788
v -0.084617 0.307692 0.114203
v -0.084617 0.455621 0.114203
v -0.229261 0.455621 -0.017288
v -0.229261 0.307692 -0.017288
v 0.060378 0.307692 -0.045297
v -0.084266 0.307692 -0.176788
v -0.084266 0.455621 -0.176788
v 0.060378 0.455621 -0.045297
v -0.125754 0.361580 0.187735
v -0.286323 0.361580 0.076250
v -0.171825 0.361580 -0.088660
v -0.011255 0.361580 0.022826
v -0.125754 0.509510 0.187735
v -0.011255 0.509510 0.022826
v -0.171825 0.509510 -0.088660
v -0.286323 0.509510 0.076250
v -0.125754 0.361580 0.187735
v -0.011255 0.361580 0.022826
v -0.011255 0.509510 0.022826
v -0.125754 0.509510 0.187735
v -0.286323 0.361580 0.076250
v -0.286323 0.509510 0.076250
v -0.171825 0.509510 -0.088660
v -0.171825 0.361580 -0.088660
v -0.125754 0.361580 0.187735
v -0.125754 0.509510 0.187735
v -0.286323 0.509510 0.076250
v -0.286323 0.361580 0.076250
v -0.011255 0.361580 0.022826
v -0.171825 0.361580 -0.088660
v -0.171825 0.509510 -0.088660
v -0.011255 0.509510 0.022826
v -0.157770 0.415469 0.265510
v -0.331518 0.415469 0.175936
v -0.246302 0.415469 0.010641
v -0.072554 0.415469 0.100214
v -0.157770 0.563398 0.265510
v -0.072554 0.563398 0.100214
v -0.246302 0.563398 0.010641
v -0.331518 0.563398 0.175936
v -0.157770 0.415469 0.265510
v -0.072554 0.415469 0.100214
v -0.072554 0.563398 0.100214
v -0.157770 0.563398 0.265510
v -0.331518 0.415469 0.175936
v -0.331518 0.563398 0.175936
v -0.246302 0.563398 0.010641
v -0.246302 0.415469 0.010641
v -0.157770 0.415469 0.265510
v -0.157770 0.563398 0.265510
v -0.331518 0.563398 0.175936
v -0.331518 0.415469 0.175936
v -0.072554 0.415469 0.100214
v -0.246302 0.415469 0.010641
v -0.246302 0.563398 0.010641
v -0.072554 0.563398 0.100214
v 0.022711 0.652156 -0.015964
v -0.082973 0.652156 -0.180411
v 0.123252 0.652156 -0.312944
v 0.228936 0.652156 -0.148497
v 0.022711 0.800085 -0.015964
v 0.228936 0.800085 -0.148497
v 0.123252 0.800085 -0.312944
v -0.082973 0.800085 -0.180411
v 0.022711 0.652156 -0.015964
v 0.228936 0.652156 -0.148497
v 0.228936 0.800085 -0.148497
v 0.022711 0.800085 -0.015964
v -0.082973 0.652156 -0.180411
v -0.082973 0.800085 -0.180411
v 0.123252 0.800085 -0.312944
v 0.123252 0.652156 -0.312944
v 0.022711 0.652156 -0.015964
v 0.022711 0.800085 -0.015964
v -0.082973 0.800085 -0.180411
v -0.082973 0.652156 -0.180411
v 0.228936 0.652156 -0.148497
v 0.123252 0.652156 -0.312944
v 0.123252 0.800085 -0.312944
v 0.228936 0.800085 -0.148497
v -0.034906 0.598267 0.045972
v -0.161150 0.598267 -0.103273
v 0.014718 0.598267 -0.252036
v 0.140962 0.598267 -0.102791
v -0.034906 0.746197 0.045972
v 0.140962 0.746197 -0.102791
v 0.014718 0.746197 -0.252036
v -0.161150 0.746197 -0.103273
v -0.034906 0.598267 0.045972
v 0.140962 0.598267 -0.102791
v 0.140962 0.746197 -0.102791
v -0.034906 0.746197 0.045972
v -0.161150 0.598267 -0.103273
v -0.161150 0.746197 -0.103273
v 0.014718 0.746197 -0.252036
v 0.014718 0.598267 -0.252036
v -0.034906 0.598267 0.045972
v -0.034906 0.746197 0.045972
v -0.161150 0.746197 -0.103273
v -0.161150 0.598267 -0.103273
v 0.140962 0.598267 -0.102791
v 0.014718 0.598267 -0.252036
v 0.014718 0.746197 -0.252036
v 0.140962 0.746197 -0.102791
v -0.084617 0.544379 0.114203
v -0.229261 0.544379 -0.017288
v -0.084266 0.544379 -0.176788
v 0.060378 0.544379 -0.045297
v -0.084617 0.692308 0.114203
v 0.060378 0.692308 -0.045297
v -0.084266 0.692308 -0.176788
v -0.229261 0.692308 -0.017288
v -0.084617 0.544379 0.114203
v 0.060378 0.544379 -0.045297
v 0.060378 0.692308 -0.045297
v -0.084617 0.692308 0.114203
v -0.229261 0.544379 -0.017288
v -0.229261 0.692308 -0.017288
v -0.084266 0.692308 -0.176788
v -0.084266 0.544379 -0.176788
v -0.084617 0.544379 0.114203
v -0.084617 0.692308 0.114203
v -0.229261 0.692308 -0.017288
v -0.229261 0.544379 -0.017288
v 0.060378 0.544379 -0.045297
v -0.084266 0.544379 -0.176788
v -0.084266 0.692308 -0.176788
v 0.060378 0.692308 -0.045297
v -0.125754 0.490490 0.187735
v -0.286323 0.490490 0.076250
v -0.171825 0.490490 -0.088660
v -0.011255 0.490490 0.022826
v -0.125754 0.638420 0.187735
v -0.011255 0.638420 0.022826
v -0.171825 0.638420 -0.088660
v -0.286323 0.638420 0.076250
v -0.125754 0.490490 0.187735
v -0.011255 0.490490 0.022826
v -0.011255 0.638420 0.022826
v -0.125754 0.638420 0.187735
v -0.286323 0.490490 0.076250
v -0.286323 0.638420 0.076250
v -0.171825 0.638420 -0.088660
v -0.171825 0.490490 -0.088660
v -0.125754 0.490490 0.187735
v -0.125754 0.638420 0.187735
v -0.286323 0.638420 0.076250
v -0.286323 0.490490 0.076250
v -0.011255 0.490490 0.022826
v -0.171825 0.490490 -0.088660
v -0.171825 0.638420 -0.088660
v -0.011255 0.638420 0.022826
v -0.157770 0.436602 0.265510
v -0.331518 0.436602 0.175936
v -0.246302 0.436602 0.010641
v -0.072554 0.436602 0.100214
v -0.157770 0.584531 0.265510
v -0.072554 0.584531 0.100214
v -0.246302 0.584531 0.010641
v -0.331518 0.584531 0.175936
v -0.157770 0.436602 0.265510
v -0.072554 0.436602 0.100214
v -0.072554 0.584531 0.100214
v -0.157770 0.584531 0.265510
v -0.331518 0.436602 0.175936
v -0.331518 0.584531 0.175936
v -0.246302 0.584531 0.010641
v -0.246302 0.436602 0.010641
v -0.157770 0.436602 0.265510
v -0.157770 0.584531 0.265510
v -0.331518 0.584531 0.175936
v -0.331518 0.436602 0.175936
v -0.072554 0.436602 0.100214
v -0.246302 0.436602 0.010641
v -0.246302 0.584531 0.010641
v -0.072554 0.584531 0.100214
v -0.180472 0.199915 0.323986
v -0.358286 0.199915 0.242781
v -0.256451 0.199915 0.019794
v -0.078638 0.199915 0.100998
v -0.180472 0.347844 0.323986
v -0.078638 0.347844 0.100998
v -0.256451 0.347844 0.019794
v -0.358286 0.347844 0.242781
v -0.180472 0.199915 0.323986
v -0.078638 0.199915 0.100998
v -0.078638 0.347844 0.100998
v -0.180472 0.347844 0.323986
v -0.358286 0.199915 0.242781
v -0.358286 0.347844 0.242781
v -0.256451 0.347844 0.019794
v -0.256451 0.199915 0.019794
v -0.180472 0.199915 0.323986
v -0.180472 0.347844 0.323986
v -0.358286 0.347844 0.242781
v -0.358286 0.199915 0.242781
v -0.078638 0.199915 0.100998
v -0.256451 0.199915 0.019794
v -0.256451 0.347844 0.019794
v -0.078638 0.347844 0.100998
v -0.195457 0.253803 0.407239
v -0.382349 0.253803 0.349939
v -0.314827 0.253803 0.129710
v -0.127936 0.253803 0.187011
v -0.195457 0.401733 0.407239
v -0.127936 0.401733 0.187011
v -0.314827 0.401733 0.129710
v -0.382349 0.401733 0.349939
v -0.195457 0.253803 0.407239
v -0.127936 0.253803 0.187011
v -0.127936 0.401733 0.187011
v -0.195457 0.401733 0.407239
v -0.382349 0.253803 0.349939
v -0.382349 0.401733 0.349939
v -0.314827 0.401733 0.129710
v -0.314827 0.253803 0.129710
v -0.195457 0.253803 0.407239
v -0.195457 0.401733 0.407239
v -0.382349 0.401733 0.349939
v -0.382349 0.253803 0.349939
v -0.127936 0.253803 0.187011
v -0.314827 0.253803 0.129710
v -0.314827 0.401733 0.129710
v -0.127936 0.401733 0.187011
v -0.200389 0.307692 0.491514
v -0.393160 0.307692 0.459098
v -0.357415 0.307692 0.246528
v -0.164643 0.307692 0.278944
v -0.200389 0.455621 0.491514
v -0.164643 0.455621 0.278944
v -0.357415 0.455621 0.246528
v -0.393160 0.455621 0.459098
v -0.200389 0.307692 0.491514
v -0.164643 0.307692 0.278944
v -0.164643 0.455621 0.278944
v -0.200389 0.455621 0.491514
v -0.393160 0.307692 0.459098
v -0.393160 0.455621 0.459098
v -0.357415 0.455621 0.246528
v -0.357415 0.307692 0.246528
v -0.200389 0.307692 0.491514
v -0.200389 0.455621 0.491514
v -0.393160 0.455621 0.459098
v -0.393160 0.307692 0.459098
v -0.164643 0.307692 0.278944
v -0.357415 0.307692 0.246528
v -0.357415 0.455621 0.246528
v -0.164643 0.455621 0.278944
v -0.195240 0.361580 0.575614
v -0.390594 0.361580 0.568637
v -0.383428 0.361580 0.368004
v -0.188075 0.361580 0.374981
v -0.195240 0.509510 0.575614
v -0.188075 0.509510 0.374981
v -0.383428 0.509510 0.368004
v -0.390594 0.509510 0.568637
v -0.195240 0.361580 0.575614
v -0.188075 0.361580 0.374981
v -0.188075 0.509510 0.374981
v -0.195240 0.509510 0.575614
v -0.390594 0.361580 0.568637
v -0.390594 0.509510 0.568637
v -0.383428 0.509510 0.368004
v -0.383428 0.361580 0.368004
v -0.195240 0.361580 0.575614
v -0.195240 0.509510 0.575614
v -0.390594 0.509510 0.568637
v -0.390594 0.361580 0.568637
v -0.188075 0.361580 0.374981
v -0.383428 0.361580 0.368004
v -0.383428 0.509510 0.368004
v -0.188075 0.509510 0.374981
v -0.180126 0.415469 0.658351
v -0.374719 0.415469 0.676933
v -0.392396 0.415469 0.491806
v -0.197803 0.415469 0.473225
v -0.180126 0.563398 0.658351
v -0.197803 0.563398 0.473225
v -0.392396 0.563398 0.491806
v -0.374719 0.563398 0.676933
v -0.180126 0.415469 0.658351
v -0.197803 0.415469 0.473225
v -0.197803 0.563398 0.473225
v -0.180126 0.563398 0.658351
v -0.374719 0.415469 0.676933
v -0.374719 0.563398 0.676933
v -0.392396 0.563398 0.491806
v -0.392396 0.415469 0.491806
v -0.180126 0.415469 0.658351
v -0.180126 0.563398 0.658351
v -0.374719 0.563398 0.676933
v -0.374719 0.415469 0.676933
v -0.197803 0.415469 0.473225
v -0.392396 0.415469 0.491806
v -0.392396 0.563398 0.491806
v -0.197803 0.563398 0.473225
v -0.180472 0.652156 0.323986
v -0.358286 0.652156 0.242781
v -0.256451 0.652156 0.019794
v -0.078638 0.652156 0.100998
v -0.180472 0.800085 0.323986
v -0.078638 0.800085 0.100998
v -0.256451 0.800085 0.019794
v -0.358286 0.800085 0.242781
v -0.180472 0.652156 0.323986
v -0.078638 0.652156 0.100998
v -0.078638 0.800085 0.100998
v -0.180472 0.800085 0.323986
v -0.358286 0.652156 0.242781
v -0.358286 0.800085 0.242781
v -0.256451 0.800085 0.019794
v -0.256451 0.652156 0.019794
v -0.180472 0.652156 0.323986
v -0.180472 0.800085 0.323986
v -0.358286 0.800085 0.242781
v -0.358286 0.652156 0.242781
v -0.078638 0.652156 0.100998
v -0.256451 0.652156 0.019794
v -0.256451 0.800085 0.019794
v -0.078638 0.800085 0.100998
v -0.195457 0.598267 0.407239
v -0.382349 0.598267 0.349939
v -0.314827 0.598267 0.129710
v -0.127936 0.598267 0.187011
v -0.195457 0.746197 0.407239
v -0.127936 0.746197 0.187011
v -0.314827 0.746197 0.129710
v -0.382349 0.746197 0.349939
v -0.195457 0.598267 0.407239
v -0.127936 0.598267 0.187011
v -0.127936 0.746197 0.187011
v -0.195457 0.746197 0.407239
v -0.382349 0.598267 0.349939
v -0.382349 0.746197 0.349939
v -0.314827 0.746197 0.129710
v -0.314827 0.598267 0.129710
v -0.195457 0.598267 0.407239
v -0.195457 0.746197 0.407239
v -0.382349 0.746197 0.349939
v -0.382349 0.598267 0.349939
v -0.127936 0.598267 0.187011
v -0.314827 0.598267 0.129710
v -0.314827 0.746197 0.129710
v -0.127936 0.746197 0.187011
v -0.200389 0.544379 0.491514
v -0.393160 0.544379 0.459098
v -0.357415 0.544379 0.246528
v -0.164643 0.544379 0.278944
v -0.200389 0.692308 0.491514
v -0.164643 0.692308 0.278944
v -0.357415 0.692308 0.246528
v -0.393160 0.692308 0.459098
v -0.200389 0.544379 0.491514
v -0.164643 0.544379 0.278944
v -0.164643 0.692308 0.278944
v -0.200389 0.692308 0.491514
v -0.393160 0.544379 0.459098
v -0.393160 0.692308 0.459098
v -0.357415 0.692308 0.246528
v -0.357415 0.544379 0.246528
v -0.200389 0.544379 0.491514
v -0.200389 0.692308 0.491514
v -0.393160 0.692308 0.459098
v -0.393160 0.544379 0.459098
v -0.164643 0.544379 0.278944
v -0.357415 0.544379 0.246528
v -0.357415 0.692308 0.246528
v -0.164643 0.692308 0.278944
v -0.195240 0.490490 0.575614
v -0.390594 0.490490 0.568637
v -0.383428 0.490490 0.368004
v -0.188075 0.490490 0.374981
v -0.195240 0.638420 0.575614
v -0.188075 0.638420 0.374981
v -0.383428 0.638420 0.368004
v -0.390594 0.638420 0.568637
v -0.195240 0.490490 0.575614
v -0.188075 0.490490 0.374981
v -0.188075 0.638420 0.374981
v -0.195240 0.638420 0.575614
v -0.390594 0.490490 0.568637
v -0.390594 0.638420 0.568637
v -0.383428 0.638420 0.368004
v -0.383428 0.490490 0.368004
v -0.195240 0.490490 0.575614
v -0.195240 0.638420 0.575614
v -0.390594 0.638420 0.568637
v -0.390594 0.490490 0.568637
v -0.188075 0.490490 0.374981
v -0.383428 0.490490 0.368004
v -0.383428 0.638420 0.368004
v -0.188075 0.638420 0.374981
v -0.180126 0.436602 0.658351
v -0.374719 0.436602 0.676933
v -0.392396 0.436602 0.491806
v -0.197803 0.436602 0.473225
v -0.180126 0.584531 0.658351
v -0.197803 0.584531 0.473225
v -0.392396 0.584531 0.491806
v -0.374719 0.584531 0.676933
v -0.180126 0.436602 0.658351
v -0.197803 0.436602 0.473225
v -0.197803 0.584531 0.473225
v -0.180126 0.584531 0.658351
v -0.374719 0.436602 0.676933
v -0.374719 0.584531 0.676933
v -0.392396 0.584531 0.491806
v -0.392396 0.436602 0.491806
v -0.180126 0.436602 0.658351
v -0.180126 0.584531 0.658351
v -0.374719 0.584531 0.676933
v -0.374719 0.436602 0.676933
v -0.197803 0.436602 0.473225
v -0.392396 0.436602 0.491806
v -0.392396 0.584531 0.491806
v -0.197803 0.584531 0.473225
v -0.167610 0.199915 0.719818
v -0.361099 0.199915 0.747638
v -0.395986 0.199915 0.504993
v -0.202498 0.199915 0.477173
v -0.167610 0.347844 0.719818
v -0.202498 0.347844 0.477173
v -0.395986 0.347844 0.504993
v -0.361099 0.347844 0.747638
v -0.167610 0.199915 0.719818
v -0.202498 0.199915 0.477173
v -0.202498 0.347844 0.477173
v -0.167610 0.347844 0.719818
v -0.361099 0.199915 0.747638
v -0.361099 0.347844 0.747638
v -0.395986 0.347844 0.504993
v -0.395986 0.199915 0.504993
v -0.167610 0.199915 0.719818
v -0.167610 0.347844 0.719818
v -0.361099 0.347844 0.747638
v -0.361099 0.199915 0.747638
v -0.202498 0.199915 0.477173
v -0.395986 0.199915 0.504993
v -0.395986 0.347844 0.504993
v -0.202498 0.347844 0.477173
v -0.135206 0.253803 0.797957
v -0.323408 0.253803 0.850794
v -0.385670 0.253803 0.629021
v -0.197468 0.253803 0.576184
v -0.135206 0.401733 0.797957
v -0.197468 0.401733 0.576184
v -0.385670 0.401733 0.629021
v -0.323408 0.401733 0.850794
v -0.135206 0.253803 0.797957
v -0.197468 0.253803 0.576184
v -0.197468 0.401733 0.576184
v -0.135206 0.401733 0.797957
v -0.323408 0.253803 0.850794
v -0.323408 0.401733 0.850794
v -0.385670 0.401733 0.629021
v -0.385670 0.253803 0.629021
v -0.135206 0.253803 0.797957
v -0.135206 0.401733 0.797957
v -0.323408 0.401733 0.850794
v -0.323408 0.253803 0.850794
v -0.197468 0.253803 0.576184
v -0.385670 0.253803 0.629021
v -0.385670 0.401733 0.629021
v -0.197468 0.401733 0.576184
v -0.093792 0.307692 0.871520
v -0.273488 0.307692 0.948470
v -0.358341 0.307692 0.750320
v -0.178645 0.307692 0.673369
v -0.093792 0.455621 0.871520
v -0.178645 0.455621 0.673369
v -0.358341 0.455621 0.750320
v -0.273488 0.455621 0.948470
v -0.093792 0.307692 0.871520
v -0.178645 0.307692 0.673369
v -0.178645 0.455621 0.673369
v -0.093792 0.455621 0.871520
v -0.273488 0.307692 0.948470
v -0.273488 0.455621 0.948470
v -0.358341 0.455621 0.750320
v -0.358341 0.307692 0.750320
v -0.093792 0.307692 0.871520
v -0.093792 0.455621 0.871520
v -0.273488 0.455621 0.948470
v -0.273488 0.307692 0.948470
v -0.178645 0.307692 0.673369
v -0.358341 0.307692 0.750320
v -0.358341 0.455621 0.750320
v -0.178645 0.455621 0.673369
v -0.043993 0.361580 0.939486
v -0.212107 0.361580 1.039233
v -0.314550 0.361580 0.866575
v -0.146436 0.361580 0.766828
v -0.043993 0.509510 0.939486
v -0.146436 0.509510 0.766828
v -0.314550 0.509510 0.866575
v -0.212107 0.509510 1.039233
v -0.043993 0.361580 0.939486
v -0.146436 0.361580 0.766828
v -0.146436 0.509510 0.766828
v -0.043993 0.509510 0.939486
v -0.212107 0.361580 1.039233
v -0.212107 0.509510 1.039233
v -0.314550 0.509510 0.866575
v -0.314550 0.361580 0.866575
v -0.043993 0.361580 0.939486
v -0.043993 0.509510 0.939486
v -0.212107 0.509510 1.039233
v -0.212107 0.361580 1.039233
v -0.146436 0.361580 0.766828
v -0.314550 0.361580 0.866575
v -0.314550 0.509510 0.866575
v -0.146436 0.509510 0.766828
v 0.013453 0.415469 1.000917
v -0.140203 0.415469 1.121754
v -0.255162 0.415469 0.975573
v -0.101505 0.415469 0.854736
v 0.013453 0.563398 1.000917
v -0.101505 0.563398 0.854736
v -0.255162 0.563398 0.975573
v -0.140203 0.563398 1.121754
v 0.013453 0.415469 1.000917
v -0.101505 0.415469 0.854736
v -0.101505 0.563398 0.854736
v 0.013453 0.563398 1.000917
v -0.140203 0.415469 1.121754
v -0.140203 0.563398 1.121754
v -0.255162 0.563398 0.975573
v -0.255162 0.415469 0.975573
v 0.013453 0.415469 1.000917
v 0.013453 0.563398 1.000917
v -0.140203 0.563398 1.121754
v -0.140203 0.415469 1.121754
v -0.101505 0.415469 0.854736
v -0.255162 0.415469 0.975573
v -0.255162 0.563398 0.975573
v -0.101505 0.563398 0.854736
v -0.167610 0.652156 0.719818
v -0.361099 0.652156 0.747638
v -0.395986 0.652156 0.504993
v -0.202498 0.652156 0.477173
v -0.167610 0.800085 0.719818
v -0.202498 0.800085 0.477173
v -0.395986 0.800085 0.504993
v -0.361099 0.800085 0.747638
v -0.167610 0.652156 0.719818
v -0.202498 0.652156 0.477173
v -0.202498 0.800085 0.477173
v -0.167610 0.800085 0.719818
v -0.361099 0.652156 0.747638
v -0.361099 0.800085 0.747638
v -0.395986 0.800085 0.504993
v -0.395986 0.652156 0.504993
v -0.167610 0.652156 0.719818
v -0.167610 0.800085 0.719818
v -0.361099 0.800085 0.747638
v -0.361099 0.652156 0.747638
v -0.202498 0.652156 0.477173
v -0.395986 0.652156 0.504993
v -0.395986 0.800085 0.504993
v -0.202498 0.800085 0.477173
v -0.135206 0.598267 0.797957
v -0.323408 0.598267 0.850794
v -0.385670 0.598267 0.629021
v -0.197468 0.598267 0.576184
v -0.135206 0.746197 0.797957
v -0.197468 0.746197 0.576184
v -0.385670 0.746197 0.629021
v -0.323408 0.746197 0.850794
v -0.135206 0.598267 0.797957
v -0.197468 0.598267 0.576184
v -0.197468 0.746197 0.576184
v -0.135206 0.746197 0.797957
v -0.323408 0.598267 0.850794
v -0.323408 0.746197 0.850794
v -0.385670 0.746197 0.629021
v -0.385670 0.598267 0.629021
v -0.135206 0.598267 0.797957
v -0.135206 0.746197 0.797957
v -0.323408 0.746197 0.850794
v -0.323408 0.598267 0.850794
v -0.197468 0.598267 0.576184
v -0.385670 0.598267 0.629021
v -0.385670 0.746197 0.629021
v -0.197468 0.746197 0.576184
v -0.093792 0.544379 0.871520
v -0.273488 0.544379 0.948470
v -0.358341 0.544379 0.750320
v -0.178645 0.544379 0.673369
v -0.093792 0.692308 0.871520
v -0.178645 0.692308 0.673369
v -0.358341 0.692308 0.750320
v -0.273488 0.692308 0.948470
v -0.093792 0.544379 0.871520
v -0.178645 0.544379 0.673369
v -0.178645 0.692308 0.673369
v -0.093792 0.692308 0.871520
v -0.273488 0.544379 0.948470
v -0.273488 0.692308 0.948470
v -0.358341 0.692308 0.750320
v -0.358341 0.544379 0.750320
v -0.093792 0.544379 0.871520
v -0.093792 0.692308 0.871520
v -0.273488 0.692308 0.948470
v -0.273488 0.544379 0.948470
v -0.178645 0.544379 0.673369
v -0.358341 0.544379 0.750320
v -0.358341 0.692308 0.750320
v -0.178645 0.692308 0.673369
v -0.043993 0.490490 0.939486
v -0.212107 0.490490 1.039233
v -0.314550 0.490490 0.866575
v -0.146436 0.490490 0.766828
v -0.043993 0.638420 0.939486
v -0.146436 0.638420 0.766828
v -0.314550 0.638420 0.866575
v -0.212107 0.638420 1.039233
v -0.043993 0.490490 0.939486
v -0.146436 0.490490 0.766828
v -0.146436 0.638420 0.766828
v -0.043993 0.638420 0.939486
v -0.212107 0.490490 1.039233
v -0.212107 0.638420 1.039233
v -0.314550 0.638420 0.866575
v -0.314550 0.490490 0.866575
v -0.043993 0.490490 0.939486
v -0.043993 0.638420 0.939486
v -0.212107 0.638420 1.039233
v -0.212107 0.490490 1.039233
v -0.146436 0.490490 0.766828
v -0.314550 0.490490 0.866575
v -0.314550 0.638420 0.866575
v -0.146436 0.638420 0.766828
v 0.013453 0.436602 1.000917
v -0.140203 0.436602 1.121754
v -0.255162 0.436602 0.975573
v -0.101505 0.436602 0.854736
v 0.013453 0.584531 1.000917
v -0.101505 0.584531 0.854736
v -0.255162 0.584531 0.975573
v -0.140203 0.584531 1.121754
v 0.013453 0.436602 1.000917
v -0.101505 0.436602 0.854736
v -0.101505 0.584531 0.854736
v 0.013453 0.584531 1.000917
v -0.140203 0.436602 1.121754
v -0.140203 0.584531 1.121754
v -0.255162 0.584531 0.975573
v -0.255162 0.436602 0.975573
v 0.013453 0.436602 1.000917
v 0.013453 0.584531 1.000917
v -0.140203 0.584531 1.121754
v -0.140203 0.436602 1.121754
v -0.101505 0.436602 0.854736
v -0.255162 0.436602 0.975573
v -0.255162 0.584531 0.975573
v -0.101505 0.584531 0.854736
v 0.057213 0.199915 1.045861
v -0.090519 0.199915 1.173872
v -0.251052 0.199915 0.988607
v -0.103320 0.199915 0.860596
v 0.057213 0.347844 1.045861
v -0.103320 0.347844 0.860596
v -0.251052 0.347844 0.988607
v -0.090519 0.347844 1.173872
v 0.057213 0.199915 1.045861
v -0.103320 0.199915 0.860596
v -0.103320 0.347844 0.860596
v 0.057213 0.347844 1.045861
v -0.090519 0.199915 1.173872
v -0.090519 0.347844 1.173872
v -0.251052 0.347844 0.988607
v -0.251052 0.199915 0.988607
v 0.057213 0.199915 1.045861
v 0.057213 0.347844 1.045861
v -0.090519 0.347844 1.173872
v -0.090519 0.199915 1.173872
v -0.103320 0.199915 0.860596
v -0.251052 0.199915 0.988607
v -0.251052 0.347844 0.988607
v -0.103320 0.347844 0.860596
v 0.126719 0.253803 1.094076
v -0.003041 0.253803 1.240275
v -0.175319 0.253803 1.087369
v -0.045559 0.253803 0.941170
v 0.126719 0.401733 1.094076
v -0.045559 0.401733 0.941170
v -0.175319 0.401733 1.087369
v -0.003041 0.401733 1.240275
v 0.126719 0.253803 1.094076
v -0.045559 0.253803 0.941170
v -0.045559 0.401733 0.941170
v 0.126719 0.401733 1.094076
v -0.003041 0.253803 1.240275
v -0.003041 0.401733 1.240275
v -0.175319 0.401733 1.087369
v -0.175319 0.253803 1.087369
v 0.126719 0.253803 1.094076
v 0.126719 0.401733 1.094076
v -0.003041 0.401733 1.240275
v -0.003041 0.253803 1.240275
v -0.045559 0.253803 0.941170
v -0.175319 0.253803 1.087369
v -0.175319 0.401733 1.087369
v -0.045559 0.401733 0.941170
v 0.201329 0.307692 1.133571
v 0.091762 0.307692 1.295456
v -0.086749 0.307692 1.174636
v 0.022818 0.307692 1.012751
v 0.201329 0.455621 1.133571
v 0.022818 0.455621 1.012751
v -0.086749 0.455621 1.174636
v 0.091762 0.455621 1.295456
v 0.201329 0.307692 1.133571
v 0.022818 0.307692 1.012751
v 0.022818 0.455621 1.012751
v 0.201329 0.455621 1.133571
v 0.091762 0.307692 1.295456
v 0.091762 0.455621 1.295456
v -0.086749 0.455621 1.174636
v -0.086749 0.307692 1.174636
v 0.201329 0.307692 1.133571
v 0.201329 0.455621 1.133571
v 0.091762 0.455621 1.295456
v 0.091762 0.307692 1.295456
v 0.022818 0.307692 1.012751
v -0.086749 0.307692 1.174636
v -0.086749 0.455621 1.174636
v 0.022818 0.455621 1.012751
v 0.279968 0.361580 1.163824
v 0.192468 0.361580 1.338626
v 0.012942 0.361580 1.248761
v 0.100442 0.361580 1.073960
v 0.279968 0.509510 1.163824
v 0.100442 0.509510 1.073960
v 0.012942 0.509510 1.248761
v 0.192468 0.509510 1.338626
v 0.279968 0.361580 1.163824
v 0.100442 0.361580 1.073960
v 0.100442 0.509510 1.073960
v 0.279968 0.509510 1.163824
v 0.192468 0.361580 1.338626
v 0.192468 0.509510 1.338626
v 0.012942 0.509510 1.248761
v 0.012942 0.361580 1.248761
v 0.279968 0.361580 1.163824
v 0.279968 0.509510 1.163824
v 0.192468 0.509510 1.338626
v 0.192468 0.361580 1.338626
v 0.100442 0.361580 1.073960
v 0.012942 0.361580 1.248761
v 0.012942 0.509510 1.248761
v 0.100442 0.509510 1.073960
v 0.361507 0.415469 1.184446
v 0.297572 0.415469 1.369173
v 0.121832 0.415469 1.308349
v 0.185767 0.415469 1.123622
v 0.361507 0.563398 1.184446
v 0.185767 0.563398 1.123622
v 0.121832 0.563398 1.308349
v 0.297572 0.563398 1.369173
v 0.361507 0.415469 1.184446
v 0.185767 0.415469 1.123622
v 0.185767 0.563398 1.123622
v 0.361507 0.563398 1.184446
v 0.297572 0.415469 1.369173
v 0.297572 0.563398 1.369173
v 0.121832 0.563398 1.308349
v 0.121832 0.415469 1.308349
v 0.361507 0.415469 1.184446
v 0.361507 0.563398 1.184446
v 0.297572 0.563398 1.369173
v 0.297572 0.415469 1.369173
v 0.185767 0.415469 1.123622
v 0.121832 0.415469 1.308349
v 0.121832 0.563398 1.308349
v 0.185767 0.563398 1.123622
v 0.057213 0.652156 1.045861
v -0.090519 0.652156 1.173872
v -0.251052 0.652156 0.988607
v -0.103320 0.652156 0.860596
v 0.057213 0.800085 1.045861
v -0.103320 0.800085 0.860596
v -0.251052 0.800085 0.988607
v -0.090519 0.800085 1.173872
v 0.057213 0.652156 1.045861
v -0.103320 0.652156 0.860596
v -0.103320 0.800085 0.860596
v 0.057213 0.800085 1.045861
v -0.090519 0.652156 1.173872
v -0.090519 0.800085 1.173872
v -0.251052 0.800085 0.988607
v -0.251052 0.652156 0.988607
v 0.057213 0.652156 1.045861
v 0.057213 0.800085 1.045861
v -0.090519 0.800085 1.173872
v -0.090519 0.652156 1.173872
v -0.103320 0.652156 0.860596
v -0.251052 0.652156 0.988607
v -0.251052 0.800085 0.988607
v -0.103320 0.800085 0.860596
v 0.126719 0.598267 1.094076
v -0.003041 0.598267 1.240275
v -0.175319 0.598267 1.087369
v -0.045559 0.598267 0.941170
v 0.126719 0.746197 1.094076
v -0.045559 0.746197 0.941170
v -0.175319 0.746197 1.087369
v -0.003041 0.746197 1.240275
v 0.126719 0.598267 1.094076
v -0.045559 0.598267 0.941170
v -0.045559 0.746197 0.941170
v 0.126719 0.746197 1.094076
v -0.003041 0.598267 1.240275
v -0.003041 0.746197 1.240275
v -0.175319 0.746197 1.087369
v -0.175319 0.598267 1.087369
v 0.126719 0.598267 1.094076
v 0.126719 0.746197 1.094076
v -0.003041 0.746197 1.240275
v -0.003041 0.598267 1.240275
v -0.045559 0.598267 0.941170
v -0.175319 0.598267 1.087369
v -0.175319 0.746197 1.087369
v -0.045559 0.746197 0.941170
v 0.201329 0.544379 1.133571
v 0.091762 0.544379 1.295456
v -0.086749 0.544379 1.174636
v 0.022818 0.544379 1.012751
v 0.201329 0.692308 1.133571
v 0.022818 0.692308 1.012751
v -0.086749 0.692308 1.174636
v 0.091762 0.692308 1.295456
v 0.201329 0.544379 1.133571
v 0.022818 0.544379 1.012751
v 0.022818 0.692308 1.012751
v 0.201329 0.692308 1.133571
v 0.091762 0.544379 1.295456
v 0.091762 0.692308 1.295456
v -0.086749 0.692308 1.174636
v -0.086749 0.544379 1.174636
v 0.201329 0.544379 1.133571
v 0.201329 0.692308 1.133571
v 0.091762 0.692308 1.295456
v 0.091762 0.544379 1.295456
v 0.022818 0.544379 1.012751
v -0.086749 0.544379 1.174636
v -0.086749 0.692308 1.174636
v 0.022818 0.692308 1.012751
v 0.279968 0.490490 1.163824
v 0.192468 0.490490 1.338626
v 0.012942 0.490490 1.248761
v 0.100442 0.490490 1.073960
v 0.279968 0.638420 1.163824
v 0.100442 0.638420 1.073960
v 0.012942 0.638420 1.248761
v 0.192468 0.638420 1.338626
v 0.279968 0.490490 1.163824
v 0.100442 0.490490 1.073960
v 0.100442 0.638420 1.073960
v 0.279968 0.638420 1.163824
v 0.192468 0.490490 1.338626
v 0.192468 0.638420 1.338626
v 0.012942 0.638420 1.248761
v 0.012942 0.490490 1.248761
v 0.279968 0.490490 1.163824
v 0.279968 0.638420 1.163824
v 0.192468 0.638420 1.338626
v 0.192468 0.490490 1.338626
v 0.100442 0.490490 1.073960
v 0.012942 0.490490 1.248761
v 0.012942 0.638420 1.248761
v 0.100442 0.638420 1.073960
v 0.361507 0.436602 1.184446
v 0.297572 0.436602 1.369173
v 0.121832 0.436602 1.308349
v 0.185767 0.436602 1.123622
v 0.361507 0.584531 1.184446
v 0.185767 0.584531 1.123622
v 0.121832 0.584531 1.308349
v 0.297572 0.584531 1.369173
v 0.361507 0.436602 1.184446
v 0.185767 0.436602 1.123622
v 0.185767 0.584531 1.123622
v 0.361507 0.584531 1.184446
v 0.297572 0.436602 1.369173
v 0.297572 0.584531 1.369173
v 0.121832 0.584531 1.308349
v 0.121832 0.436602 1.308349
v 0.361507 0.436602 1.184446
v 0.361507 0.584531 1.184446
v 0.297572 0.584531 1.369173
v 0.297572 0.436602 1.369173
v 0.185767 0.436602 1.123622
v 0.121832 0.436602 1.308349
v 0.121832 0.584531 1.308349
v 0.185767 0.584531 1.123622
v 0.422618 0.199915 1.198596
v 0.367546 0.199915 1.386156
v 0.132336 0.199915 1.317092
v 0.187408 0.199915 1.129532
v 0.422618 0.347844 1.198596
v 0.187408 0.347844 1.129532
v 0.132336 0.347844 1.317092
v 0.367546 0.347844 1.386156
v 0.422618 0.199915 1.198596
v 0.187408 0.199915 1.129532
v 0.187408 0.347844 1.129532
v 0.422618 0.347844 1.198596
v 0.367546 0.199915 1.386156
v 0.367546 0.347844 1.386156
v 0.132336 0.347844 1.317092
v 0.132336 0.199915 1.317092
v 0.422618 0.199915 1.198596
v 0.422618 0.347844 1.198596
v 0.367546 0.347844 1.386156
v 0.367546 0.199915 1.386156
v 0.187408 0.199915 1.129532
v 0.132336 0.199915 1.317092
v 0.132336 0.347844 1.317092
v 0.187408 0.347844 1.129532
v 0.507157 0.253803 1.201580
v 0.477037 0.253803 1.394724
v 0.249441 0.253803 1.359231
v 0.279561 0.253803 1.166087
v 0.507157 0.401733 1.201580
v 0.279561 0.401733 1.166087
v 0.249441 0.401733 1.359231
v 0.477037 0.401733 1.394724
v 0.507157 0.253803 1.201580
v 0.279561 0.253803 1.166087
v 0.279561 0.401733 1.166087
v 0.507157 0.401733 1.201580
v 0.477037 0.253803 1.394724
v 0.477037 0.401733 1.394724
v 0.249441 0.401733 1.359231
v 0.249441 0.253803 1.359231
v 0.507157 0.253803 1.201580
v 0.507157 0.401733 1.201580
v 0.477037 0.401733 1.394724
v 0.477037 0.253803 1.394724
v 0.279561 0.253803 1.166087
v 0.249441 0.253803 1.359231
v 0.249441 0.401733 1.359231
v 0.279561 0.401733 1.166087
v 0.591276 0.307692 1.194467
v 0.586624 0.307692 1.389890
v 0.371131 0.307692 1.384761
v 0.375783 0.307692 1.189338
v 0.591276 0.455621 1.194467
v 0.375783 0.455621 1.189338
v 0.371131 0.455621 1.384761
v 0.586624 0.455621 1.389890
v 0.591276 0.307692 1.194467
v 0.375783 0.307692 1.189338
v 0.375783 0.455621 1.189338
v 0.591276 0.455621 1.194467
v 0.586624 0.307692 1.389890
v 0.586624 0.455621 1.389890
v 0.371131 0.455621 1.384761
v 0.371131 0.307692 1.384761
v 0.591276 0.307692 1.194467
v 0.591276 0.455621 1.194467
v 0.586624 0.455621 1.389890
v 0.586624 0.307692 1.389890
v 0.375783 0.307692 1.189338
v 0.371131 0.307692 1.384761
v 0.371131 0.455621 1.384761
v 0.375783 0.455621 1.189338
v 0.673788 0.361580 1.177403
v 0.694683 0.361580 1.371761
v 0.495072 0.361580 1.393221
v 0.474176 0.361580 1.198863
v 0.673788 0.509510 1.177403
v 0.474176 0.509510 1.198863
v 0.495072 0.509510 1.393221
v 0.694683 0.509510 1.371761
v 0.673788 0.361580 1.177403
v 0.474176 0.361580 1.198863
v 0.474176 0.509510 1.198863
v 0.673788 0.509510 1.177403
v 0.694683 0.361580 1.371761
v 0.694683 0.509510 1.371761
v 0.495072 0.509510 1.393221
v 0.495072 0.361580 1.393221
v 0.673788 0.361580 1.177403
v 0.673788 0.509510 1.177403
v 0.694683 0.509510 1.371761
v 0.694683 0.361580 1.371761
v 0.474176 0.361580 1.198863
v 0.495072 0.361580 1.393221
v 0.495072 0.509510 1.393221
v 0.474176 0.509510 1.198863
v 0.753532 0.415469 1.150668
v 0.799617 0.415469 1.340636
v 0.618891 0.415469 1.384479
v 0.572805 0.415469 1.194511
v 0.753532 0.563398 1.150668
v 0.572805 0.563398 1.194511
v 0.618891 0.563398 1.384479
v 0.799617 0.563398 1.340636
v 0.753532 0.415469 1.150668
v 0.572805 0.415469 1.194511
v 0.572805 0.563398 1.194511
v 0.753532 0.563398 1.150668
v 0.799617 0.415469 1.340636
v 0.799617 0.563398 1.340636
v 0.618891 0.563398 1.384479
v 0.618891 0.415469 1.384479
v 0.753532 0.415469 1.150668
v 0.753532 0.563398 1.150668
v 0.799617 0.563398 1.340636
v 0.799617 0.415469 1.340636
v 0.572805 0.415469 1.194511
v 0.618891 0.415469 1.384479
v 0.618891 0.563398 1.384479
v 0.572805 0.563398 1.194511
v 0.422618 0.652156 1.198596
v 0.367546 0.652156 1.386156
v 0.132336 0.652156 1.317092
v 0.187408 0.652156 1.129532
v 0.422618 0.800085 1.198596
v 0.187408 0.800085 1.129532
v 0.132336 0.800085 1.317092
v 0.367546 0.800085 1.386156
v 0.422618 0.652156 1.198596
v 0.187408 0.652156 1.129532
v 0.187408 0.800085 1.129532
v 0.422618 0.800085 1.198596
v 0.367546 0.652156 1.386156
v 0.367546 0.800085 1.386156
v 0.132336 0.800085 1.317092
v 0.132336 0.652156 1.317092
v 0.422618 0.652156 1.198596
v 0.422618 0.800085 1.198596
v 0.367546 0.800085 1.386156
v 0.367546 0.652156 1.386156
v 0.187408 0.652156 1.129532
v 0.132336 0.652156 1.317092
v 0.132336 0.800085 1.317092
v 0.187408 0.800085 1.129532
v 0.507157 0.598267 1.201580
v 0.477037 0.598267 1.394724
v 0.249441 0.598267 1.359231
v 0.279561 0.598267 1.166087
v 0.507157 0.746197 1.201580
v 0.279561 0.746197 1.166087
v 0.249441 0.746197 1.359231
v 0.477037 0.746197 1.394724
v 0.507157 0.598267 1.201580
v 0.279561 0.598267 1.166087
v 0.279561 0.746197 1.166087
v 0.507157 0.746197 1.201580
v 0.477037 0.598267 1.394724
v 0.477037 0.746197 1.394724
v 0.249441 0.746197 1.359231
v 0.249441 0.598267 1.359231
v 0.507157 0.598267 1.201580
v 0.507157 0.746197 1.201580
v 0.477037 0.746197 1.394724
v 0.477037 0.598267 1.394724
v 0.279561 0.598267 1.166087
v 0.249441 0.598267 1.359231
v 0.249441 0.746197 1.359231
v 0.279561 0.746197 1.166087
v 0.591276 0.544379 1.194467
v 0.586624 0.544379 1.389890
v 0.371131 0.544379 1.384761
v 0.375783 0.544379 1.189338
v 0.591276 0.692308 1.194467
v 0.375783 0.692308 1.189338
v 0.371131 0.692308 1.384761
v 0.586624 0.692308 1.389890
v 0.591276 0.544379 1.194467
v 0.375783 0.544379 1.189338
v 0.375783 0.692308 1.189338
v 0.591276 0.692308 1.194467
v 0.586624 0.544379 1.389890
v 0.586624 0.692308 1.389890
v 0.371131 0.692308 1.384761
v 0.371131 0.544379 1.384761
v 0.591276 0.544379 1.194467
v 0.591276 0.692308 1.194467
v 0.586624 0.692308 1.389890
v 0.586624 0.544379 1.389890
v 0.375783 0.544379 1.189338
v 0.371131 0.544379 1.384761
v 0.371131 0.692308 1.384761
v 0.375783 0.692308 1.189338
v 0.673788 0.490490 1.177403
v 0.694683 0.490490 1.371761
v 0.495072 0.490490 1.393221
v 0.474176 0.490490 1.198863
v 0.673788 0.638420 1.177403
v 0.474176 0.638420 1.198863
v 0.495072 0.638420 1.393221
v 0.694683 0.638420 1.371761
v 0.673788 0.490490 1.177403
v 0.474176 0.490490 1.198863
v 0.474176 0.638420 1.198863
v 0.673788 0.638420 1.177403
v 0.694683 0.490490 1.371761
v 0.694683 0.638420 1.371761
v 0.495072 0.638420 1.393221
v 0.495072 0.490490 1.393221
v 0.673788 0.490490 1.177403
v 0.673788 0.638420 1.177403
v 0.694683 0.638420 1.371761
v 0.694683 0.490490 1.371761
v 0.474176 0.490490 1.198863
v 0.495072 0.490490 1.393221
v 0.495072 0.638420 1.393221
v 0.474176 0.638420 1.198863
v 0.753532 0.436602 1.150668
v 0.799617 0.436602 1.340636
v 0.618891 0.436602 1.384479
v 0.572805 0.436602 1.194511
v 0.753532 0.584531 1.150668
v 0.572805 0.584531 1.194511
v 0.618891 0.584531 1.384479
v 0.799617 0.584531 1.340636
v 0.753532 0.436602 1.150668
v 0.572805 0.436602 1.194511
v 0.572805 0.584531 1.194511
v 0.753532 0.584531 1.150668
v 0.799617 0.436602 1.340636
v 0.799617 0.584531 1.340636
v 0.618891 0.584531 1.384479
v 0.618891 0.436602 1.384479
v 0.753532 0.436602 1.150668
v 0.753532 0.584531 1.150668
v 0.799617 0.584531 1.340636
v 0.799617 0.436602 1.340636
v 0.572805 0.436602 1.194511
v 0.618891 0.436602 1.384479
v 0.618891 0.584531 1.384479
v 0.572805 0.584531 1.194511
v 0.812592 0.199915 1.129532
v 0.867664 0.199915 1.317092
v 0.632454 0.199915 1.386156
v 0.577382 0.199915 1.198596
v 0.812592 0.347844 1.129532
v 0.577382 0.347844 1.198596
v 0.632454 0.347844 1.386156
v 0.867664 0.347844 1.317092
v 0.812592 0.199915 1.129532
v 0.577382 0.199915 1.198596
v 0.577382 0.347844 1.198596
v 0.812592 0.347844 1.129532
v 0.867664 0.199915 1.317092
v 0.867664 0.347844 1.317092
v 0.632454 0.347844 1.386156
v 0.632454 0.199915 1.386156
v 0.812592 0.199915 1.129532
v 0.812592 0.347844 1.129532
v 0.867664 0.347844 1.317092
v 0.867664 0.199915 1.317092
v 0.577382 0.199915 1.198596
v 0.632454 0.199915 1.386156
v 0.632454 0.347844 1.386156
v 0.577382 0.347844 1.198596
v 0.885324 0.253803 1.086337
v 0.964407 0.253803 1.265104
v 0.753752 0.253803 1.358293
v 0.674669 0.253803 1.179526
v 0.885324 0.401733 1.086337
v 0.674669 0.401733 1.179526
v 0.753752 0.401733 1.358293
v 0.964407 0.401733 1.265104
v 0.885324 0.253803 1.086337
v 0.674669 0.253803 1.179526
v 0.674669 0.401733 1.179526
v 0.885324 0.401733 1.086337
v 0.964407 0.253803 1.265104
v 0.964407 0.401733 1.265104
v 0.753752 0.401733 1.358293
v 0.753752 0.253803 1.358293
v 0.885324 0.253803 1.086337
v 0.885324 0.401733 1.086337
v 0.964407 0.401733 1.265104
v 0.964407 0.253803 1.265104
v 0.674669 0.253803 1.179526
v 0.753752 0.253803 1.358293
v 0.753752 0.401733 1.358293
v 0.674669 0.401733 1.179526
v 0.952244 0.307692 1.034875
v 1.053984 0.307692 1.201791
v 0.869926 0.307692 1.313980
v 0.768186 0.307692 1.147065
v 0.952244 0.455621 1.034875
v 0.768186 0.455621 1.147065
v 0.869926 0.455621 1.313980
v 1.053984 0.455621 1.201791
v 0.952244 0.307692 1.034875
v 0.768186 0.307692 1.147065
v 0.768186 0.455621 1.147065
v 0.952244 0.455621 1.034875
v 1.053984 0.307692 1.201791
v 1.053984 0.455621 1.201791
v 0.869926 0.455621 1.313980
v 0.869926 0.307692 1.313980
v 0.952244 0.307692 1.034875
v 0.952244 0.455621 1.034875
v 1.053984 0.455621 1.201791
v 1.053984 0.307692 1.201791
v 0.768186 0.307692 1.147065
v 0.869926 0.307692 1.313980
v 0.869926 0.455621 1.313980
v 0.768186 0.455621 1.147065
v 1.012431 0.361580 0.975911
v 1.135088 0.361580 1.128118
v 0.978766 0.361580 1.254090
v 0.856110 0.361580 1.101882
v 1.012431 0.509510 0.975911
v 0.856110 0.509510 1.101882
v 0.978766 0.509510 1.254090
v 1.135088 0.509510 1.128118
v 1.012431 0.361580 0.975911
v 0.856110 0.361580 1.101882
v 0.856110 0.509510 1.101882
v 1.012431 0.509510 0.975911
v 1.135088 0.361580 1.128118
v 1.135088 0.509510 1.128118
v 0.978766 0.509510 1.254090
v 0.978766 0.361580 1.254090
v 1.012431 0.361580 0.975911
v 1.012431 0.509510 0.975911
v 1.135088 0.509510 1.128118
v 1.135088 0.361580 1.128118
v 0.856110 0.361580 1.101882
v 0.978766 0.361580 1.254090
v 0.978766 0.509510 1.254090
v 0.856110 0.509510 1.101882
v 1.065062 0.415469 0.910307
v 1.206536 0.415469 1.045202
v 1.078203 0.415469 1.179794
v 0.936729 0.415469 1.044899
v 1.065062 0.563398 0.910307
v 0.936729 0.563398 1.044899
v 1.078203 0.563398 1.179794
v 1.206536 0.563398 1.045202
v 1.065062 0.415469 0.910307
v 0.936729 0.415469 1.044899
v 0.936729 0.563398 1.044899
v 1.065062 0.563398 0.910307
v 1.206536 0.415469 1.045202
v 1.206536 0.563398 1.045202
v 1.078203 0.563398 1.179794
v 1.078203 0.415469 1.179794
v 1.065062 0.415469 0.910307
v 1.065062 0.563398 0.910307
v 1.206536 0.563398 1.045202
v 1.206536 0.415469 1.045202
v 0.936729 0.415469 1.044899
v 1.078203 0.415469 1.179794
v 1.078203 0.563398 1.179794
v 0.936729 0.563398 1.044899
v 0.812592 0.652156 1.129532
v 0.867664 0.652156 1.317092
v 0.632454 0.652156 1.386156
v 0.577382 0.652156 1.198596
v 0.812592 0.800085 1.129532
v 0.577382 0.800085 1.198596
v 0.632454 0.800085 1.386156
v 0.867664 0.800085 1.317092
v 0.812592 0.652156 1.129532
v 0.577382 0.652156 1.198596
v 0.577382 0.800085 1.198596
v 0.812592 0.800085 1.129532
v 0.867664 0.652156 1.317092
v 0.867664 0.800085 1.317092
v 0.632454 0.800085 1.386156
v 0.632454 0.652156 1.386156
v 0.812592 0.652156 1.129532
v 0.812592 0.800085 1.129532
v 0.867664 0.800085 1.317092
v 0.867664 0.652156 1.317092
v 0.577382 0.652156 1.198596
v 0.632454 0.652156 1.386156
v 0.632454 0.800085 1.386156
v 0.577382 0.800085 1.198596
v 0.885324 0.598267 1.086337
v 0.964407 0.598267 1.265104
v 0.753752 0.598267 1.358293
v 0.674669 0.598267 1.179526
v 0.885324 0.746197 1.086337
v 0.674669 0.746197 1.179526
v 0.753752 0.746197 1.358293
v 0.964407 0.746197 1.265104
v 0.885324 0.598267 1.086337
v 0.674669 0.598267 1.179526
v 0.674669 0.746197 1.179526
v 0.885324 0.746197 1.086337
v 0.964407 0.598267 1.265104
v 0.964407 0.746197 1.265104
v 0.753752 0.746197 1.358293
v 0.753752 0.598267 1.358293
v 0.885324 0.598267 1.086337
v 0.885324 0.746197 1.086337
v 0.964407 0.746197 1.265104
v 0.964407 0.598267 1.265104
v 0.674669 0.598267 1.179526
v 0.753752 0.598267 1.358293
v 0.753752 0.746197 1.358293
v 0.674669 0.746197 1.179526
v 0.952244 0.544379 1.034875
v 1.053984 0.544379 1.201791
v 0.869926 0.544379 1.313980
v 0.768186 0.544379 1.147065
v 0.952244 0.692308 1.034875
v 0.768186 0.692308 1.147065
v 0.869926 0.692308 1.313980
v 1.053984 0.692308 1.201791
v 0.952244 0.544379 1.034875
v 0.768186 0.544379 1.147065
v 0.768186 0.692308 1.147065
v 0.952244 0.692308 1.034875
v 1.053984 0.544379 1.201791
v 1.053984 0.692308 1.201791
v 0.869926 0.692308 1.313980
v 0.869926 0.544379 1.313980
v 0.952244 0.544379 1.034875
v 0.952244 0.692308 1.034875
v 1.053984 0.692308 1.201791
v 1.053984 0.544379 1.201791
v 0.768186 0.544379 1.147065
v 0.869926 0.544379 1.313980
v 0.869926 0.692308 1.313980
v 0.768186 0.692308 1.147065
v 1.012431 0.490490 0.975911
v 1.135088 0.490490 1.128118
v 0.978766 0.490490 1.254090
v 0.856110 0.490490 1.101882
v 1.012431 0.638420 0.975911
v 0.856110 0.638420 1.101882
v 0.978766 0.638420 1.254090
v 1.135088 0.638420 1.128118
v 1.012431 0.490490 0.975911
v 0.856110 0.490490 1.101882
v 0.856110 0.638420 1.101882
v 1.012431 0.638420 0.975911
v 1.135088 0.490490 1.128118
v 1.135088 0.638420 1.128118
v 0.978766 0.638420 1.254090
v 0.978766 0.490490 1.254090
v 1.012431 0.490490 0.975911
v 1.012431 0.638420 0.975911
v 1.135088 0.638420 1.128118
v 1.135088 0.490490 1.128118
v 0.856110 0.490490 1.101882
v 0.978766 0.490490 1.254090
v 0.978766 0.638420 1.254090
v 0.856110 0.638420 1.101882
v 1.065062 0.436602 0.910307
v 1.206536 0.436602 1.045202
v 1.078203 0.436602 1.179794
v 0.936729 0.436602 1.044899
v 1.065062 0.584531 0.910307
v 0.936729 0.584531 1.044899
v 1.078203 0.584531 1.179794
v 1.206536 0.584531 1.045202
v 1.065062 0.436602 0.910307
v 0.936729 0.436602 1.044899
v 0.936729 0.584531 1.044899
v 1.065062 0.584531 0.910307
v 1.206536 0.436602 1.045202
v 1.206536 0.584531 1.045202
v 1.078203 0.584531 1.179794
v 1.078203 0.436602 1.179794
v 1.065062 0.436602 0.910307
v 1.065062 0.584531 0.910307
v 1.206536 0.584531 1.045202
v 1.206536 0.436602 1.045202
v 0.936729 0.436602 1.044899
v 1.078203 0.436602 1.179794
v 1.078203 0.584531 1.179794
v 0.936729 0.584531 1.044899
v 1.103320 0.199915 0.860596
v 1.251052 0.199915 0.988607
v 1.090519 0.199915 1.173872
v 0.942787 0.199915 1.045861
v 1.103320 0.347844 0.860596
v 0.942787 0.347844 1.045861
v 1.090519 0.347844 1.173872
v 1.251052 0.347844 0.988607
v 1.103320 0.199915 0.860596
v 0.942787 0.199915 1.045861
v 0.942787 0.347844 1.045861
v 1.103320 0.347844 0.860596
v 1.251052 0.199915 0.988607
v 1.251052 0.347844 0.988607
v 1.090519 0.347844 1.173872
v 1.090519 0.199915 1.173872
v 1.103320 0.199915 0.860596
v 1.103320 0.347844 0.860596
v 1.251052 0.347844 0.988607
v 1.251052 0.199915 0.988607
v 0.942787 0.199915 1.045861
v 1.090519 0.199915 1.173872
v 1.090519 0.347844 1.173872
v 0.942787 0.347844 1.045861
v 1.141153 0.253803 0.784936
v 1.304330 0.253803 0.892569
v 1.177498 0.253803 1.084854
v 1.014320 0.253803 0.977221
v 1.141153 0.401733 0.784936
v 1.014320 0.401733 0.977221
v 1.177498 0.401733 1.084854
v 1.304330 0.401733 0.892569
v 1.141153 0.253803 0.784936
v 1.014320 0.253803 0.977221
v 1.014320 0.401733 0.977221
v 1.141153 0.401733 0.784936
v 1.304330 0.253803 0.892569
v 1.304330 0.401733 0.892569
v 1.177498 0.401733 1.084854
v 1.177498 0.253803 1.084854
v 1.141153 0.253803 0.784936
v 1.141153 0.401733 0.784936
v 1.304330 0.401733 0.892569
v 1.304330 0.253803 0.892569
v 1.014320 0.253803 0.977221
v 1.177498 0.253803 1.084854
v 1.177498 0.401733 1.084854
v 1.014320 0.401733 0.977221
v 1.169627 0.307692 0.705464
v 1.345458 0.307692 0.790877
v 1.251272 0.307692 0.984766
v 1.075442 0.307692 0.899353
v 1.169627 0.455621 0.705464
v 1.075442 0.455621 0.899353
v 1.251272 0.455621 0.984766
v 1.345458 0.455621 0.790877
v 1.169627 0.307692 0.705464
v 1.075442 0.307692 0.899353
v 1.075442 0.455621 0.899353
v 1.169627 0.455621 0.705464
v 1.345458 0.307692 0.790877
v 1.345458 0.455621 0.790877
v 1.251272 0.455621 0.984766
v 1.251272 0.307692 0.984766
v 1.169627 0.307692 0.705464
v 1.169627 0.455621 0.705464
v 1.345458 0.455621 0.790877
v 1.345458 0.307692 0.790877
v 1.075442 0.307692 0.899353
v 1.251272 0.307692 0.984766
v 1.251272 0.455621 0.984766
v 1.075442 0.455621 0.899353
v 1.188381 0.361580 0.623321
v 1.373856 0.361580 0.685053
v 1.310456 0.361580 0.875540
v 1.124981 0.361580 0.813808
v 1.188381 0.509510 0.623321
v 1.124981 0.509510 0.813808
v 1.310456 0.509510 0.875540
v 1.373856 0.509510 0.685053
v 1.188381 0.361580 0.623321
v 1.124981 0.361580 0.813808
v 1.124981 0.509510 0.813808
v 1.188381 0.509510 0.623321
v 1.373856 0.361580 0.685053
v 1.373856 0.509510 0.685053
v 1.310456 0.509510 0.875540
v 1.310456 0.361580 0.875540
v 1.188381 0.361580 0.623321
v 1.188381 0.509510 0.623321
v 1.373856 0.509510 0.685053
v 1.373856 0.361580 0.685053
v 1.124981 0.361580 0.813808
v 1.310456 0.361580 0.875540
v 1.310456 0.509510 0.875540
v 1.124981 0.509510 0.813808
v 1.197189 0.415469 0.539677
v 1.389135 0.415469 0.576671
v 1.353940 0.415469 0.759279
v 1.161994 0.415469 0.722284
v 1.197189 0.563398 0.539677
v 1.161994 0.563398 0.722284
v 1.353940 0.563398 0.759279
v 1.389135 0.563398 0.576671
v 1.197189 0.415469 0.539677
v 1.161994 0.415469 0.722284
v 1.161994 0.563398 0.722284
v 1.197189 0.563398 0.539677
v 1.389135 0.415469 0.576671
v 1.389135 0.563398 0.576671
v 1.353940 0.563398 0.759279
v 1.353940 0.415469 0.759279
v 1.197189 0.415469 0.539677
v 1.197189 0.563398 0.539677
v 1.389135 0.563398 0.576671
v 1.389135 0.415469 0.576671
v 1.161994 0.415469 0.722284
v 1.353940 0.415469 0.759279
v 1.353940 0.563398 0.759279
v 1.161994 0.563398 0.722284
v 1.103320 0.652156 0.860596
v 1.251052 0.652156 0.988607
v 1.090519 0.652156 1.173872
v 0.942787 0.652156 1.045861
v 1.103320 0.800085 0.860596
v 0.942787 0.800085 1.045861
v 1.090519 0.800085 1.173872
v 1.251052 0.800085 0.988607
v 1.103320 0.652156 0.860596
v 0.942787 0.652156 1.045861
v 0.942787 0.800085 1.045861
v 1.103320 0.800085 0.860596
v 1.251052 0.652156 0.988607
v 1.251052 0.800085 0.988607
v 1.090519 0.800085 1.173872
v 1.090519 0.652156 1.173872
v 1.103320 0.652156 0.860596
v 1.103320 0.800085 0.860596
v 1.251052 0.800085 0.988607
v 1.251052 0.652156 0.988607
v 0.942787 0.652156 1.045861
v 1.090519 0.652156 1.173872
v 1.090519 0.800085 1.173872
v 0.942787 0.800085 1.045861
v 1.141153 0.598267 0.784936
v 1.304330 0.598267 0.892569
v 1.177498 0.598267 1.084854
v 1.014320 0.598267 0.977221
v 1.141153 0.746197 0.784936
v 1.014320 0.746197 0.977221
v 1.177498 0.746197 1.084854
v 1.304330 0.746197 0.892569
v 1.141153 0.598267 0.784936
v 1.014320 0.598267 0.977221
v 1.014320 0.746197 0.977221
v 1.141153 0.746197 0.784936
v 1.304330 0.598267 0.892569
v 1.304330 0.746197 0.892569
v 1.177498 0.746197 1.084854
v 1.177498 0.598267 1.084854
v 1.141153 0.598267 0.784936
v 1.141153 0.746197 0.784936
v 1.304330 0.746197 0.892569
v 1.304330 0.598267 0.892569
v 1.014320 0.598267 0.977221
v 1.177498 0.598267 1.084854
v 1.177498 0.746197 1.084854
v 1.014320 0.746197 0.977221
v 1.169627 0.544379 0.705464
v 1.345458 0.544379 0.790877
v 1.251272 0.544379 0.984766
v 1.075442 0.544379 0.899353
v 1.169627 0.692308 0.705464
v 1.075442 0.692308 0.899353
v 1.251272 0.692308 0.984766
v 1.345458 0.692308 0.790877
v 1.169627 0.544379 0.705464
v 1.075442 0.544379 0.899353
v 1.075442 0.692308 0.899353
v 1.169627 0.692308 0.705464
v 1.345458 0.544379 0.790877
v 1.345458 0.692308 0.790877
v 1.251272 0.692308 0.984766
v 1.251272 0.544379 0.984766
v 1.169627 0.544379 0.705464
v 1.169627 0.692308 0.705464
v 1.345458 0.692308 0.790877
v 1.345458 0.544379 0.790877
v 1.075442 0.544379 0.899353
v 1.251272 0.544379 0.984766
v 1.251272 0.692308 0.984766
v 1.075442 0.692308 0.899353
v 1.188381 0.490490 0.623321
v 1.373856 0.490490 0.685053
v 1.310456 0.490490 0.875540
v 1.124981 0.490490 0.813808
v 1.188381 0.638420 0.623321
v 1.124981 0.638420 0.813808
v 1.310456 0.638420 0.875540
v 1.373856 0.638420 0.685053
v 1.188381 0.490490 0.623321
v 1.124981 0.490490 0.813808
v 1.124981 0.638420 0.813808
v 1.188381 0.638420 0.623321
v 1.373856 0.490490 0.685053
v 1.373856 0.638420 0.685053
v 1.310456 0.638420 0.875540
v 1.310456 0.490490 0.875540
v 1.188381 0.490490 0.623321
v 1.188381 0.638420 0.623321
v 1.373856 0.638420 0.685053
v 1.373856 0.490490 0.685053
v 1.124981 0.490490 0.813808
v 1.310456 0.490490 0.875540
v 1.310456 0.638420 0.875540
v 1.124981 0.638420 0.813808
v 1.197189 0.436602 0.539677
v 1.389135 0.436602 0.576671
v 1.353940 0.436602 0.759279
v 1.161994 0.436602 0.722284
v 1.197189 0.584531 0.539677
v 1.161994 0.584531 0.722284
v 1.353940 0.584531 0.759279
v 1.389135 0.584531 0.576671
v 1.197189 0.436602 0.539677
v 1.161994 0.436602 0.722284
v 1.161994 0.584531 0.722284
v 1.197189 0.584531 0.539677
v 1.389135 0.436602 0.576671
v 1.389135 0.584531 0.576671
v 1.353940 0.584531 0.759279
v 1.353940 0.436602 0.759279
v 1.197189 0.436602 0.539677
v 1.197189 0.584531 0.539677
v 1.389135 0.584531 0.576671
v 1.389135 0.436602 0.576671
v 1.161994 0.436602 0.722284
v 1.353940 0.436602 0.759279
v 1.353940 0.584531 0.759279
v 1.161994 0.584531 0.722284
v 1.202498 0.199915 0.477173
v 1.395986 0.199915 0.504993
v 1.361099 0.199915 0.747638
v 1.167610 0.199915 0.719818
v 1.202498 0.347844 0.477173
v 1.167610 0.347844 0.719818
v 1.361099 0.347844 0.747638
v 1.395986 0.347844 0.504993
v 1.202498 0.199915 0.477173
v 1.167610 0.199915 0.719818
v 1.167610 0.347844 0.719818
v 1.202498 0.347844 0.477173
v 1.395986 0.199915 0.504993
v 1.395986 0.347844 0.504993
v 1.361099 0.347844 0.747638
v 1.361099 0.199915 0.747638
v 1.202498 0.199915 0.477173
v 1.202498 0.347844 0.477173
v 1.395986 0.347844 0.504993
v 1.395986 0.199915 0.504993
v 1.167610 0.199915 0.719818
v 1.361099 0.199915 0.747638
v 1.361099 0.347844 0.747638
v 1.167610 0.347844 0.719818
v 1.193420 0.253803 0.393070
v 1.388884 0.253803 0.395396
v 1.386143 0.253803 0.625727
v 1.190679 0.253803 0.623401
v 1.193420 0.401733 0.393070
v 1.190679 0.401733 0.623401
v 1.386143 0.401733 0.625727
v 1.388884 0.401733 0.395396
v 1.193420 0.253803 0.393070
v 1.190679 0.253803 0.623401
v 1.190679 0.401733 0.623401
v 1.193420 0.401733 0.393070
v 1.388884 0.253803 0.395396
v 1.388884 0.401733 0.395396
v 1.386143 0.401733 0.625727
v 1.386143 0.253803 0.625727
v 1.193420 0.253803 0.393070
v 1.193420 0.401733 0.393070
v 1.388884 0.401733 0.395396
v 1.388884 0.253803 0.395396
v 1.190679 0.253803 0.623401
v 1.386143 0.253803 0.625727
v 1.386143 0.401733 0.625727
v 1.190679 0.401733 0.623401
v 1.174409 0.307692 0.310820
v 1.368505 0.307692 0.287613
v 1.394095 0.307692 0.501643
v 1.199999 0.307692 0.524850
v 1.174409 0.455621 0.310820
v 1.199999 0.455621 0.524850
v 1.394095 0.455621 0.501643
v 1.368505 0.455621 0.287613
v 1.174409 0.307692 0.310820
v 1.199999 0.307692 0.524850
v 1.199999 0.455621 0.524850
v 1.174409 0.455621 0.310820
v 1.368505 0.307692 0.287613
v 1.368505 0.455621 0.287613
v 1.394095 0.455621 0.501643
v 1.394095 0.307692 0.501643
v 1.174409 0.307692 0.310820
v 1.174409 0.455621 0.310820
v 1.368505 0.455621 0.287613
v 1.368505 0.307692 0.287613
v 1.199999 0.307692 0.524850
v 1.394095 0.307692 0.501643
v 1.394095 0.455621 0.501643
v 1.199999 0.455621 0.524850
v 1.145775 0.361580 0.231577
v 1.335181 0.361580 0.183234
v 1.384831 0.361580 0.377759
v 1.195425 0.361580 0.426102
v 1.145775 0.509510 0.231577
v 1.195425 0.509510 0.426102
v 1.384831 0.509510 0.377759
v 1.335181 0.509510 0.183234
v 1.145775 0.361580 0.231577
v 1.195425 0.361580 0.426102
v 1.195425 0.509510 0.426102
v 1.145775 0.509510 0.231577
v 1.335181 0.361580 0.183234
v 1.335181 0.509510 0.183234
v 1.384831 0.509510 0.377759
v 1.384831 0.361580 0.377759
v 1.145775 0.361580 0.231577
v 1.145775 0.509510 0.231577
v 1.335181 0.509510 0.183234
v 1.335181 0.361580 0.183234
v 1.195425 0.361580 0.426102
v 1.384831 0.361580 0.377759
v 1.384831 0.509510 0.377759
v 1.195425 0.509510 0.426102
v 1.107963 0.415469 0.156449
v 1.289439 0.415469 0.083797
v 1.358557 0.415469 0.256445
v 1.177081 0.415469 0.329097
v 1.107963 0.563398 0.156449
v 1.177081 0.563398 0.329097
v 1.358557 0.563398 0.256445
v 1.289439 0.563398 0.083797
v 1.107963 0.415469 0.156449
v 1.177081 0.415469 0.329097
v 1.177081 0.563398 0.329097
v 1.107963 0.563398 0.156449
v 1.289439 0.415469 0.083797
v 1.289439 0.563398 0.083797
v 1.358557 0.563398 0.256445
v 1.358557 0.415469 0.256445
v 1.107963 0.415469 0.156449
v 1.107963 0.563398 0.156449
v 1.289439 0.563398 0.083797
v 1.289439 0.415469 0.083797
v 1.177081 0.415469 0.329097
v 1.358557 0.415469 0.256445
v 1.358557 0.563398 0.256445
v 1.177081 0.563398 0.329097
v 1.202498 0.652156 0.477173
v 1.395986 0.652156 0.504993
v 1.361099 0.652156 0.747638
v 1.167610 0.652156 0.719818
v 1.202498 0.800085 0.477173
v 1.167610 0.800085 0.719818
v 1.361099 0.800085 0.747638
v 1.395986 0.800085 0.504993
v 1.202498 0.652156 0.477173
v 1.167610 0.652156 0.719818
v 1.167610 0.800085 0.719818
v 1.202498 0.800085 0.477173
v 1.395986 0.652156 0.504993
v 1.395986 0.800085 0.504993
v 1.361099 0.800085 0.747638
v 1.361099 0.652156 0.747638
v 1.202498 0.652156 0.477173
v 1.202498 0.800085 0.477173
v 1.395986 0.800085 0.504993
v 1.395986 0.652156 0.504993
v 1.167610 0.652156 0.719818
v 1.361099 0.652156 0.747638
v 1.361099 0.800085 0.747638
v 1.167610 0.800085 0.719818
v 1.193420 0.598267 0.393070
v 1.388884 0.598267 0.395396
v 1.386143 0.598267 0.625727
v 1.190679 0.598267 0.623401
v 1.193420 0.746197 0.393070
v 1.190679 0.746197 0.623401
v 1.386143 0.746197 0.625727
v 1.388884 0.746197 0.395396
v 1.193420 0.598267 0.393070
v 1.190679 0.598267 0.623401
v 1.190679 0.746197 0.623401
v 1.193420 0.746197 0.393070
v 1.388884 0.598267 0.395396
v 1.388884 0.746197 0.395396
v 1.386143 0.746197 0.625727
v 1.386143 0.598267 0.625727
v 1.193420 0.598267 0.393070
v 1.193420 0.746197 0.393070
v 1.388884 0.746197 0.395396
v 1.388884 0.598267 0.395396
v 1.190679 0.598267 0.623401
v 1.386143 0.598267 0.625727
v 1.386143 0.746197 0.625727
v 1.190679 0.746197 0.623401
v 1.174409 0.544379 0.310820
v 1.368505 0.544379 0.287613
v 1.394095 0.544379 0.501643
v 1.199999 0.544379 0.524850
v 1.174409 0.692308 0.310820
v 1.199999 0.692308 0.524850
v 1.394095 0.692308 0.501643
v 1.368505 0.692308 0.287613
v 1.174409 0.544379 0.310820
v 1.199999 0.544379 0.524850
v 1.199999 0.692308 0.524850
v 1.174409 0.692308 0.310820
v 1.368505 0.544379 0.287613
v 1.368505 0.692308 0.287613
v 1.394095 0.692308 0.501643
v 1.394095 0.544379 0.501643
v 1.174409 0.544379 0.310820
v 1.174409 0.692308 0.310820
v 1.368505 0.692308 0.287613
v 1.368505 0.544379 0.287613
v 1.199999 0.544379 0.524850
v 1.394095 0.544379 0.501643
v 1.394095 0.692308 0.501643
v 1.199999 0.692308 0.524850
v 1.145775 0.490490 0.231577
v 1.335181 0.490490 0.183234
v 1.384831 0.490490 0.377759
v 1.195425 0.490490 0.426102
v 1.145775 0.638420 0.231577
v 1.195425 0.638420 0.426102
v 1.384831 0.638420 0.377759
v 1.335181 0.638420 0.183234
v 1.145775 0.490490 0.231577
v 1.195425 0.490490 0.426102
v 1.195425 0.638420 0.426102
v 1.145775 0.638420 0.231577
v 1.335181 0.490490 0.183234
v 1.335181 0.638420 0.183234
v 1.384831 0.638420 0.377759
v 1.384831 0.490490 0.377759
v 1.145775 0.490490 0.231577
v 1.145775 0.638420 0.231577
v 1.335181 0.638420 0.183234
v 1.335181 0.490490 0.183234
v 1.195425 0.490490 0.426102
v 1.384831 0.490490 0.377759
v 1.384831 0.638420 0.377759
v 1.195425 0.638420 0.426102
v 1.107963 0.436602 0.156449
v 1.289439 0.436602 0.083797
v 1.358557 0.436602 0.256445
v 1.177081 0.436602 0.329097
v 1.107963 0.584531 0.156449
v 1.177081 0.584531 0.329097
v 1.358557 0.584531 0.256445
v 1.289439 0.584531 0.083797
v 1.107963 0.436602 0.156449
v 1.177081 0.436602 0.329097
v 1.177081 0.584531 0.329097
v 1.107963 0.584531 0.156449
v 1.289439 0.436602 0.083797
v 1.289439 0.584531 0.083797
v 1.358557 0.584531 0.256445
v 1.358557 0.436602 0.256445
v 1.107963 0.436602 0.156449
v 1.107963 0.584531 0.156449
v 1.289439 0.584531 0.083797
v 1.289439 0.436602 0.083797
v 1.177081 0.436602 0.329097
v 1.358557 0.436602 0.256445
v 1.358557 0.584531 0.256445
v 1.177081 0.584531 0.329097
v 1.078638 0.199915 0.100998
v 1.256451 0.199915 0.019794
v 1.358286 0.199915 0.242781
v 1.180472 0.199915 0.323986
v 1.078638 0.347844 0.100998
v 1.180472 0.347844 0.323986
v 1.358286 0.347844 0.242781
v 1.256451 0.347844 0.019794
v 1.078638 0.199915 0.100998
v 1.180472 0.199915 0.323986
v 1.180472 0.347844 0.323986
v 1.078638 0.347844 0.100998
v 1.256451 0.199915 0.019794
v 1.256451 0.347844 0.019794
v 1.358286 0.347844 0.242781
v 1.358286 0.199915 0.242781
v 1.078638 0.199915 0.100998
v 1.078638 0.347844 0.100998
v 1.256451 0.347844 0.019794
v 1.256451 0.199915 0.019794
v 1.180472 0.199915 0.323986
v 1.358286 0.199915 0.242781
v 1.358286 0.347844 0.242781
v 1.180472 0.347844 0.323986
v 1.025532 0.253803 0.035154
v 1.191224 0.253803 -0.068565
v 1.313445 0.253803 0.126683
v 1.147752 0.253803 0.230402
v 1.025532 0.401733 0.035154
v 1.147752 0.401733 0.230402
v 1.313445 0.401733 0.126683
v 1.191224 0.401733 -0.068565
v 1.025532 0.253803 0.035154
v 1.147752 0.253803 0.230402
v 1.147752 0.401733 0.230402
v 1.025532 0.401733 0.035154
v 1.191224 0.253803 -0.068565
v 1.191224 0.401733 -0.068565
v 1.313445 0.401733 0.126683
v 1.313445 0.253803 0.126683
v 1.025532 0.253803 0.035154
v 1.025532 0.401733 0.035154
v 1.191224 0.401733 -0.068565
v 1.191224 0.253803 -0.068565
v 1.147752 0.253803 0.230402
v 1.313445 0.253803 0.126683
v 1.313445 0.401733 0.126683
v 1.147752 0.401733 0.230402
v 0.965070 0.307692 -0.023761
v 1.115807 0.307692 -0.148221
v 1.253049 0.307692 0.017998
v 1.102312 0.307692 0.142457
v 0.965070 0.455621 -0.023761
v 1.102312 0.455621 0.142457
v 1.253049 0.455621 0.017998
v 1.115807 0.455621 -0.148221
v 0.965070 0.307692 -0.023761
v 1.102312 0.307692 0.142457
v 1.102312 0.455621 0.142457
v 0.965070 0.455621 -0.023761
v 1.115807 0.307692 -0.148221
v 1.115807 0.455621 -0.148221
v 1.253049 0.455621 0.017998
v 1.253049 0.307692 0.017998
v 0.965070 0.307692 -0.023761
v 0.965070 0.455621 -0.023761
v 1.115807 0.455621 -0.148221
v 1.115807 0.307692 -0.148221
v 1.102312 0.307692 0.142457
v 1.253049 0.307692 0.017998
v 1.253049 0.455621 0.017998
v 1.102312 0.455621 0.142457
v 0.898140 0.361580 -0.074944
v 1.031343 0.361580 -0.218014
v 1.178279 0.361580 -0.081211
v 1.045076 0.361580 0.061858
v 0.898140 0.509510 -0.074944
v 1.045076 0.509510 0.061858
v 1.178279 0.509510 -0.081211
v 1.031343 0.509510 -0.218014
v 0.898140 0.361580 -0.074944
v 1.045076 0.361580 0.061858
v 1.045076 0.509510 0.061858
v 0.898140 0.509510 -0.074944
v 1.031343 0.361580 -0.218014
v 1.031343 0.509510 -0.218014
v 1.178279 0.509510 -0.081211
v 1.178279 0.361580 -0.081211
v 0.898140 0.361580 -0.074944
v 0.898140 0.509510 -0.074944
v 1.031343 0.509510 -0.218014
v 1.031343 0.361580 -0.218014
v 1.045076 0.361580 0.061858
v 1.178279 0.361580 -0.081211
v 1.178279 0.509510 -0.081211
v 1.045076 0.509510 0.061858
v 0.825714 0.415469 -0.117703
v 0.939102 0.415469 -0.276935
v 1.090588 0.415469 -0.169063
v 0.977199 0.415469 -0.009831
v 0.825714 0.563398 -0.117703
v 0.977199 0.563398 -0.009831
v 1.090588 0.563398 -0.169063
v 0.939102 0.563398 -0.276935
v 0.825714 0.415469 -0.117703
v 0.977199 0.415469 -0.009831
v 0.977199 0.563398 -0.009831
v 0.825714 0.563398 -0.117703
v 0.939102 0.415469 -0.276935
v 0.939102 0.563398 -0.276935
v 1.090588 0.563398 -0.169063
v 1.090588 0.415469 -0.169063
v 0.825714 0.415469 -0.117703
v 0.825714 0.563398 -0.117703
v 0.939102 0.563398 -0.276935
v 0.939102 0.415469 -0.276935
v 0.977199 0.415469 -0.009831
v 1.090588 0.415469 -0.169063
v 1.090588 0.563398 -0.169063
v 0.977199 0.563398 -0.009831
v 1.078638 0.652156 0.100998
v 1.256451 0.652156 0.019794
v 1.358286 0.652156 0.242781
v 1.180472 0.652156 0.323986
v 1.078638 0.800085 0.100998
v 1.180472 0.800085 0.323986
v 1.358286 0.800085 0.242781
v 1.256451 0.800085 0.019794
v 1.078638 0.652156 0.100998
v 1.180472 0.652156 0.323986
v 1.180472 0.800085 0.323986
v 1.078638 0.800085 0.100998
v 1.256451 0.652156 0.019794
v 1.256451 0.800085 0.019794
v 1.358286 0.800085 0.242781
v 1.358286 0.652156 0.242781
v 1.078638 0.652156 0.100998
v 1.078638 0.800085 0.100998
v 1.256451 0.800085 0.019794
v 1.256451 0.652156 0.019794
v 1.180472 0.652156 0.323986
v 1.358286 0.652156 0.242781
v 1.358286 0.800085 0.242781
v 1.180472 0.800085 0.323986
v 1.025532 0.598267 0.035154
v 1.191224 0.598267 -0.068565
v 1.313445 0.598267 0.126683
v 1.147752 0.598267 0.230402
v 1.025532 0.746197 0.035154
v 1.147752 0.746197 0.230402
v 1.313445 0.746197 0.126683
v 1.191224 0.746197 -0.068565
v 1.025532 0.598267 0.035154
v 1.147752 0.598267 0.230402
v 1.147752 0.746197 0.230402
v 1.025532 0.746197 0.035154
v 1.191224 0.598267 -0.068565
v 1.191224 0.746197 -0.068565
v 1.313445 0.746197 0.126683
v 1.313445 0.598267 0.126683
v 1.025532 0.598267 0.035154
v 1.025532 0.746197 0.035154
v 1.191224 0.746197 -0.068565
v 1.191224 0.598267 -0.068565
v 1.147752 0.598267 0.230402
v 1.313445 0.598267 0.126683
v 1.313445 0.746197 0.126683
v 1.147752 0.746197 0.230402
v 0.965070 0.544379 -0.023761
v 1.115807 0.544379 -0.148221
v 1.253049 0.544379 0.017998
v 1.102312 0.544379 0.142457
v 0.965070 0.692308 -0.023761
v 1.102312 0.692308 0.142457
v 1.253049 0.692308 0.017998
v 1.115807 0.692308 -0.148221
v 0.965070 0.544379 -0.023761
v 1.102312 0.544379 0.142457
v 1.102312 0.692308 0.142457
v 0.965070 0.692308 -0.023761
v 1.115807 0.544379 -0.148221
v 1.115807 0.692308 -0.148221
v 1.253049 0.692308 0.017998
v 1.253049 0.544379 0.017998
v 0.965070 0.544379 -0.023761
v 0.965070 0.692308 -0.023761
v 1.115807 0.692308 -0.148221
v 1.115807 0.544379 -0.148221
v 1.102312 0.544379 0.142457
v 1.253049 0.544379 0.017998
v 1.253049 0.692308 0.017998
v 1.102312 0.692308 0.142457
v 0.898140 0.490490 -0.074944
v 1.031343 0.490490 -0.218014
v 1.178279 0.490490 -0.081211
v 1.045076 0.490490 0.061858
v 0.898140 0.638420 -0.074944
v 1.045076 0.638420 0.061858
v 1.178279 0.638420 -0.081211
v 1.031343 0.638420 -0.218014
v 0.898140 0.490490 -0.074944
v 1.045076 0.490490 0.061858
v 1.045076 0.638420 0.061858
v 0.898140 0.638420 -0.074944
v 1.031343 0.490490 -0.218014
v 1.031343 0.638420 -0.218014
v 1.178279 0.638420 -0.081211
v 1.178279 0.490490 -0.081211
v 0.898140 0.490490 -0.074944
v 0.898140 0.638420 -0.074944
v 1.031343 0.638420 -0.218014
v 1.031343 0.490490 -0.218014
v 1.045076 0.490490 0.061858
v 1.178279 0.490490 -0.081211
v 1.178279 0.638420 -0.081211
v 1.045076 0.638420 0.061858
v 0.825714 0.436602 -0.117703
v 0.939102 0.436602 -0.276935
v 1.090588 0.436602 -0.169063
v 0.977199 0.436602 -0.009831
v 0.825714 0.584531 -0.117703
v 0.977199 0.584531 -0.009831
v 1.090588 0.584531 -0.169063
v 0.939102 0.584531 -0.276935
v 0.825714 0.436602 -0.117703
v 0.977199 0.436602 -0.009831
v 0.977199 0.584531 -0.009831
v 0.825714 0.584531 -0.117703
v 0.939102 0.436602 -0.276935
v 0.939102 0.584531 -0.276935
v 1.090588 0.584531 -0.169063
v 1.090588 0.436602 -0.169063
v 0.825714 0.436602 -0.117703
v 0.825714 0.584531 -0.117703
v 0.939102 0.584531 -0.276935
v 0.939102 0.436602 -0.276935
v 0.977199 0.436602 -0.009831
v 1.090588 0.436602 -0.169063
v 1.090588 0.584531 -0.169063
v 0.977199 0.584531 -0.009831
v 0.771064 0.199915 -0.148497
v 0.876748 0.199915 -0.312944
v 1.082973 0.199915 -0.180411
v 0.977289 0.199915 -0.015964
v 0.771064 0.347844 -0.148497
v 0.977289 0.347844 -0.015964
v 1.082973 0.347844 -0.180411
v 0.876748 0.347844 -0.312944
v 0.771064 0.199915 -0.148497
v 0.977289 0.199915 -0.015964
v 0.977289 0.347844 -0.015964
v 0.771064 0.347844 -0.148497
v 0.876748 0.199915 -0.312944
v 0.876748 0.347844 -0.312944
v 1.082973 0.347844 -0.180411
v 1.082973 0.199915 -0.180411
v 0.771064 0.199915 -0.148497
v 0.771064 0.347844 -0.148497
v 0.876748 0.347844 -0.312944
v 0.876748 0.199915 -0.312944
v 0.977289 0.199915 -0.015964
v 1.082973 0.199915 -0.180411
v 1.082973 0.347844 -0.180411
v 0.977289 0.347844 -0.015964
v 0.690790 0.253803 -0.175177
v 0.774105 0.253803 -0.352012
v 0.982483 0.253803 -0.253835
v 0.899168 0.253803 -0.077001
v 0.690790 0.401733 -0.175177
v 0.899168 0.401733 -0.077001
v 0.982483 0.401733 -0.253835
v 0.774105 0.401733 -0.352012
v 0.690790 0.253803 -0.175177
v 0.899168 0.253803 -0.077001
v 0.899168 0.401733 -0.077001
v 0.690790 0.401733 -0.175177
v 0.774105 0.253803 -0.352012
v 0.774105 0.401733 -0.352012
v 0.982483 0.401733 -0.253835
v 0.982483 0.253803 -0.253835
v 0.690790 0.253803 -0.175177
v 0.690790 0.401733 -0.175177
v 0.774105 0.401733 -0.352012
v 0.774105 0.253803 -0.352012
v 0.899168 0.253803 -0.077001
v 0.982483 0.253803 -0.253835
v 0.982483 0.401733 -0.253835
v 0.899168 0.401733 -0.077001
v 0.608075 0.307692 -0.192052
v 0.667596 0.307692 -0.378248
v 0.872915 0.307692 -0.312615
v 0.813394 0.307692 -0.126419
v 0.608075 0.455621 -0.192052
v 0.813394 0.455621 -0.126419
v 0.872915 0.455621 -0.312615
v 0.667596 0.455621 -0.378248
v 0.608075 0.307692 -0.192052
v 0.813394 0.307692 -0.126419
v 0.813394 0.455621 -0.126419
v 0.608075 0.455621 -0.192052
v 0.667596 0.307692 -0.378248
v 0.667596 0.455621 -0.378248
v 0.872915 0.455621 -0.312615
v 0.872915 0.307692 -0.312615
v 0.608075 0.307692 -0.192052
v 0.608075 0.455621 -0.192052
v 0.667596 0.455621 -0.378248
v 0.667596 0.307692 -0.378248
v 0.813394 0.307692 -0.126419
v 0.872915 0.307692 -0.312615
v 0.872915 0.455621 -0.312615
v 0.813394 0.455621 -0.126419
v 0.524099 0.361580 -0.198925
v 0.558806 0.361580 -0.391297
v 0.756378 0.361580 -0.355651
v 0.721670 0.361580 -0.163279
v 0.524099 0.509510 -0.198925
v 0.721670 0.509510 -0.163279
v 0.756378 0.509510 -0.355651
v 0.558806 0.509510 -0.391297
v 0.524099 0.361580 -0.198925
v 0.721670 0.361580 -0.163279
v 0.721670 0.509510 -0.163279
v 0.524099 0.509510 -0.198925
v 0.558806 0.361580 -0.391297
v 0.558806 0.509510 -0.391297
v 0.756378 0.509510 -0.355651
v 0.756378 0.361580 -0.355651
v 0.524099 0.361580 -0.198925
v 0.524099 0.509510 -0.198925
v 0.558806 0.509510 -0.391297
v 0.558806 0.361580 -0.391297
v 0.721670 0.361580 -0.163279
v 0.756378 0.361580 -0.355651
v 0.756378 0.509510 -0.355651
v 0.721670 0.509510 -0.163279
v 0.440052 0.415469 -0.195739
v 0.449354 0.415469 -0.390996
v 0.635112 0.415469 -0.382147
v 0.625810 0.415469 -0.186890
v 0.440052 0.563398 -0.195739
v 0.625810 0.563398 -0.186890
v 0.635112 0.563398 -0.382147
v 0.449354 0.563398 -0.390996
v 0.440052 0.415469 -0.195739
v 0.625810 0.415469 -0.186890
v 0.625810 0.563398 -0.186890
v 0.440052 0.563398 -0.195739
v 0.449354 0.415469 -0.390996
v 0.449354 0.563398 -0.390996
v 0.635112 0.563398 -0.382147
v 0.635112 0.415469 -0.382147
v 0.440052 0.415469 -0.195739
v 0.440052 0.563398 -0.195739
v 0.449354 0.563398 -0.390996
v 0.449354 0.415469 -0.390996
v 0.625810 0.415469 -0.186890
v 0.635112 0.415469 -0.382147
v 0.635112 0.563398 -0.382147
v 0.625810 0.563398 -0.186890
v 0.771064 0.652156 -0.148497
v 0.876748 0.652156 -0.312944
v 1.082973 0.652156 -0.180411
v 0.977289 0.652156 -0.015964
v 0.771064 0.800085 -0.148497
v 0.977289 0.800085 -0.015964
v 1.082973 0.800085 -0.180411
v 0.876748 0.800085 -0.312944
v 0.771064 0.652156 -0.148497
v 0.977289 0.652156 -0.015964
v 0.977289 0.800085 -0.015964
v 0.771064 0.800085 -0.148497
v 0.876748 0.652156 -0.312944
v 0.876748 0.800085 -0.312944
v 1.082973 0.800085 -0.180411
v 1.082973 0.652156 -0.180411
v 0.771064 0.652156 -0.148497
v 0.771064 0.800085 -0.148497
v 0.876748 0.800085 -0.312944
v 0.876748 0.652156 -0.312944
v 0.977289 0.652156 -0.015964
v 1.082973 0.652156 -0.180411
v 1.082973 0.800085 -0.180411
v 0.977289 0.800085 -0.015964
v 0.690790 0.598267 -0.175177
v 0.774105 0.598267 -0.352012
v 0.982483 0.598267 -0.253835
v 0.899168 0.598267 -0.077001
v 0.690790 0.746197 -0.175177
v 0.899168 0.746197 -0.077001
v 0.982483 0.746197 -0.253835
v 0.774105 0.746197 -0.352012
v 0.690790 0.598267 -0.175177
v 0.899168 0.598267 -0.077001
v 0.899168 0.746197 -0.077001
v 0.690790 0.746197 -0.175177
v 0.774105 0.598267 -0.352012
v 0.774105 0.746197 -0.352012
v 0.982483 0.746197 -0.253835
v 0.982483 0.598267 -0.253835
v 0.690790 0.598267 -0.175177
v 0.690790 0.746197 -0.175177
v 0.774105 0.746197 -0.352012
v 0.774105 0.598267 -0.352012
v 0.899168 0.598267 -0.077001
v 0.982483 0.598267 -0.253835
v 0.982483 0.746197 -0.253835
v 0.899168 0.746197 -0.077001
v 0.608075 0.544379 -0.192052
v 0.667596 0.544379 -0.378248
v 0.872915 0.544379 -0.312615
v 0.813394 0.544379 -0.126419
v 0.608075 0.692308 -0.192052
v 0.813394 0.692308 -0.126419
v 0.872915 0.692308 -0.312615
v 0.667596 0.692308 -0.378248
v 0.608075 0.544379 -0.192052
v 0.813394 0.544379 -0.126419
v 0.813394 0.692308 -0.126419
v 0.608075 0.692308 -0.192052
v 0.667596 0.544379 -0.378248
v 0.667596 0.692308 -0.378248
v 0.872915 0.692308 -0.312615
v 0.872915 0.544379 -0.312615
v 0.608075 0.544379 -0.192052
v 0.608075 0.692308 -0.192052
v 0.667596 0.692308 -0.378248
v 0.667596 0.544379 -0.378248
v 0.813394 0.544379 -0.126419
v 0.872915 0.544379 -0.312615
v 0.872915 0.692308 -0.312615
v 0.813394 0.692308 -0.126419
v 0.524099 0.490490 -0.198925
v 0.558806 0.490490 -0.391297
v 0.756378 0.490490 -0.355651
v 0.721670 0.490490 -0.163279
v 0.524099 0.638420 -0.198925
v 0.721670 0.638420 -0.163279
v 0.756378 0.638420 -0.355651
v 0.558806 0.638420 -0.391297
v 0.524099 0.490490 -0.198925
v 0.721670 0.490490 -0.163279
v 0.721670 0.638420 -0.163279
v 0.524099 0.638420 -0.198925
v 0.558806 0.490490 -0.391297
v 0.558806 0.638420 -0.391297
v 0.756378 0.638420 -0.355651
v 0.756378 0.490490 -0.355651
v 0.524099 0.490490 -0.198925
v 0.524099 0.638420 -0.198925
v 0.558806 0.638420 -0.391297
v 0.558806 0.490490 -0.391297
v 0.721670 0.490490 -0.163279
v 0.756378 0.490490 -0.355651
v 0.756378 0.638420 -0.355651
v 0.721670 0.638420 -0.163279
v 0.440052 0.436602 -0.195739
v 0.449354 0.436602 -0.390996
v 0.635112 0.436602 -0.382147
v 0.625810 0.436602 -0.186890
v 0.440052 0.584531 -0.195739
v 0.625810 0.584531 -0.186890
v 0.635112 0.584531 -0.382147
v 0.449354 0.584531 -0.390996
v 0.440052 0.436602 -0.195739
v 0.625810 0.436602 -0.186890
v 0.625810 0.584531 -0.186890
v 0.440052 0.584531 -0.195739
v 0.449354 0.436602 -0.390996
v 0.449354 0.584531 -0.390996
v 0.635112 0.584531 -0.382147
v 0.635112 0.436602 -0.382147
v 0.440052 0.436602 -0.195739
v 0.440052 0.584531 -0.195739
v 0.449354 0.584531 -0.390996
v 0.449354 0.436602 -0.390996
v 0.625810 0.436602 -0.186890
v 0.635112 0.436602 -0.382147
v 0.635112 0.584531 -0.382147
v 0.625810 0.584531 -0.186890
v 0.933222 0.214707 0.500000
v 0.900245 0.214707 0.334213
v 0.900245 0.785293 0.334213
v 0.933222 0.785293 0.500000
v 0.875840 0.214707 0.344322
v 0.906806 0.214707 0.500000
v 0.906806 0.785293 0.500000
v 0.875840 0.785293 0.344322
v 0.906806 0.785293 0.500000
v 0.933222 0.785293 0.500000
v 0.900245 0.785293 0.334213
v 0.875840 0.785293 0.344322
v 0.875840 0.214707 0.344322
v 0.900245 0.214707 0.334213
v 0.933222 0.214707 0.500000
v 0.906806 0.214707 0.500000
v 0.900245 0.214707 0.334213
v 0.806334 0.214707 0.193666
v 0.806334 0.785293 0.193666
v 0.900245 0.785293 0.334213
v 0.787655 0.214707 0.212345
v 0.875840 0.214707 0.344322
v 0.875840 0.785293 0.344322
v 0.787655 0.785293 0.212345
v 0.875840 0.785293 0.344322
v 0.900245 0.785293 0.334213
v 0.806334 0.785293 0.193666
v 0.787655 0.785293 0.212345
v 0.787655 0.214707 0.212345
v 0.806334 0.214707 0.193666
v 0.900245 0.214707 0.334213
v 0.875840 0.214707 0.344322
v 0.806334 0.214707 0.193666
v 0.665787 0.214707 0.099755
v 0.665787 0.785293 0.099755
v 0.806334 0.785293 0.193666
v 0.655678 0.214707 0.124160
v 0.787655 0.214707 0.212345
v 0.787655 0.785293 0.212345
v 0.655678 0.785293 0.124160
v 0.787655 0.785293 0.212345
v 0.806334 0.785293 0.193666
v 0.665787 0.785293 0.099755
v 0.655678 0.785293 0.124160
v 0.655678 0.214707 0.124160
v 0.665787 0.214707 0.099755
v 0.806334 0.214707 0.193666
v 0.787655 0.214707 0.212345
v 0.665787 0.214707 0.099755
v 0.500000 0.214707 0.066778
v 0.500000 0.785293 0.066778
v 0.665787 0.785293 0.099755
v 0.500000 0.214707 0.093194
v 0.655678 0.214707 0.124160
v 0.655678 0.785293 0.124160
v 0.500000 0.785293 0.093194
v 0.655678 0.785293 0.124160
v 0.665787 0.785293 0.099755
v 0.500000 0.785293 0.066778
v 0.500000 0.785293 0.093194
v 0.500000 0.214707 0.093194
v 0.500000 0.214707 0.066778
v 0.665787 0.214707 0.099755
v 0.655678 0.214707 0.124160
v 0.500000 0.214707 0.066778
v 0.334213 0.214707 0.099755
v 0.334213 0.785293 0.099755
v 0.500000 0.785293 0.066778
v 0.344322 0.214707 0.124160
v 0.500000 0.214707 0.093194
v 0.500000 0.785293 0.093194
v 0.344322 0.785293 0.124160
v 0.500000 0.785293 0.093194
v 0.500000 0.785293 0.066778
v 0.334213 0.785293 0.099755
v 0.344322 0.785293 0.124160
v 0.344322 0.214707 0.124160
v 0.334213 0.214707 0.099755
v 0.500000 0.214707 0.066778
v 0.500000 0.214707 0.093194
v 0.334213 0.214707 0.099755
v 0.193666 0.214707 0.193666
v 0.193666 0.785293 0.193666
v 0.334213 0.785293 0.099755
v 0.212345 0.214707 0.212345
v 0.344322 0.214707 0.124160
v 0.344322 0.785293 0.124160
v 0.212345 0.785293 0.212345
v 0.344322 0.785293 0.124160
v 0.334213 0.785293 0.099755
v 0.193666 0.785293 0.193666
v 0.212345 0.785293 0.212345
v 0.212345 0.214707 0.212345
v 0.193666 0.214707 0.193666
v 0.334213 0.214707 0.099755
v 0.344322 0.214707 0.124160
v 0.193666 0.214707 0.193666
v 0.099755 0.214707 0.334213
v 0.099755 0.785293 0.334213
v 0.193666 0.785293 0.193666
v 0.124160 0.214707 0.344322
v 0.212345 0.214707 0.212345
v 0.212345 0.785293 0.212345
v 0.124160 0.785293 0.344322
v 0.212345 0.785293 0.212345
v 0.193666 0.785293 0.193666
v 0.099755 0.785293 0.334213
v 0.124160 0.785293 0.344322
v 0.124160 0.214707 0.344322
v 0.099755 0.214707 0.334213
v 0.193666 0.214707 0.193666
v 0.212345 0.214707 0.212345
v 0.099755 0.214707 0.334213
v 0.066778 0.214707 0.500000
v 0.066778 0.785293 0.500000
v 0.099755 0.785293 0.334213
v 0.093194 0.214707 0.500000
v 0.124160 0.214707 0.344322
v 0.124160 0.785293 0.344322
v 0.093194 0.785293 0.500000
v 0.124160 0.785293 0.344322
v 0.099755 0.785293 0.334213
v 0.066778 0.785293 0.500000
v 0.093194 0.785293 0.500000
v 0.093194 0.214707 0.500000
v 0.066778 0.214707 0.500000
v 0.099755 0.214707 0.334213
v 0.124160 0.214707 0.344322
v 0.066778 0.214707 0.500000
v 0.099755 0.214707 0.665787
v 0.099755 0.785293 0.665787
v 0.066778 0.785293 0.500000
v 0.124160 0.214707 0.655678
v 0.093194 0.214707 0.500000
v 0.093194 0.785293 0.500000
v 0.124160 0.785293 0.655678
v 0.093194 0.785293 0.500000
v 0.066778 0.785293 0.500000
v 0.099755 0.785293 0.665787
v 0.124160 0.785293 0.655678
v 0.124160 0.214707 0.655678
v 0.099755 0.214707 0.665787
v 0.066778 0.214707 0.500000
v 0.093194 0.214707 0.500000
v 0.099755 0.214707 0.665787
v 0.193666 0.214707 0.806334
v 0.193666 0.785293 0.806334
v 0.099755 0.785293 0.665787
v 0.212345 0.214707 0.787655
v 0.124160 0.214707 0.655678
v 0.124160 0.785293 0.655678
v 0.212345 0.785293 0.787655
v 0.124160 0.785293 0.655678
v 0.099755 0.785293 0.665787
v 0.193666 0.785293 0.806334
v 0.212345 0.785293 0.787655
v 0.212345 0.214707 0.787655
v 0.193666 0.214707 0.806334
v 0.099755 0.214707 0.665787
v 0.124160 0.214707 0.655678
v 0.193666 0.214707 0.806334
v 0.334213 0.214707 0.900245
v 0.334213 0.785293 0.900245
v 0.193666 0.785293 0.806334
v 0.344322 0.214707 0.875840
v 0.212345 0.214707 0.787655
v 0.212345 0.785293 0.787655
v 0.344322 0.785293 0.875840
v 0.212345 0.785293 0.787655
v 0.193666 0.785293 0.806334
v 0.334213 0.785293 0.900245
v 0.344322 0.785293 0.875840
v 0.344322 0.214707 0.875840
v 0.334213 0.214707 0.900245
v 0.193666 0.214707 0.806334
v 0.212345 0.214707 0.787655
v 0.334213 0.214707 0.900245
v 0.500000 0.214707 0.933222
v 0.500000 0.785293 0.933222
v 0.334213 0.785293 0.900245
v 0.500000 0.214707 0.906806
v 0.344322 0.214707 0.875840
v 0.344322 0.785293 0.875840
v 0.500000 0.785293 0.906806
v 0.344322 0.785293 0.875840
v 0.334213 0.785293 0.900245
v 0.500000 0.785293 0.933222
v 0.500000 0.785293 0.906806
v 0.500000 0.214707 0.906806
v 0.500000 0.214707 0.933222
v 0.334213 0.214707 0.900245
v 0.344322 0.214707 0.875840
v 0.500000 0.214707 0.933222
v 0.665787 0.214707 0.900245
v 0.665787 0.785293 0.900245
v 0.500000 0.785293 0.933222
v 0.655678 0.214707 0.875840
v 0.500000 0.214707 0.906806
v 0.500000 0.785293 0.906806
v 0.655678 0.785293 0.875840
v 0.500000 0.785293 0.906806
v 0.500000 0.785293 0.933222
v 0.665787 0.785293 0.900245
v 0.655678 0.785293 0.875840
v 0.655678 0.214707 0.875840
v 0.665787 0.214707 0.900245
v 0.500000 0.214707 0.933222
v 0.500000 0.214707 0.906806
v 0.665787 0.214707 0.900245
v 0.806334 0.214707 0.806334
v 0.806334 0.785293 0.806334
v 0.665787 0.785293 0.900245
v 0.787655 0.214707 0.787655
v 0.655678 0.214707 0.875840
v 0.655678 0.785293 0.875840
v 0.787655 0.785293 0.787655
v 0.655678 0.785293 0.875840
v 0.665787 0.785293 0.900245
v 0.806334 0.785293 0.806334
v 0.787655 0.785293 0.787655
v 0.787655 0.214707 0.787655
v 0.806334 0.214707 0.806334
v 0.665787 0.214707 0.900245
v 0.655678 0.214707 0.875840
v 0.806334 0.214707 0.806334
v 0.900245 0.214707 0.665787
v 0.900245 0.785293 0.665787
v 0.806334 0.785293 0.806334
v 0.875840 0.214707 0.655678
v 0.787655 0.214707 0.787655
v 0.787655 0.785293 0.787655
v 0.875840 0.785293 0.655678
v 0.787655 0.785293 0.787655
v 0.806334 0.785293 0.806334
v 0.900245 0.785293 0.665787
v 0.875840 0.785293 0.655678
v 0.875840 0.214707 0.655678
v 0.900245 0.214707 0.665787
v 0.806334 0.214707 0.806334
v 0.787655 0.214707 0.787655
v 0.900245 0.214707 0.665787
v 0.933222 0.214707 0.500000
v 0.933222 0.785293 0.500000
v 0.900245 0.785293 0.665787
v 0.906806 0.214707 0.500000
v 0.875840 0.214707 0.655678
v 0.875840 0.785293 0.655678
v 0.906806 0.785293 0.500000
v 0.875840 0.785293 0.655678
v 0.900245 0.785293 0.665787
v 0.933222 0.785293 0.500000
v 0.906806 0.785293 0.500000
v 0.906806 0.214707 0.500000
v 0.933222 0.214707 0.500000
v 0.900245 0.214707 0.665787
v 0.875840 0.214707 0.655678
v 0.970204 0.748310 0.500000
v 0.934412 0.748310 0.320061
v 0.934412 0.795859 0.320061
v 0.970204 0.795859 0.500000
v 0.875840 0.748310 0.344322
v 0.906806 0.748310 0.500000
v 0.906806 0.795859 0.500000
v 0.875840 0.795859 0.344322
v 0.906806 0.795859 0.500000
v 0.970204 0.795859 0.500000
v 0.934412 0.795859 0.320061
v 0.875840 0.795859 0.344322
v 0.875840 0.748310 0.344322
v 0.934412 0.748310 0.320061
v 0.970204 0.748310 0.500000
v 0.906806 0.748310 0.500000
v 0.934412 0.748310 0.320061
v 0.832485 0.748310 0.167515
v 0.832485 0.795859 0.167515
v 0.934412 0.795859 0.320061
v 0.787655 0.748310 0.212345
v 0.875840 0.748310 0.344322
v 0.875840 0.795859 0.344322
v 0.787655 0.795859 0.212345
v 0.875840 0.795859 0.344322
v 0.934412 0.795859 0.320061
v 0.832485 0.795859 0.167515
v 0.787655 0.795859 0.212345
v 0.787655 0.748310 0.212345
v 0.832485 0.748310 0.167515
v 0.934412 0.748310 0.320061
v 0.875840 0.748310 0.344322
v 0.832485 0.748310 0.167515
v 0.679939 0.748310 0.065588
v 0.679939 0.795859 0.065588
v 0.832485 0.795859 0.167515
v 0.655678 0.748310 0.124160
v 0.787655 0.748310 0.212345
v 0.787655 0.795859 0.212345
v 0.655678 0.795859 0.124160
v 0.787655 0.795859 0.212345
v 0.832485 0.795859 0.167515
v 0.679939 0.795859 0.065588
v 0.655678 0.795859 0.124160
v 0.655678 0.748310 0.124160
v 0.679939 0.748310 0.065588
v 0.832485 0.748310 0.167515
v 0.787655 0.748310 0.212345
v 0.679939 0.748310 0.065588
v 0.500000 0.748310 0.029796
v 0.500000 0.795859 0.029796
v 0.679939 0.795859 0.065588
v 0.500000 0.748310 0.093194
v 0.655678 0.748310 0.124160
v 0.655678 0.795859 0.124160
v 0.500000 0.795859 0.093194
v 0.655678 0.795859 0.124160
v 0.679939 0.795859 0.065588
v 0.500000 0.795859 0.029796
v 0.500000 0.795859 0.093194
v 0.500000 0.748310 0.093194
v 0.500000 0.748310 0.029796
v 0.679939 0.748310 0.065588
v 0.655678 0.748310 0.124160
v 0.500000 0.748310 0.029796
v 0.320061 0.748310 0.065588
v 0.320061 0.795859 0.065588
v 0.500000 0.795859 0.029796
v 0.344322 0.748310 0.124160
v 0.500000 0.748310 0.093194
v 0.500000 0.795859 0.093194
v 0.344322 0.795859 0.124160
v 0.500000 0.795859 0.093194
v 0.500000 0.795859 0.029796
v 0.320061 0.795859 0.065588
v 0.344322 0.795859 0.124160
v 0.344322 0.748310 0.124160
v 0.320061 0.748310 0.065588
v 0.500000 0.748310 0.029796
v 0.500000 0.748310 0.093194
v 0.320061 0.748310 0.065588
v 0.167515 0.748310 0.167515
v 0.167515 0.795859 0.167515
v 0.320061 0.795859 0.065588
v 0.212345 0.748310 0.212345
v 0.344322 0.748310 0.124160
v 0.344322 0.795859 0.124160
v 0.212345 0.795859 0.212345
v 0.344322 0.795859 0.124160
v 0.320061 0.795859 0.065588
v 0.167515 0.795859 0.167515
v 0.212345 0.795859 0.212345
v 0.212345 0.748310 0.212345
v 0.167515 0.748310 0.167515
v 0.320061 0.748310 0.065588
v 0.344322 0.748310 0.124160
v 0.167515 0.748310 0.167515
v 0.065588 0.748310 0.320061
v 0.065588 0.795859 0.320061
v 0.167515 0.795859 0.167515
v 0.124160 0.748310 0.344322
v 0.212345 0.748310 0.212345
v 0.212345 0.795859 0.212345
v 0.124160 0.795859 0.344322
v 0.212345 0.795859 0.212345
v 0.167515 0.795859 0.167515
v 0.065588 0.795859 0.320061
v 0.124160 0.795859 0.344322
v 0.124160 0.748310 0.344322
v 0.065588 0.748310 0.320061
v 0.167515 0.748310 0.167515
v 0.212345 0.748310 0.212345
v 0.065588 0.748310 0.320061
v 0.029796 0.748310 0.500000
v 0.029796 0.795859 0.500000
v 0.065588 0.795859 0.320061
v 0.093194 0.748310 0.500000
v 0.124160 0.748310 0.344322
v 0.124160 0.795859 0.344322
v 0.093194 0.795859 0.500000
v 0.124160 0.795859 0.344322
v 0.065588 0.795859 0.320061
v 0.029796 0.795859 0.500000
v 0.093194 0.795859 0.500000
v 0.093194 0.748310 0.500000
v 0.029796 0.748310 0.500000
v 0.065588 0.748310 0.320061
v 0.124160 0.748310 0.344322
v 0.029796 0.748310 0.500000
v 0.065588 0.748310 0.679939
v 0.065588 0.795859 0.679939
v 0.029796 0.795859 0.500000
v 0.124160 0.748310 0.655678
v 0.093194 0.748310 0.500000
v 0.093194 0.795859 0.500000
v 0.124160 0.795859 0.655678
v 0.093194 0.795859 0.500000
v 0.029796 0.795859 0.500000
v 0.065588 0.795859 0.679939
v 0.124160 0.795859 0.655678
v 0.124160 0.748310 0.655678
v 0.065588 0.748310 0.679939
v 0.029796 0.748310 0.500000
v 0.093194 0.748310 0.500000
v 0.065588 0.748310 0.679939
v 0.167515 0.748310 0.832485
v 0.167515 0.795859 0.832485
v 0.065588 0.795859 0.679939
v 0.212345 0.748310 0.787655
v 0.124160 0.748310 0.655678
v 0.124160 0.795859 0.655678
v 0.212345 0.795859 0.787655
v 0.124160 0.795859 0.655678
v 0.065588 0.795859 0.679939
v 0.167515 0.795859 0.832485
v 0.212345 0.795859 0.787655
v 0.212345 0.748310 0.787655
v 0.167515 0.748310 0.832485
v 0.065588 0.748310 0.679939
v 0.124160 0.748310 0.655678
v 0.167515 0.748310 0.832485
v 0.320061 0.748310 0.934412
v 0.320061 0.795859 0.934412
v 0.167515 0.795859 0.832485
v 0.344322 0.748310 0.875840
v 0.212345 0.748310 0.787655
v 0.212345 0.795859 0.787655
v 0.344322 0.795859 0.875840
v 0.212345 0.795859 0.787655
v 0.167515 0.795859 0.832485
v 0.320061 0.795859 0.934412
v 0.344322 0.795859 0.875840
v 0.344322 0.748310 0.875840
v 0.320061 0.748310 0.934412
v 0.167515 0.748310 0.832485
v 0.212345 0.748310 0.787655
v 0.320061 0.748310 0.934412
v 0.500000 0.748310 0.970204
v 0.500000 0.795859 0.970204
v 0.320061 0.795859 0.934412
v 0.500000 0.748310 0.906806
v 0.344322 0.748310 0.875840
v 0.344322 0.795859 0.875840
v 0.500000 0.795859 0.906806
v 0.344322 0.795859 0.875840
v 0.320061 0.795859 0.934412
v 0.500000 0.795859 0.970204
v 0.500000 0.795859 0.906806
v 0.500000 0.748310 0.906806
v 0.500000 0.748310 0.970204
v 0.320061 0.748310 0.934412
v 0.344322 0.748310 0.875840
v 0.500000 0.748310 0.970204
v 0.679939 0.748310 0.934412
v 0.679939 0.795859 0.934412
v 0.500000 0.795859 0.970204
v 0.655678 0.748310 0.875840
v 0.500000 0.748310 0.906806
v 0.500000 0.795859 0.906806
v 0.655678 0.795859 0.875840
v 0.500000 0.795859 0.906806
v 0.500000 0.795859 0.970204
v 0.679939 0.795859 0.934412
v 0.655678 0.795859 0.875840
v 0.655678 0.748310 0.875840
v 0.679939 0.748310 0.934412
v 0.500000 0.748310 0.970204
v 0.500000 0.748310 0.906806
v 0.679939 0.748310 0.934412
v 0.832485 0.748310 0.832485
v 0.832485 0.795859 0.832485
v 0.679939 0.795859 0.934412
v 0.787655 0.748310 0.787655
v 0.655678 0.748310 0.875840
v 0.655678 0.795859 0.875840
v 0.787655 0.795859 0.787655
v 0.655678 0.795859 0.875840
v 0.679939 0.795859 0.934412
v 0.832485 0.795859 0.832485
v 0.787655 0.795859 0.787655
v 0.787655 0.748310 0.787655
v 0.832485 0.748310 0.832485
v 0.679939 0.748310 0.934412
v 0.655678 0.748310 0.875840
v 0.832485 0.748310 0.832485
v 0.934412 0.748310 0.679939
v 0.934412 0.795859 0.679939
v 0.832485 0.795859 0.832485
v 0.875840 0.748310 0.655678
v 0.787655 0.748310 0.787655
v 0.787655 0.795859 0.787655
v 0.875840 0.795859 0.655678
v 0.787655 0.795859 0.787655
v 0.832485 0.795859 0.832485
v 0.934412 0.795859 0.679939
v 0.875840 0.795859 0.655678
v 0.875840 0.748310 0.655678
v 0.934412 0.748310 0.679939
v 0.832485 0.748310 0.832485
v 0.787655 0.748310 0.787655
v 0.934412 0.748310 0.679939
v 0.970204 0.748310 0.500000
v 0.970204 0.795859 0.500000
v 0.934412 0.795859 0.679939
v 0.906806 0.748310 0.500000
v 0.875840 0.748310 0.655678
v 0.875840 0.795859 0.655678
v 0.906806 0.795859 0.500000
v 0.875840 0.795859 0.655678
v 0.934412 0.795859 0.679939
v 0.970204 0.795859 0.500000
v 0.906806 0.795859 0.500000
v 0.906806 0.748310 0.500000
v 0.970204 0.748310 0.500000
v 0.934412 0.748310 0.679939
v 0.875840 0.748310 0.655678
v 0.970204 0.204141 0.500000
v 0.934412 0.204141 0.320061
v 0.934412 0.251690 0.320061
v 0.970204 0.251690 0.500000
v 0.875840 0.204141 0.344322
v 0.906806 0.204141 0.500000
v 0.906806 0.251690 0.500000
v 0.875840 0.251690 0.344322
v 0.906806 0.251690 0.500000
v 0.970204 0.251690 0.500000
v 0.934412 0.251690 0.320061
v 0.875840 0.251690 0.344322
v 0.875840 0.204141 0.344322
v 0.934412 0.204141 0.320061
v 0.970204 0.204141 0.500000
v 0.906806 0.204141 0.500000
v 0.934412 0.204141 0.320061
v 0.832485 0.204141 0.167515
v 0.832485 0.251690 0.167515
v 0.934412 0.251690 0.320061
v 0.787655 0.204141 0.212345
v 0.875840 0.204141 0.344322
v 0.875840 0.251690 0.344322
v 0.787655 0.251690 0.212345
v 0.875840 0.251690 0.344322
v 0.934412 0.251690 0.320061
v 0.832485 0.251690 0.167515
v 0.787655 0.251690 0.212345
v 0.787655 0.204141 0.212345
v 0.832485 0.204141 0.167515
v 0.934412 0.204141 0.320061
v 0.875840 0.204141 0.344322
v 0.832485 0.204141 0.167515
v 0.679939 0.204141 0.065588
v 0.679939 0.251690 0.065588
v 0.832485 0.251690 0.167515
v 0.655678 0.204141 0.124160
v 0.787655 0.204141 0.212345
v 0.787655 0.251690 0.212345
v 0.655678 0.251690 0.124160
v 0.787655 0.251690 0.212345
v 0.832485 0.251690 0.167515
v 0.679939 0.251690 0.065588
v 0.655678 0.251690 0.124160
v 0.655678 0.204141 0.124160
v 0.679939 0.204141 0.065588
v 0.832485 0.204141 0.167515
v 0.787655 0.204141 0.212345
v 0.679939 0.204141 0.065588
v 0.500000 0.204141 0.029796
v 0.500000 0.251690 0.029796
v 0.679939 0.251690 0.065588
v 0.500000 0.204141 0.093194
v 0.655678 0.204141 0.124160
v 0.655678 0.251690 0.124160
v 0.500000 0.251690 0.093194
v 0.655678 0.251690 0.124160
v 0.679939 0.251690 0.065588
v 0.500000 0.251690 0.029796
v 0.500000 0.251690 0.093194
v 0.500000 0.204141 0.093194
v 0.500000 0.204141 0.029796
v 0.679939 0.204141 0.065588
v 0.655678 0.204141 0.124160
v 0.500000 0.204141 0.029796
v 0.320061 0.204141 0.065588
v 0.320061 0.251690 0.065588
v 0.500000 0.251690 0.029796
v 0.344322 0.204141 0.124160
v 0.500000 0.204141 0.093194
v 0.500000 0.251690 0.093194
v 0.344322 0.251690 0.124160
v 0.500000 0.251690 0.093194
v 0.500000 0.251690 0.029796
v 0.320061 0.251690 0.065588
v 0.344322 0.251690 0.124160
v 0.344322 0.204141 0.124160
v 0.320061 0.204141 0.065588
v 0.500000 0.204141 0.029796
v 0.500000 0.204141 0.093194
v 0.320061 0.204141 0.065588
v 0.167515 0.204141 0.167515
v 0.167515 0.251690 0.167515
v 0.320061 0.251690 0.065588
v 0.212345 0.204141 0.212345
v 0.344322 0.204141 0.124160
v 0.344322 0.251690 0.124160
v 0.212345 0.251690 0.212345
v 0.344322 0.251690 0.124160
v 0.320061 0.251690 0.065588
v 0.167515 0.251690 0.167515
v 0.212345 0.251690 0.212345
v 0.212345 0.204141 0.212345
v 0.167515 0.204141 0.167515
v 0.320061 0.204141 0.065588
v 0.344322 0.204141 0.124160
v 0.167515 0.204141 0.167515
v 0.065588 0.204141 0.320061
v 0.065588 0.251690 0.320061
v 0.167515 0.251690 0.167515
v 0.124160 0.204141 0.344322
v 0.212345 0.204141 0.212345
v 0.212345 0.251690 0.212345
v 0.124160 0.251690 0.344322
v 0.212345 0.251690 0.212345
v 0.167515 0.251690 0.167515
v 0.065588 0.251690 0.320061
v 0.124160 0.251690 0.344322
v 0.124160 0.204141 0.344322
v 0.065588 0.204141 0.320061
v 0.167515 0.204141 0.167515
v 0.212345 0.204141 0.212345
v 0.065588 0.204141 0.320061
v 0.029796 0.204141 0.500000
v 0.029796 0.251690 0.500000
v 0.065588 0.251690 0.320061
v 0.093194 0.204141 0.500000
v 0.124160 0.204141 0.344322
v 0.124160 0.251690 0.344322
v 0.093194 0.251690 0.500000
v 0.124160 0.251690 0.344322
v 0.065588 0.251690 0.320061
v 0.029796 0.251690 0.500000
v 0.093194 0.251690 0.500000
v 0.093194 0.204141 0.500000
v 0.029796 0.204141 0.500000
v 0.065588 0.204141 0.320061
v 0.124160 0.204141 0.344322
v 0.029796 0.204141 0.500000
v 0.065588 0.204141 0.679939
v 0.065588 0.251690 0.679939
v 0.029796 0.251690 0.500000
v 0.124160 0.204141 0.655678
v 0.093194 0.204141 0.500000
v 0.093194 0.251690 0.500000
v 0.124160 0.251690 0.655678
v 0.093194 0.251690 0.500000
v 0.029796 0.251690 0.500000
v 0.065588 0.251690 0.679939
v 0.124160 0.251690 0.655678
v 0.124160 0.204141 0.655678
v 0.065588 0.204141 0.679939
v 0.029796 0.204141 0.500000
v 0.093194 0.204141 0.500000
v 0.065588 0.204141 0.679939
v 0.167515 0.204141 0.832485
v 0.167515 0.251690 0.832485
v 0.065588 0.251690 0.679939
v 0.212345 0.204141 0.787655
v 0.124160 0.204141 0.655678
v 0.124160 0.251690 0.655678
v 0.212345 0.251690 0.787655
v 0.124160 0.251690 0.655678
v 0.065588 0.251690 0.679939
v 0.167515 0.251690 0.832485
v 0.212345 0.251690 0.787655
v 0.212345 0.204141 0.787655
v 0.167515 0.204141 0.832485
v 0.065588 0.204141 0.679939
v 0.124160 0.204141 0.655678
v 0.167515 0.204141 0.832485
v 0.320061 0.204141 0.934412
v 0.320061 0.251690 0.934412
v 0.167515 0.251690 0.832485
v 0.344322 0.204141 0.875840
v 0.212345 0.204141 0.787655
v 0.212345 0.251690 0.787655
v 0.344322 0.251690 0.875840
v 0.212345 0.251690 0.787655
v 0.167515 0.251690 0.832485
v 0.320061 0.251690 0.934412
v 0.344322 0.251690 0.875840
v 0.344322 0.204141 0.875840
v 0.320061 0.204141 0.934412
v 0.167515 0.204141 0.832485
v 0.212345 0.204141 0.787655
v 0.320061 0.204141 0.934412
v 0.500000 0.204141 0.970204
v 0.500000 0.251690 0.970204
v 0.320061 0.251690 0.934412
v 0.500000 0.204141 0.906806
v 0.344322 0.204141 0.875840
v 0.344322 0.251690 0.875840
v 0.500000 0.251690 0.906806
v 0.344322 0.251690 0.875840
v 0.320061 0.251690 0.934412
v 0.500000 0.251690 0.970204
v 0.500000 0.251690 0.906806
v 0.500000 0.204141 0.906806
v 0.500000 0.204141 0.970204
v 0.320061 0.204141 0.934412
v 0.344322 0.204141 0.875840
v 0.500000 0.204141 0.970204
v 0.679939 0.204141 0.934412
v 0.679939 0.251690 0.934412
v 0.500000 0.251690 0.970204
v 0.655678 0.204141 0.875840
v 0.500000 0.204141 0.906806
v 0.500000 0.251690 0.906806
v 0.655678 0.251690 0.875840
v 0.500000 0.251690 0.906806
v 0.500000 0.251690 0.970204
v 0.679939 0.251690 0.934412
v 0.655678 0.251690 0.875840
v 0.655678 0.204141 0.875840
v 0.679939 0.204141 0.934412
v 0.500000 0.204141 0.970204
v 0.500000 0.204141 0.906806
v 0.679939 0.204141 0.934412
v 0.832485 0.204141 0.832485
v 0.832485 0.251690 0.832485
v 0.679939 0.251690 0.934412
v 0.787655 0.204141 0.787655
v 0.655678 0.204141 0.875840
v 0.655678 0.251690 0.875840
v 0.787655 0.251690 0.787655
v 0.655678 0.251690 0.875840
v 0.679939 0.251690 0.934412
v 0.832485 0.251690 0.832485
v 0.787655 0.251690 0.787655
v 0.787655 0.204141 0.787655
v 0.832485 0.204141 0.832485
v 0.679939 0.204141 0.934412
v 0.655678 0.204141 0.875840
v 0.832485 0.204141 0.832485
v 0.934412 0.204141 0.679939
v 0.934412 0.251690 0.679939
v 0.832485 0.251690 0.832485
v 0.875840 0.204141 0.655678
v 0.787655 0.204141 0.787655
v 0.787655 0.251690 0.787655
v 0.875840 0.251690 0.655678
v 0.787655 0.251690 0.787655
v 0.832485 0.251690 0.832485
v 0.934412 0.251690 0.679939
v 0.875840 0.251690 0.655678
v 0.875840 0.204141 0.655678
v 0.934412 0.204141 0.679939
v 0.832485 0.204141 0.832485
v 0.787655 0.204141 0.787655
v 0.934412 0.204141 0.679939
v 0.970204 0.204141 0.500000
v 0.970204 0.251690 0.500000
v 0.934412 0.251690 0.679939
v 0.906806 0.204141 0.500000
v 0.875840 0.204141 0.655678
v 0.875840 0.251690 0.655678
v 0.906806 0.251690 0.500000
v 0.875840 0.251690 0.655678
v 0.934412 0.251690 0.679939
v 0.970204 0.251690 0.500000
v 0.906806 0.251690 0.500000
v 0.906806 0.204141 0.500000
v 0.970204 0.204141 0.500000
v 0.934412 0.204141 0.679939
v 0.875840 0.204141 0.655678
v 0.917372 0.700761 0.500000
v 0.885602 0.700761 0.340278
v 0.885602 0.764160 0.340278
v 0.917372 0.764160 0.500000
v 0.807505 0.700761 0.372627
v 0.832841 0.700761 0.500000
v 0.832841 0.764160 0.500000
v 0.807505 0.764160 0.372627
v 0.832841 0.764160 0.500000
v 0.917372 0.764160 0.500000
v 0.885602 0.764160 0.340278
v 0.807505 0.764160 0.372627
v 0.807505 0.700761 0.372627
v 0.885602 0.700761 0.340278
v 0.917372 0.700761 0.500000
v 0.832841 0.700761 0.500000
v 0.885602 0.700761 0.340278
v 0.795127 0.700761 0.204873
v 0.795127 0.764160 0.204873
v 0.885602 0.764160 0.340278
v 0.735354 0.700761 0.264646
v 0.807505 0.700761 0.372627
v 0.807505 0.764160 0.372627
v 0.735354 0.764160 0.264646
v 0.807505 0.764160 0.372627
v 0.885602 0.764160 0.340278
v 0.795127 0.764160 0.204873
v 0.735354 0.764160 0.264646
v 0.735354 0.700761 0.264646
v 0.795127 0.700761 0.204873
v 0.885602 0.700761 0.340278
v 0.807505 0.700761 0.372627
v 0.795127 0.700761 0.204873
v 0.659722 0.700761 0.114398
v 0.659722 0.764160 0.114398
v 0.795127 0.764160 0.204873
v 0.627373 0.700761 0.192495
v 0.735354 0.700761 0.264646
v 0.735354 0.764160 0.264646
v 0.627373 0.764160 0.192495
v 0.735354 0.764160 0.264646
v 0.795127 0.764160 0.204873
v 0.659722 0.764160 0.114398
v 0.627373 0.764160 0.192495
v 0.627373 0.700761 0.192495
v 0.659722 0.700761 0.114398
v 0.795127 0.700761 0.204873
v 0.735354 0.700761 0.264646
v 0.659722 0.700761 0.114398
v 0.500000 0.700761 0.082628
v 0.500000 0.764160 0.082628
v 0.659722 0.764160 0.114398
v 0.500000 0.700761 0.167159
v 0.627373 0.700761 0.192495
v 0.627373 0.764160 0.192495
v 0.500000 0.764160 0.167159
v 0.627373 0.764160 0.192495
v 0.659722 0.764160 0.114398
v 0.500000 0.764160 0.082628
v 0.500000 0.764160 0.167159
v 0.500000 0.700761 0.167159
v 0.500000 0.700761 0.082628
v 0.659722 0.700761 0.114398
v 0.627373 0.700761 0.192495
v 0.500000 0.700761 0.082628
v 0.340278 0.700761 0.114398
v 0.340278 0.764160 0.114398
v 0.500000 0.764160 0.082628
v 0.372627 0.700761 0.192495
v 0.500000 0.700761 0.167159
v 0.500000 0.764160 0.167159
v 0.372627 0.764160 0.192495
v 0.500000 0.764160 0.167159
v 0.500000 0.764160 0.082628
v 0.340278 0.764160 0.114398
v 0.372627 0.764160 0.192495
v 0.372627 0.700761 0.192495
v 0.340278 0.700761 0.114398
v 0.500000 0.700761 0.082628
v 0.500000 0.700761 0.167159
v 0.340278 0.700761 0.114398
v 0.204873 0.700761 0.204873
v 0.204873 0.764160 0.204873
v 0.340278 0.764160 0.114398
v 0.264646 0.700761 0.264646
v 0.372627 0.700761 0.192495
v 0.372627 0.764160 0.192495
v 0.264646 0.764160 0.264646
v 0.372627 0.764160 0.192495
v 0.340278 0.764160 0.114398
v 0.204873 0.764160 0.204873
v 0.264646 0.764160 0.264646
v 0.264646 0.700761 0.264646
v 0.204873 0.700761 0.204873
v 0.340278 0.700761 0.114398
v 0.372627 0.700761 0.192495
v 0.204873 0.700761 0.204873
v 0.114398 0.700761 0.340278
v 0.114398 0.764160 0.340278
v 0.204873 0.764160 0.204873
v 0.192495 0.700761 0.372627
v 0.264646 0.700761 0.264646
v 0.264646 0.764160 0.264646
v 0.192495 0.764160 0.372627
v 0.264646 0.764160 0.264646
v 0.204873 0.764160 0.204873
v 0.114398 0.764160 0.340278
v 0.192495 0.764160 0.372627
v 0.192495 0.700761 0.372627
v 0.114398 0.700761 0.340278
v 0.204873 0.700761 0.204873
v 0.264646 0.700761 0.264646
v 0.114398 0.700761 0.340278
v 0.082628 0.700761 0.500000
v 0.082628 0.764160 0.500000
v 0.114398 0.764160 0.340278
v 0.167159 0.700761 0.500000
v 0.192495 0.700761 0.372627
v 0.192495 0.764160 0.372627
v 0.167159 0.764160 0.500000
v 0.192495 0.764160 0.372627
v 0.114398 0.764160 0.340278
v 0.082628 0.764160 0.500000
v 0.167159 0.764160 0.500000
v 0.167159 0.700761 0.500000
v 0.082628 0.700761 0.500000
v 0.114398 0.700761 0.340278
v 0.192495 0.700761 0.372627
v 0.082628 0.700761 0.500000
v 0.114398 0.700761 0.659722
v 0.114398 0.764160 0.659722
v 0.082628 0.764160 0.500000
v 0.192495 0.700761 0.627373
v 0.167159 0.700761 0.500000
v 0.167159 0.764160 0.500000
v 0.192495 0.764160 0.627373
v 0.167159 0.764160 0.500000
v 0.082628 0.764160 0.500000
v 0.114398 0.764160 0.659722
v 0.192495 0.764160 0.627373
v 0.192495 0.700761 0.627373
v 0.114398 0.700761 0.659722
v 0.082628 0.700761 0.500000
v 0.167159 0.700761 0.500000
v 0.114398 0.700761 0.659722
v 0.204873 0.700761 0.795127
v 0.204873 0.764160 0.795127
v 0.114398 0.764160 0.659722
v 0.264646 0.700761 0.735354
v 0.192495 0.700761 0.627373
v 0.192495 0.764160 0.627373
v 0.264646 0.764160 0.735354
v 0.192495 0.764160 0.627373
v 0.114398 0.764160 0.659722
v 0.204873 0.764160 0.795127
v 0.264646 0.764160 0.735354
v 0.264646 0.700761 0.735354
v 0.204873 0.700761 0.795127
v 0.114398 0.700761 0.659722
v 0.192495 0.700761 0.627373
v 0.204873 0.700761 0.795127
v 0.340278 0.700761 0.885602
v 0.340278 0.764160 0.885602
v 0.204873 0.764160 0.795127
v 0.372627 0.700761 0.807505
v 0.264646 0.700761 0.735354
v 0.264646 0.764160 0.735354
v 0.372627 0.764160 0.807505
v 0.264646 0.764160 0.735354
v 0.204873 0.764160 0.795127
v 0.340278 0.764160 0.885602
v 0.372627 0.764160 0.807505
v 0.372627 0.700761 0.807505
v 0.340278 0.700761 0.885602
v 0.204873 0.700761 0.795127
v 0.264646 0.700761 0.735354
v 0.340278 0.700761 0.885602
v 0.500000 0.700761 0.917372
v 0.500000 0.764160 0.917372
v 0.340278 0.764160 0.885602
v 0.500000 0.700761 0.832841
v 0.372627 0.700761 0.807505
v 0.372627 0.764160 0.807505
v 0.500000 0.764160 0.832841
v 0.372627 0.764160 0.807505
v 0.340278 0.764160 0.885602
v 0.500000 0.764160 0.917372
v 0.500000 0.764160 0.832841
v 0.500000 0.700761 0.832841
v 0.500000 0.700761 0.917372
v 0.340278 0.700761 0.885602
v 0.372627 0.700761 0.807505
v 0.500000 0.700761 0.917372
v 0.659722 0.700761 0.885602
v 0.659722 0.764160 0.885602
v 0.500000 0.764160 0.917372
v 0.627373 0.700761 0.807505
v 0.500000 0.700761 0.832841
v 0.500000 0.764160 0.832841
v 0.627373 0.764160 0.807505
v 0.500000 0.764160 0.832841
v 0.500000 0.764160 0.917372
v 0.659722 0.764160 0.885602
v 0.627373 0.764160 0.807505
v 0.627373 0.700761 0.807505
v 0.659722 0.700761 0.885602
v 0.500000 0.700761 0.917372
v 0.500000 0.700761 0.832841
v 0.659722 0.700761 0.885602
v 0.795127 0.700761 0.795127
v 0.795127 0.764160 0.795127
v 0.659722 0.764160 0.885602
v 0.735354 0.700761 0.735354
v 0.627373 0.700761 0.807505
v 0.627373 0.764160 0.807505
v 0.735354 0.764160 0.735354
v 0.627373 0.764160 0.807505
v 0.659722 0.764160 0.885602
v 0.795127 0.764160 0.795127
v 0.735354 0.764160 0.735354
v 0.735354 0.700761 0.735354
v 0.795127 0.700761 0.795127
v 0.659722 0.700761 0.885602
v 0.627373 0.700761 0.807505
v 0.795127 0.700761 0.795127
v 0.885602 0.700761 0.659722
v 0.885602 0.764160 0.659722
v 0.795127 0.764160 0.795127
v 0.807505 0.700761 0.627373
v 0.735354 0.700761 0.735354
v 0.735354 0.764160 0.735354
v 0.807505 0.764160 0.627373
v 0.735354 0.764160 0.735354
v 0.795127 0.764160 0.795127
v 0.885602 0.764160 0.659722
v 0.807505 0.764160 0.627373
v 0.807505 0.700761 0.627373
v 0.885602 0.700761 0.659722
v 0.795127 0.700761 0.795127
v 0.735354 0.700761 0.735354
v 0.885602 0.700761 0.659722
v 0.917372 0.700761 0.500000
v 0.917372 0.764160 0.500000
v 0.885602 0.764160 0.659722
v 0.832841 0.700761 0.500000
v 0.807505 0.700761 0.627373
v 0.807505 0.764160 0.627373
v 0.832841 0.764160 0.500000
v 0.807505 0.764160 0.627373
v 0.885602 0.764160 0.659722
v 0.917372 0.764160 0.500000
v 0.832841 0.764160 0.500000
v 0.832841 0.700761 0.500000
v 0.917372 0.700761 0.500000
v 0.885602 0.700761 0.659722
v 0.807505 0.700761 0.627373
v 0.843408 0.658496 0.500000
v 0.817267 0.658496 0.368584
v 0.817267 0.721894 0.368584
v 0.843408 0.721894 0.500000
v 0.739171 0.658496 0.400932
v 0.758877 0.658496 0.500000
v 0.758877 0.721894 0.500000
v 0.739171 0.721894 0.400932
v 0.758877 0.721894 0.500000
v 0.843408 0.721894 0.500000
v 0.817267 0.721894 0.368584
v 0.739171 0.721894 0.400932
v 0.739171 0.658496 0.400932
v 0.817267 0.658496 0.368584
v 0.843408 0.658496 0.500000
v 0.758877 0.658496 0.500000
v 0.817267 0.658496 0.368584
v 0.742826 0.658496 0.257174
v 0.742826 0.721894 0.257174
v 0.817267 0.721894 0.368584
v 0.683053 0.658496 0.316947
v 0.739171 0.658496 0.400932
v 0.739171 0.721894 0.400932
v 0.683053 0.721894 0.316947
v 0.739171 0.721894 0.400932
v 0.817267 0.721894 0.368584
v 0.742826 0.721894 0.257174
v 0.683053 0.721894 0.316947
v 0.683053 0.658496 0.316947
v 0.742826 0.658496 0.257174
v 0.817267 0.658496 0.368584
v 0.739171 0.658496 0.400932
v 0.742826 0.658496 0.257174
v 0.631416 0.658496 0.182733
v 0.631416 0.721894 0.182733
v 0.742826 0.721894 0.257174
v 0.599068 0.658496 0.260829
v 0.683053 0.658496 0.316947
v 0.683053 0.721894 0.316947
v 0.599068 0.721894 0.260829
v 0.683053 0.721894 0.316947
v 0.742826 0.721894 0.257174
v 0.631416 0.721894 0.182733
v 0.599068 0.721894 0.260829
v 0.599068 0.658496 0.260829
v 0.631416 0.658496 0.182733
v 0.742826 0.658496 0.257174
v 0.683053 0.658496 0.316947
v 0.631416 0.658496 0.182733
v 0.500000 0.658496 0.156592
v 0.500000 0.721894 0.156592
v 0.631416 0.721894 0.182733
v 0.500000 0.658496 0.241123
v 0.599068 0.658496 0.260829
v 0.599068 0.721894 0.260829
v 0.500000 0.721894 0.241123
v 0.599068 0.721894 0.260829
v 0.631416 0.721894 0.182733
v 0.500000 0.721894 0.156592
v 0.500000 0.721894 0.241123
v 0.500000 0.658496 0.241123
v 0.500000 0.658496 0.156592
v 0.631416 0.658496 0.182733
v 0.599068 0.658496 0.260829
v 0.500000 0.658496 0.156592
v 0.368584 0.658496 0.182733
v 0.368584 0.721894 0.182733
v 0.500000 0.721894 0.156592
v 0.400932 0.658496 0.260829
v 0.500000 0.658496 0.241123
v 0.500000 0.721894 0.241123
v 0.400932 0.721894 0.260829
v 0.500000 0.721894 0.241123
v 0.500000 0.721894 0.156592
v 0.368584 0.721894 0.182733
v 0.400932 0.721894 0.260829
v 0.400932 0.658496 0.260829
v 0.368584 0.658496 0.182733
v 0.500000 0.658496 0.156592
v 0.500000 0.658496 0.241123
v 0.368584 0.658496 0.182733
v 0.257174 0.658496 0.257174
v 0.257174 0.721894 0.257174
v 0.368584 0.721894 0.182733
v 0.316947 0.658496 0.316947
v 0.400932 0.658496 0.260829
v 0.400932 0.721894 0.260829
v 0.316947 0.721894 0.316947
v 0.400932 0.721894 0.260829
v 0.368584 0.721894 0.182733
v 0.257174 0.721894 0.257174
v 0.316947 0.721894 0.316947
v 0.316947 0.658496 0.316947
v 0.257174 0.658496 0.257174
v 0.368584 0.658496 0.182733
v 0.400932 0.658496 0.260829
v 0.257174 0.658496 0.257174
v 0.182733 0.658496 0.368584
v 0.182733 0.721894 0.368584
v 0.257174 0.721894 0.257174
v 0.260829 0.658496 0.400932
v 0.316947 0.658496 0.316947
v 0.316947 0.721894 0.316947
v 0.260829 0.721894 0.400932
v 0.316947 0.721894 0.316947
v 0.257174 0.721894 0.257174
v 0.182733 0.721894 0.368584
v 0.260829 0.721894 0.400932
v 0.260829 0.658496 0.400932
v 0.182733 0.658496 0.368584
v 0.257174 0.658496 0.257174
v 0.316947 0.658496 0.316947
v 0.182733 0.658496 0.368584
v 0.156592 0.658496 0.500000
v 0.156592 0.721894 0.500000
v 0.182733 0.721894 0.368584
v 0.241123 0.658496 0.500000
v 0.260829 0.658496 0.400932
v 0.260829 0.721894 0.400932
v 0.241123 0.721894 0.500000
v 0.260829 0.721894 0.400932
v 0.182733 0.721894 0.368584
v 0.156592 0.721894 0.500000
v 0.241123 0.721894 0.500000
v 0.241123 0.658496 0.500000
v 0.156592 0.658496 0.500000
v 0.182733 0.658496 0.368584
v 0.260829 0.658496 0.400932
v 0.156592 0.658496 0.500000
v 0.182733 0.658496 0.631416
v 0.182733 0.721894 0.631416
v 0.156592 0.721894 0.500000
v 0.260829 0.658496 0.599068
v 0.241123 0.658496 0.500000
v 0.241123 0.721894 0.500000
v 0.260829 0.721894 0.599068
v 0.241123 0.721894 0.500000
v 0.156592 0.721894 0.500000
v 0.182733 0.721894 0.631416
v 0.260829 0.721894 0.599068
v 0.260829 0.658496 0.599068
v 0.182733 0.658496 0.631416
v 0.156592 0.658496 0.500000
v 0.241123 0.658496 0.500000
v 0.182733 0.658496 0.631416
v 0.257174 0.658496 0.742826
v 0.257174 0.721894 0.742826
v 0.182733 0.721894 0.631416
v 0.316947 0.658496 0.683053
v 0.260829 0.658496 0.599068
v 0.260829 0.721894 0.599068
v 0.316947 0.721894 0.683053
v 0.260829 0.721894 0.599068
v 0.182733 0.721894 0.631416
v 0.257174 0.721894 0.742826
v 0.316947 0.721894 0.683053
v 0.316947 0.658496 0.683053
v 0.257174 0.658496 0.742826
v 0.182733 0.658496 0.631416
v 0.260829 0.658496 0.599068
v 0.257174 0.658496 0.742826
v 0.368584 0.658496 0.817267
v 0.368584 0.721894 0.817267
v 0.257174 0.721894 0.742826
v 0.400932 0.658496 0.739171
v 0.316947 0.658496 0.683053
v 0.316947 0.721894 0.683053
v 0.400932 0.721894 0.739171
v 0.316947 0.721894 0.683053
v 0.257174 0.721894 0.742826
v 0.368584 0.721894 0.817267
v 0.400932 0.721894 0.739171
v 0.400932 0.658496 0.739171
v 0.368584 0.658496 0.817267
v 0.257174 0.658496 0.742826
v 0.316947 0.658496 0.683053
v 0.368584 0.658496 0.817267
v 0.500000 0.658496 0.843408
v 0.500000 0.721894 0.843408
v 0.368584 0.721894 0.817267
v 0.500000 0.658496 0.758877
v 0.400932 0.658496 0.739171
v 0.400932 0.721894 0.739171
v 0.500000 0.721894 0.758877
v 0.400932 0.721894 0.739171
v 0.368584 0.721894 0.817267
v 0.500000 0.721894 0.843408
v 0.500000 0.721894 0.758877
v 0.500000 0.658496 0.758877
v 0.500000 0.658496 0.843408
v 0.368584 0.658496 0.817267
v 0.400932 0.658496 0.739171
v 0.500000 0.658496 0.843408
v 0.631416 0.658496 0.817267
v 0.631416 0.721894 0.817267
v 0.500000 0.721894 0.843408
v 0.599068 0.658496 0.739171
v 0.500000 0.658496 0.758877
v 0.500000 0.721894 0.758877
v 0.599068 0.721894 0.739171
v 0.500000 0.721894 0.758877
v 0.500000 0.721894 0.843408
v 0.631416 0.721894 0.817267
v 0.599068 0.721894 0.739171
v 0.599068 0.658496 0.739171
v 0.631416 0.658496 0.817267
v 0.500000 0.658496 0.843408
v 0.500000 0.658496 0.758877
v 0.631416 0.658496 0.817267
v 0.742826 0.658496 0.742826
v 0.742826 0.721894 0.742826
v 0.631416 0.721894 0.817267
v 0.683053 0.658496 0.683053
v 0.599068 0.658496 0.739171
v 0.599068 0.721894 0.739171
v 0.683053 0.721894 0.683053
v 0.599068 0.721894 0.739171
v 0.631416 0.721894 0.817267
v 0.742826 0.721894 0.742826
v 0.683053 0.721894 0.683053
v 0.683053 0.658496 0.683053
v 0.742826 0.658496 0.742826
v 0.631416 0.658496 0.817267
v 0.599068 0.658496 0.739171
v 0.742826 0.658496 0.742826
v 0.817267 0.658496 0.631416
v 0.817267 0.721894 0.631416
v 0.742826 0.721894 0.742826
v 0.739171 0.658496 0.599068
v 0.683053 0.658496 0.683053
v 0.683053 0.721894 0.683053
v 0.739171 0.721894 0.599068
v 0.683053 0.721894 0.683053
v 0.742826 0.721894 0.742826
v 0.817267 0.721894 0.631416
v 0.739171 0.721894 0.599068
v 0.739171 0.658496 0.599068
v 0.817267 0.658496 0.631416
v 0.742826 0.658496 0.742826
v 0.683053 0.658496 0.683053
v 0.817267 0.658496 0.631416
v 0.843408 0.658496 0.500000
v 0.843408 0.721894 0.500000
v 0.817267 0.721894 0.631416
v 0.758877 0.658496 0.500000
v 0.739171 0.658496 0.599068
v 0.739171 0.721894 0.599068
v 0.758877 0.721894 0.500000
v 0.739171 0.721894 0.599068
v 0.817267 0.721894 0.631416
v 0.843408 0.721894 0.500000
v 0.758877 0.721894 0.500000
v 0.758877 0.658496 0.500000
v 0.843408 0.658496 0.500000
v 0.817267 0.658496 0.631416
v 0.739171 0.658496 0.599068
v 0.769443 0.616230 0.500000
v 0.748933 0.616230 0.396889
v 0.748933 0.679629 0.396889
v 0.769443 0.679629 0.500000
v 0.670836 0.616230 0.429237
v 0.684912 0.616230 0.500000
v 0.684912 0.679629 0.500000
v 0.670836 0.679629 0.429237
v 0.684912 0.679629 0.500000
v 0.769443 0.679629 0.500000
v 0.748933 0.679629 0.396889
v 0.670836 0.679629 0.429237
v 0.670836 0.616230 0.429237
v 0.748933 0.616230 0.396889
v 0.769443 0.616230 0.500000
v 0.684912 0.616230 0.500000
v 0.748933 0.616230 0.396889
v 0.690525 0.616230 0.309475
v 0.690525 0.679629 0.309475
v 0.748933 0.679629 0.396889
v 0.630752 0.616230 0.369248
v 0.670836 0.616230 0.429237
v 0.670836 0.679629 0.429237
v 0.630752 0.679629 0.369248
v 0.670836 0.679629 0.429237
v 0.748933 0.679629 0.396889
v 0.690525 0.679629 0.309475
v 0.630752 0.679629 0.369248
v 0.630752 0.616230 0.369248
v 0.690525 0.616230 0.309475
v 0.748933 0.616230 0.396889
v 0.670836 0.616230 0.429237
v 0.690525 0.616230 0.309475
v 0.603111 0.616230 0.251067
v 0.603111 0.679629 0.251067
v 0.690525 0.679629 0.309475
v 0.570763 0.616230 0.329164
v 0.630752 0.616230 0.369248
v 0.630752 0.679629 0.369248
v 0.570763 0.679629 0.329164
v 0.630752 0.679629 0.369248
v 0.690525 0.679629 0.309475
v 0.603111 0.679629 0.251067
v 0.570763 0.679629 0.329164
v 0.570763 0.616230 0.329164
v 0.603111 0.616230 0.251067
v 0.690525 0.616230 0.309475
v 0.630752 0.616230 0.369248
v 0.603111 0.616230 0.251067
v 0.500000 0.616230 0.230557
v 0.500000 0.679629 0.230557
v 0.603111 0.679629 0.251067
v 0.500000 0.616230 0.315088
v 0.570763 0.616230 0.329164
v 0.570763 0.679629 0.329164
v 0.500000 0.679629 0.315088
v 0.570763 0.679629 0.329164
v 0.603111 0.679629 0.251067
v 0.500000 0.679629 0.230557
v 0.500000 0.679629 0.315088
v 0.500000 0.616230 0.315088
v 0.500000 0.616230 0.230557
v 0.603111 0.616230 0.251067
v 0.570763 0.616230 0.329164
v 0.500000 0.616230 0.230557
v 0.396889 0.616230 0.251067
v 0.396889 0.679629 0.251067
v 0.500000 0.679629 0.230557
v 0.429237 0.616230 0.329164
v 0.500000 0.616230 0.315088
v 0.500000 0.679629 0.315088
v 0.429237 0.679629 0.329164
v 0.500000 0.679629 0.315088
v 0.500000 0.679629 0.230557
v 0.396889 0.679629 0.251067
v 0.429237 0.679629 0.329164
v 0.429237 0.616230 0.329164
v 0.396889 0.616230 0.251067
v 0.500000 0.616230 0.230557
v 0.500000 0.616230 0.315088
v 0.396889 0.616230 0.251067
v 0.309475 0.616230 0.309475
v 0.309475 0.679629 0.309475
v 0.396889 0.679629 0.251067
v 0.369248 0.616230 0.369248
v 0.429237 0.616230 0.329164
v 0.429237 0.679629 0.329164
v 0.369248 0.679629 0.369248
v 0.429237 0.679629 0.329164
v 0.396889 0.679629 0.251067
v 0.309475 0.679629 0.309475
v 0.369248 0.679629 0.369248
v 0.369248 0.616230 0.369248
v 0.309475 0.616230 0.309475
v 0.396889 0.616230 0.251067
v 0.429237 0.616230 0.329164
v 0.309475 0.616230 0.309475
v 0.251067 0.616230 0.396889
v 0.251067 0.679629 0.396889
v 0.309475 0.679629 0.309475
v 0.329164 0.616230 0.429237
v 0.369248 0.616230 0.369248
v 0.369248 0.679629 0.369248
v 0.329164 0.679629 0.429237
v 0.369248 0.679629 0.369248
v 0.309475 0.679629 0.309475
v 0.251067 0.679629 0.396889
v 0.329164 0.679629 0.429237
v 0.329164 0.616230 0.429237
v 0.251067 0.616230 0.396889
v 0.309475 0.616230 0.309475
v 0.369248 0.616230 0.369248
v 0.251067 0.616230 0.396889
v 0.230557 0.616230 0.500000
v 0.230557 0.679629 0.500000
v 0.251067 0.679629 0.396889
v 0.315088 0.616230 0.500000
v 0.329164 0.616230 0.429237
v 0.329164 0.679629 0.429237
v 0.315088 0.679629 0.500000
v 0.329164 0.679629 0.429237
v 0.251067 0.679629 0.396889
v 0.230557 0.679629 0.500000
v 0.315088 0.679629 0.500000
v 0.315088 0.616230 0.500000
v 0.230557 0.616230 0.500000
v 0.251067 0.616230 0.396889
v 0.329164 0.616230 0.429237
v 0.230557 0.616230 0.500000
v 0.251067 0.616230 0.603111
v 0.251067 0.679629 0.603111
v 0.230557 0.679629 0.500000
v 0.329164 0.616230 0.570763
v 0.315088 0.616230 0.500000
v 0.315088 0.679629 0.500000
v 0.329164 0.679629 0.570763
v 0.315088 0.679629 0.500000
v 0.230557 0.679629 0.500000
v 0.251067 0.679629 0.603111
v 0.329164 0.679629 0.570763
v 0.329164 0.616230 0.570763
v 0.251067 0.616230 0.603111
v 0.230557 0.616230 0.500000
v 0.315088 0.616230 0.500000
v 0.251067 0.616230 0.603111
v 0.309475 0.616230 0.690525
v 0.309475 0.679629 0.690525
v 0.251067 0.679629 0.603111
v 0.369248 0.616230 0.630752
v 0.329164 0.616230 0.570763
v 0.329164 0.679629 0.570763
v 0.369248 0.679629 0.630752
v 0.329164 0.679629 0.570763
v 0.251067 0.679629 0.603111
v 0.309475 0.679629 0.690525
v 0.369248 0.679629 0.630752
v 0.369248 0.616230 0.630752
v 0.309475 0.616230 0.690525
v 0.251067 0.616230 0.603111
v 0.329164 0.616230 0.570763
v 0.309475 0.616230 0.690525
v 0.396889 0.616230 0.748933
v 0.396889 0.679629 0.748933
v 0.309475 0.679629 0.690525
v 0.429237 0.616230 0.670836
v 0.369248 0.616230 0.630752
v 0.369248 0.679629 0.630752
v 0.429237 0.679629 0.670836
v 0.369248 0.679629 0.630752
v 0.309475 0.679629 0.690525
v 0.396889 0.679629 0.748933
v 0.429237 0.679629 0.670836
v 0.429237 0.616230 0.670836
v 0.396889 0.616230 0.748933
v 0.309475 0.616230 0.690525
v 0.369248 0.616230 0.630752
v 0.396889 0.616230 0.748933
v 0.500000 0.616230 0.769443
v 0.500000 0.679629 0.769443
v 0.396889 0.679629 0.748933
v 0.500000 0.616230 0.684912
v 0.429237 0.616230 0.670836
v 0.429237 0.679629 0.670836
v 0.500000 0.679629 0.684912
v 0.429237 0.679629 0.670836
v 0.396889 0.679629 0.748933
v 0.500000 0.679629 0.769443
v 0.500000 0.679629 0.684912
v 0.500000 0.616230 0.684912
v 0.500000 0.616230 0.769443
v 0.396889 0.616230 0.748933
v 0.429237 0.616230 0.670836
v 0.500000 0.616230 0.769443
v 0.603111 0.616230 0.748933
v 0.603111 0.679629 0.748933
v 0.500000 0.679629 0.769443
v 0.570763 0.616230 0.670836
v 0.500000 0.616230 0.684912
v 0.500000 0.679629 0.684912
v 0.570763 0.679629 0.670836
v 0.500000 0.679629 0.684912
v 0.500000 0.679629 0.769443
v 0.603111 0.679629 0.748933
v 0.570763 0.679629 0.670836
v 0.570763 0.616230 0.670836
v 0.603111 0.616230 0.748933
v 0.500000 0.616230 0.769443
v 0.500000 0.616230 0.684912
v 0.603111 0.616230 0.748933
v 0.690525 0.616230 0.690525
v 0.690525 0.679629 0.690525
v 0.603111 0.679629 0.748933
v 0.630752 0.616230 0.630752
v 0.570763 0.616230 0.670836
v 0.570763 0.679629 0.670836
v 0.630752 0.679629 0.630752
v 0.570763 0.679629 0.670836
v 0.603111 0.679629 0.748933
v 0.690525 0.679629 0.690525
v 0.630752 0.679629 0.630752
v 0.630752 0.616230 0.630752
v 0.690525 0.616230 0.690525
v 0.603111 0.616230 0.748933
v 0.570763 0.616230 0.670836
v 0.690525 0.616230 0.690525
v 0.748933 0.616230 0.603111
v 0.748933 0.679629 0.603111
v 0.690525 0.679629 0.690525
v 0.670836 0.616230 0.570763
v 0.630752 0.616230 0.630752
v 0.630752 0.679629 0.630752
v 0.670836 0.679629 0.570763
v 0.630752 0.679629 0.630752
v 0.690525 0.679629 0.690525
v 0.748933 0.679629 0.603111
v 0.670836 0.679629 0.570763
v 0.670836 0.616230 0.570763
v 0.748933 0.616230 0.603111
v 0.690525 0.616230 0.690525
v 0.630752 0.616230 0.630752
v 0.748933 0.616230 0.603111
v 0.769443 0.616230 0.500000
v 0.769443 0.679629 0.500000
v 0.748933 0.679629 0.603111
v 0.684912 0.616230 0.500000
v 0.670836 0.616230 0.570763
v 0.670836 0.679629 0.570763
v 0.684912 0.679629 0.500000
v 0.670836 0.679629 0.570763
v 0.748933 0.679629 0.603111
v 0.769443 0.679629 0.500000
v 0.684912 0.679629 0.500000
v 0.684912 0.616230 0.500000
v 0.769443 0.616230 0.500000
v 0.748933 0.616230 0.603111
v 0.670836 0.616230 0.570763
v 0.695478 0.584531 0.500000
v 0.680598 0.584531 0.425194
v 0.680598 0.637363 0.425194
v 0.695478 0.637363 0.500000
v 0.680598 0.584531 0.425194
v 0.638224 0.584531 0.361776
v 0.638224 0.637363 0.361776
v 0.680598 0.637363 0.425194
v 0.638224 0.584531 0.361776
v 0.574806 0.584531 0.319402
v 0.574806 0.637363 0.319402
v 0.638224 0.637363 0.361776
v 0.574806 0.584531 0.319402
v 0.500000 0.584531 0.304522
v 0.500000 0.637363 0.304522
v 0.574806 0.637363 0.319402
v 0.500000 0.584531 0.304522
v 0.425194 0.584531 0.319402
v 0.425194 0.637363 0.319402
v 0.500000 0.637363 0.304522
v 0.425194 0.584531 0.319402
v 0.361776 0.584531 0.361776
v 0.361776 0.637363 0.361776
v 0.425194 0.637363 0.319402
v 0.361776 0.584531 0.361776
v 0.319402 0.584531 0.425194
v 0.319402 0.637363 0.425194
v 0.361776 0.637363 0.361776
v 0.319402 0.584531 0.425194
v 0.304522 0.584531 0.500000
v 0.304522 0.637363 0.500000
v 0.319402 0.637363 0.425194
v 0.304522 0.584531 0.500000
v 0.319402 0.584531 0.574806
v 0.319402 0.637363 0.574806
v 0.304522 0.637363 0.500000
v 0.319402 0.584531 0.574806
v 0.361776 0.584531 0.638224
v 0.361776 0.637363 0.638224
v 0.319402 0.637363 0.574806
v 0.361776 0.584531 0.638224
v 0.425194 0.584531 0.680598
v 0.425194 0.637363 0.680598
v 0.361776 0.637363 0.638224
v 0.425194 0.584531 0.680598
v 0.500000 0.584531 0.695478
v 0.500000 0.637363 0.695478
v 0.425194 0.637363 0.680598
v 0.500000 0.584531 0.695478
v 0.574806 0.584531 0.680598
v 0.574806 0.637363 0.680598
v 0.500000 0.637363 0.695478
v 0.574806 0.584531 0.680598
v 0.638224 0.584531 0.638224
v 0.638224 0.637363 0.638224
v 0.574806 0.637363 0.680598
v 0.638224 0.584531 0.638224
v 0.680598 0.584531 0.574806
v 0.680598 0.637363 0.574806
v 0.638224 0.637363 0.638224
v 0.680598 0.584531 0.574806
v 0.695478 0.584531 0.500000
v 0.695478 0.637363 0.500000
v 0.680598 0.637363 0.574806
v 0.695478 0.637363 0.500000
v 0.680598 0.637363 0.425194
v 0.638224 0.637363 0.361776
v 0.574806 0.637363 0.319402
v 0.500000 0.637363 0.304522
v 0.425194 0.637363 0.319402
v 0.361776 0.637363 0.361776
v 0.319402 0.637363 0.425194
v 0.304522 0.637363 0.500000
v 0.319402 0.637363 0.574806
v 0.361776 0.637363 0.638224
v 0.425194 0.637363 0.680598
v 0.500000 0.637363 0.695478
v 0.574806 0.637363 0.680598
v 0.638224 0.637363 0.638224
v 0.680598 0.637363 0.574806
v 0.680598 0.584531 0.574806
v 0.638224 0.584531 0.638224
v 0.574806 0.584531 0.680598
v 0.500000 0.584531 0.695478
v 0.425194 0.584531 0.680598
v 0.361776 0.584531 0.638224
v 0.319402 0.584531 0.574806
v 0.304522 0.584531 0.500000
v 0.319402 0.584531 0.425194
v 0.361776 0.584531 0.361776
v 0.425194 0.584531 0.319402
v 0.500000 0.584531 0.304522
v 0.574806 0.584531 0.319402
v 0.638224 0.584531 0.361776
v 0.680598 0.584531 0.425194
v 0.695478 0.584531 0.500000
v 0.525359 0.628910 0.360524
v 0.512680 0.628910 0.338562
v 0.512680 0.662722 0.338562
v 0.525359 0.662722 0.360524
v 0.512680 0.628910 0.338562
v 0.487320 0.628910 0.338562
v 0.487320 0.662722 0.338562
v 0.512680 0.662722 0.338562
v 0.487320 0.628910 0.338562
v 0.474641 0.628910 0.360524
v 0.474641 0.662722 0.360524
v 0.487320 0.662722 0.338562
v 0.474641 0.628910 0.360524
v 0.487320 0.628910 0.382485
v 0.487320 0.662722 0.382485
v 0.474641 0.662722 0.360524
v 0.487320 0.628910 0.382485
v 0.512680 0.628910 0.382485
v 0.512680 0.662722 0.382485
v 0.487320 0.662722 0.382485
v 0.512680 0.628910 0.382485
v 0.525359 0.628910 0.360524
v 0.525359 0.662722 0.360524
v 0.512680 0.662722 0.382485
v 0.525359 0.662722 0.360524
v 0.512680 0.662722 0.338562
v 0.487320 0.662722 0.338562
v 0.474641 0.662722 0.360524
v 0.487320 0.662722 0.382485
v 0.512680 0.662722 0.382485
v 0.512680 0.628910 0.382485
v 0.487320 0.628910 0.382485
v 0.474641 0.628910 0.360524
v 0.487320 0.628910 0.338562
v 0.512680 0.628910 0.338562
v 0.525359 0.628910 0.360524
v 0.426735 0.628910 0.401375
v 0.414055 0.628910 0.379413
v 0.414055 0.662722 0.379413
v 0.426735 0.662722 0.401375
v 0.414055 0.628910 0.379413
v 0.388696 0.628910 0.379413
v 0.388696 0.662722 0.379413
v 0.414055 0.662722 0.379413
v 0.388696 0.628910 0.379413
v 0.376016 0.628910 0.401375
v 0.376016 0.662722 0.401375
v 0.388696 0.662722 0.379413
v 0.376016 0.628910 0.401375
v 0.388696 0.628910 0.423337
v 0.388696 0.662722 0.423337
v 0.376016 0.662722 0.401375
v 0.388696 0.628910 0.423337
v 0.414055 0.628910 0.423337
v 0.414055 0.662722 0.423337
v 0.388696 0.662722 0.423337
v 0.414055 0.628910 0.423337
v 0.426735 0.628910 0.401375
v 0.426735 0.662722 0.401375
v 0.414055 0.662722 0.423337
v 0.426735 0.662722 0.401375
v 0.414055 0.662722 0.379413
v 0.388696 0.662722 0.379413
v 0.376016 0.662722 0.401375
v 0.388696 0.662722 0.423337
v 0.414055 0.662722 0.423337
v 0.414055 0.628910 0.423337
v 0.388696 0.628910 0.423337
v 0.376016 0.628910 0.401375
v 0.388696 0.628910 0.379413
v 0.414055 0.628910 0.379413
v 0.426735 0.628910 0.401375
v 0.385883 0.628910 0.500000
v 0.373203 0.628910 0.478038
v 0.373203 0.662722 0.478038
v 0.385883 0.662722 0.500000
v 0.373203 0.628910 0.478038
v 0.347844 0.628910 0.478038
v 0.347844 0.662722 0.478038
v 0.373203 0.662722 0.478038
v 0.347844 0.628910 0.478038
v 0.335164 0.628910 0.500000
v 0.335164 0.662722 0.500000
v 0.347844 0.662722 0.478038
v 0.335164 0.628910 0.500000
v 0.347844 0.628910 0.521962
v 0.347844 0.662722 0.521962
v 0.335164 0.662722 0.500000
v 0.347844 0.628910 0.521962
v 0.373203 0.628910 0.521962
v 0.373203 0.662722 0.521962
v 0.347844 0.662722 0.521962
v 0.373203 0.628910 0.521962
v 0.385883 0.628910 0.500000
v 0.385883 0.662722 0.500000
v 0.373203 0.662722 0.521962
v 0.385883 0.662722 0.500000
v 0.373203 0.662722 0.478038
v 0.347844 0.662722 0.478038
v 0.335164 0.662722 0.500000
v 0.347844 0.662722 0.521962
v 0.373203 0.662722 0.521962
v 0.373203 0.628910 0.521962
v 0.347844 0.628910 0.521962
v 0.335164 0.628910 0.500000
v 0.347844 0.628910 0.478038
v 0.373203 0.628910 0.478038
v 0.385883 0.628910 0.500000
v 0.426735 0.628910 0.598625
v 0.414055 0.628910 0.576663
v 0.414055 0.662722 0.576663
v 0.426735 0.662722 0.598625
v 0.414055 0.628910 0.576663
v 0.388696 0.628910 0.576663
v 0.388696 0.662722 0.576663
v 0.414055 0.662722 0.576663
v 0.388696 0.628910 0.576663
v 0.376016 0.628910 0.598625
v 0.376016 0.662722 0.598625
v 0.388696 0.662722 0.576663
v 0.376016 0.628910 0.598625
v 0.388696 0.628910 0.620587
v 0.388696 0.662722 0.620587
v 0.376016 0.662722 0.598625
v 0.388696 0.628910 0.620587
v 0.414055 0.628910 0.620587
v 0.414055 0.662722 0.620587
v 0.388696 0.662722 0.620587
v 0.414055 0.628910 0.620587
v 0.426735 0.628910 0.598625
v 0.426735 0.662722 0.598625
v 0.414055 0.662722 0.620587
v 0.426735 0.662722 0.598625
v 0.414055 0.662722 0.576663
v 0.388696 0.662722 0.576663
v 0.376016 0.662722 0.598625
v 0.388696 0.662722 0.620587
v 0.414055 0.662722 0.620587
v 0.414055 0.628910 0.620587
v 0.388696 0.628910 0.620587
v 0.376016 0.628910 0.598625
v 0.388696 0.628910 0.576663
v 0.414055 0.628910 0.576663
v 0.426735 0.628910 0.598625
v 0.525359 0.628910 0.639476
v 0.512680 0.628910 0.617515
v 0.512680 0.662722 0.617515
v 0.525359 0.662722 0.639476
v 0.512680 0.628910 0.617515
v 0.487320 0.628910 0.617515
v 0.487320 0.662722 0.617515
v 0.512680 0.662722 0.617515
v 0.487320 0.628910 0.617515
v 0.474641 0.628910 0.639476
v 0.474641 0.662722 0.639476
v 0.487320 0.662722 0.617515
v 0.474641 0.628910 0.639476
v 0.487320 0.628910 0.661438
v 0.487320 0.662722 0.661438
v 0.474641 0.662722 0.639476
v 0.487320 0.628910 0.661438
v 0.512680 0.628910 0.661438
v 0.512680 0.662722 0.661438
v 0.487320 0.662722 0.661438
v 0.512680 0.628910 0.661438
v 0.525359 0.628910 0.639476
v 0.525359 0.662722 0.639476
v 0.512680 0.662722 0.661438
v 0.525359 0.662722 0.639476
v 0.512680 0.662722 0.617515
v 0.487320 0.662722 0.617515
v 0.474641 0.662722 0.639476
v 0.487320 0.662722 0.661438
v 0.512680 0.662722 0.661438
v 0.512680 0.628910 0.661438
v 0.487320 0.628910 0.661438
v 0.474641 0.628910 0.639476
v 0.487320 0.628910 0.617515
v 0.512680 0.628910 0.617515
v 0.525359 0.628910 0.639476
v 0.623984 0.628910 0.598625
v 0.611304 0.628910 0.576663
v 0.611304 0.662722 0.576663
v 0.623984 0.662722 0.598625
v 0.611304 0.628910 0.576663
v 0.585945 0.628910 0.576663
v 0.585945 0.662722 0.576663
v 0.611304 0.662722 0.576663
v 0.585945 0.628910 0.576663
v 0.573265 0.628910 0.598625
v 0.573265 0.662722 0.598625
v 0.585945 0.662722 0.576663
v 0.573265 0.628910 0.598625
v 0.585945 0.628910 0.620587
v 0.585945 0.662722 0.620587
v 0.573265 0.662722 0.598625
v 0.585945 0.628910 0.620587
v 0.611304 0.628910 0.620587
v 0.611304 0.662722 0.620587
v 0.585945 0.662722 0.620587
v 0.611304 0.628910 0.620587
v 0.623984 0.628910 0.598625
v 0.623984 0.662722 0.598625
v 0.611304 0.662722 0.620587
v 0.623984 0.662722 0.598625
v 0.611304 0.662722 0.576663
v 0.585945 0.662722 0.576663
v 0.573265 0.662722 0.598625
v 0.585945 0.662722 0.620587
v 0.611304 0.662722 0.620587
v 0.611304 0.628910 0.620587
v 0.585945 0.628910 0.620587
v 0.573265 0.628910 0.598625
v 0.585945 0.628910 0.576663
v 0.611304 0.628910 0.576663
v 0.623984 0.628910 0.598625
v 0.664836 0.628910 0.500000
v 0.652156 0.628910 0.478038
v 0.652156 0.662722 0.478038
v 0.664836 0.662722 0.500000
v 0.652156 0.628910 0.478038
v 0.626797 0.628910 0.478038
v 0.626797 0.662722 0.478038
v 0.652156 0.662722 0.478038
v 0.626797 0.628910 0.478038
v 0.614117 0.628910 0.500000
v 0.614117 0.662722 0.500000
v 0.626797 0.662722 0.478038
v 0.614117 0.628910 0.500000
v 0.626797 0.628910 0.521962
v 0.626797 0.662722 0.521962
v 0.614117 0.662722 0.500000
v 0.626797 0.628910 0.521962
v 0.652156 0.628910 0.521962
v 0.652156 0.662722 0.521962
v 0.626797 0.662722 0.521962
v 0.652156 0.628910 0.521962
v 0.664836 0.628910 0.500000
v 0.664836 0.662722 0.500000
v 0.652156 0.662722 0.521962
v 0.664836 0.662722 0.500000
v 0.652156 0.662722 0.478038
v 0.626797 0.662722 0.478038
v 0.614117 0.662722 0.500000
v 0.626797 0.662722 0.521962
v 0.652156 0.662722 0.521962
v 0.652156 0.628910 0.521962
v 0.626797 0.628910 0.521962
v 0.614117 0.628910 0.500000
v 0.626797 0.628910 0.478038
v 0.652156 0.628910 0.478038
v 0.664836 0.628910 0.500000
v 0.623984 0.628910 0.401375
v 0.611304 0.628910 0.379413
v 0.611304 0.662722 0.379413
v 0.623984 0.662722 0.401375
v 0.611304 0.628910 0.379413
v 0.585945 0.628910 0.379413
v 0.585945 0.662722 0.379413
v 0.611304 0.662722 0.379413
v 0.585945 0.628910 0.379413
v 0.573265 0.628910 0.401375
v 0.573265 0.662722 0.401375
v 0.585945 0.662722 0.379413
v 0.573265 0.628910 0.401375
v 0.585945 0.628910 0.423337
v 0.585945 0.662722 0.423337
v 0.573265 0.662722 0.401375
v 0.585945 0.628910 0.423337
v 0.611304 0.628910 0.423337
v 0.611304 0.662722 0.423337
v 0.585945 0.662722 0.423337
v 0.611304 0.628910 0.423337
v 0.623984 0.628910 0.401375
v 0.623984 0.662722 0.401375
v 0.611304 0.662722 0.423337
v 0.623984 0.662722 0.401375
v 0.611304 0.662722 0.379413
v 0.585945 0.662722 0.379413
v 0.573265 0.662722 0.401375
v 0.585945 0.662722 0.423337
v 0.611304 0.662722 0.423337
v 0.611304 0.628910 0.423337
v 0.585945 0.628910 0.423337
v 0.573265 0.628910 0.401375
v 0.585945 0.628910 0.379413
v 0.611304 0.628910 0.379413
v 0.623984 0.628910 0.401375
v 0.576078 0.631023 0.500000
v 0.565885 0.631023 0.461961
v 0.565885 0.675402 0.461961
v 0.576078 0.675402 0.500000
v 0.565885 0.631023 0.461961
v 0.538039 0.631023 0.434115
v 0.538039 0.675402 0.434115
v 0.565885 0.675402 0.461961
v 0.538039 0.631023 0.434115
v 0.500000 0.631023 0.423922
v 0.500000 0.675402 0.423922
v 0.538039 0.675402 0.434115
v 0.500000 0.631023 0.423922
v 0.461961 0.631023 0.434115
v 0.461961 0.675402 0.434115
v 0.500000 0.675402 0.423922
v 0.461961 0.631023 0.434115
v 0.434115 0.631023 0.461961
v 0.434115 0.675402 0.461961
v 0.461961 0.675402 0.434115
v 0.434115 0.631023 0.461961
v 0.423922 0.631023 0.500000
v 0.423922 0.675402 0.500000
v 0.434115 0.675402 0.461961
v 0.423922 0.631023 0.500000
v 0.434115 0.631023 0.538039
v 0.434115 0.675402 0.538039
v 0.423922 0.675402 0.500000
v 0.434115 0.631023 0.538039
v 0.461961 0.631023 0.565885
v 0.461961 0.675402 0.565885
v 0.434115 0.675402 0.538039
v 0.461961 0.631023 0.565885
v 0.500000 0.631023 0.576078
v 0.500000 0.675402 0.576078
v 0.461961 0.675402 0.565885
v 0.500000 0.631023 0.576078
v 0.538039 0.631023 0.565885
v 0.538039 0.675402 0.565885
v 0.500000 0.675402 0.576078
v 0.538039 0.631023 0.565885
v 0.565885 0.631023 0.538039
v 0.565885 0.675402 0.538039
v 0.538039 0.675402 0.565885
v 0.565885 0.631023 0.538039
v 0.576078 0.631023 0.500000
v 0.576078 0.675402 0.500000
v 0.565885 0.675402 0.538039
v 0.576078 0.675402 0.500000
v 0.565885 0.675402 0.461961
v 0.538039 0.675402 0.434115
v 0.500000 0.675402 0.423922
v 0.461961 0.675402 0.434115
v 0.434115 0.675402 0.461961
v 0.423922 0.675402 0.500000
v 0.434115 0.675402 0.538039
v 0.461961 0.675402 0.565885
v 0.500000 0.675402 0.576078
v 0.538039 0.675402 0.565885
v 0.565885 0.675402 0.538039
v 0.565885 0.631023 0.538039
v 0.538039 0.631023 0.565885
v 0.500000 0.631023 0.576078
v 0.461961 0.631023 0.565885
v 0.434115 0.631023 0.538039
v 0.423922 0.631023 0.500000
v 0.434115 0.631023 0.461961
v 0.461961 0.631023 0.434115
v 0.500000 0.631023 0.423922
v 0.538039 0.631023 0.434115
v 0.565885 0.631023 0.461961
v 0.576078 0.631023 0.500000
v 0.922656 0.378487 0.500000
v 0.890483 0.378487 0.338257
v 0.890483 0.431318 0.338257
v 0.922656 0.431318 0.500000
v 0.602502 0.378487 0.457542
v 0.610947 0.378487 0.500000
v 0.610947 0.431318 0.500000
v 0.602502 0.431318 0.457542
v 0.610947 0.431318 0.500000
v 0.922656 0.431318 0.500000
v 0.890483 0.431318 0.338257
v 0.602502 0.431318 0.457542
v 0.602502 0.378487 0.457542
v 0.890483 0.378487 0.338257
v 0.922656 0.378487 0.500000
v 0.610947 0.378487 0.500000
v 0.890483 0.378487 0.338257
v 0.798863 0.378487 0.201137
v 0.798863 0.431318 0.201137
v 0.890483 0.431318 0.338257
v 0.578451 0.378487 0.421549
v 0.602502 0.378487 0.457542
v 0.602502 0.431318 0.457542
v 0.578451 0.431318 0.421549
v 0.602502 0.431318 0.457542
v 0.890483 0.431318 0.338257
v 0.798863 0.431318 0.201137
v 0.578451 0.431318 0.421549
v 0.578451 0.378487 0.421549
v 0.798863 0.378487 0.201137
v 0.890483 0.378487 0.338257
v 0.602502 0.378487 0.457542
v 0.798863 0.378487 0.201137
v 0.661743 0.378487 0.109517
v 0.661743 0.431318 0.109517
v 0.798863 0.431318 0.201137
v 0.542458 0.378487 0.397498
v 0.578451 0.378487 0.421549
v 0.578451 0.431318 0.421549
v 0.542458 0.431318 0.397498
v 0.578451 0.431318 0.421549
v 0.798863 0.431318 0.201137
v 0.661743 0.431318 0.109517
v 0.542458 0.431318 0.397498
v 0.542458 0.378487 0.397498
v 0.661743 0.378487 0.109517
v 0.798863 0.378487 0.201137
v 0.578451 0.378487 0.421549
v 0.661743 0.378487 0.109517
v 0.500000 0.378487 0.077344
v 0.500000 0.431318 0.077344
v 0.661743 0.431318 0.109517
v 0.500000 0.378487 0.389053
v 0.542458 0.378487 0.397498
v 0.542458 0.431318 0.397498
v 0.500000 0.431318 0.389053
v 0.542458 0.431318 0.397498
v 0.661743 0.431318 0.109517
v 0.500000 0.431318 0.077344
v 0.500000 0.431318 0.389053
v 0.500000 0.378487 0.389053
v 0.500000 0.378487 0.077344
v 0.661743 0.378487 0.109517
v 0.542458 0.378487 0.397498
v 0.500000 0.378487 0.077344
v 0.338257 0.378487 0.109517
v 0.338257 0.431318 0.109517
v 0.500000 0.431318 0.077344
v 0.457542 0.378487 0.397498
v 0.500000 0.378487 0.389053
v 0.500000 0.431318 0.389053
v 0.457542 0.431318 0.397498
v 0.500000 0.431318 0.389053
v 0.500000 0.431318 0.077344
v 0.338257 0.431318 0.109517
v 0.457542 0.431318 0.397498
v 0.457542 0.378487 0.397498
v 0.338257 0.378487 0.109517
v 0.500000 0.378487 0.077344
v 0.500000 0.378487 0.389053
v 0.338257 0.378487 0.109517
v 0.201137 0.378487 0.201137
v 0.201137 0.431318 0.201137
v 0.338257 0.431318 0.109517
v 0.421549 0.378487 0.421549
v 0.457542 0.378487 0.397498
v 0.457542 0.431318 0.397498
v 0.421549 0.431318 0.421549
v 0.457542 0.431318 0.397498
v 0.338257 0.431318 0.109517
v 0.201137 0.431318 0.201137
v 0.421549 0.431318 0.421549
v 0.421549 0.378487 0.421549
v 0.201137 0.378487 0.201137
v 0.338257 0.378487 0.109517
v 0.457542 0.378487 0.397498
v 0.201137 0.378487 0.201137
v 0.109517 0.378487 0.338257
v 0.109517 0.431318 0.338257
v 0.201137 0.431318 0.201137
v 0.397498 0.378487 0.457542
v 0.421549 0.378487 0.421549
v 0.421549 0.431318 0.421549
v 0.397498 0.431318 0.457542
v 0.421549 0.431318 0.421549
v 0.201137 0.431318 0.201137
v 0.109517 0.431318 0.338257
v 0.397498 0.431318 0.457542
v 0.397498 0.378487 0.457542
v 0.109517 0.378487 0.338257
v 0.201137 0.378487 0.201137
v 0.421549 0.378487 0.421549
v 0.109517 0.378487 0.338257
v 0.077344 0.378487 0.500000
v 0.077344 0.431318 0.500000
v 0.109517 0.431318 0.338257
v 0.389053 0.378487 0.500000
v 0.397498 0.378487 0.457542
v 0.397498 0.431318 0.457542
v 0.389053 0.431318 0.500000
v 0.397498 0.431318 0.457542
v 0.109517 0.431318 0.338257
v 0.077344 0.431318 0.500000
v 0.389053 0.431318 0.500000
v 0.389053 0.378487 0.500000
v 0.077344 0.378487 0.500000
v 0.109517 0.378487 0.338257
v 0.397498 0.378487 0.457542
v 0.077344 0.378487 0.500000
v 0.109517 0.378487 0.661743
v 0.109517 0.431318 0.661743
v 0.077344 0.431318 0.500000
v 0.397498 0.378487 0.542458
v 0.389053 0.378487 0.500000
v 0.389053 0.431318 0.500000
v 0.397498 0.431318 0.542458
v 0.389053 0.431318 0.500000
v 0.077344 0.431318 0.500000
v 0.109517 0.431318 0.661743
v 0.397498 0.431318 0.542458
v 0.397498 0.378487 0.542458
v 0.109517 0.378487 0.661743
v 0.077344 0.378487 0.500000
v 0.389053 0.378487 0.500000
v 0.109517 0.378487 0.661743
v 0.201137 0.378487 0.798863
v 0.201137 0.431318 0.798863
v 0.109517 0.431318 0.661743
v 0.421549 0.378487 0.578451
v 0.397498 0.378487 0.542458
v 0.397498 0.431318 0.542458
v 0.421549 0.431318 0.578451
v 0.397498 0.431318 0.542458
v 0.109517 0.431318 0.661743
v 0.201137 0.431318 0.798863
v 0.421549 0.431318 0.578451
v 0.421549 0.378487 0.578451
v 0.201137 0.378487 0.798863
v 0.109517 0.378487 0.661743
v 0.397498 0.378487 0.542458
v 0.201137 0.378487 0.798863
v 0.338257 0.378487 0.890483
v 0.338257 0.431318 0.890483
v 0.201137 0.431318 0.798863
v 0.457542 0.378487 0.602502
v 0.421549 0.378487 0.578451
v 0.421549 0.431318 0.578451
v 0.457542 0.431318 0.602502
v 0.421549 0.431318 0.578451
v 0.201137 0.431318 0.798863
v 0.338257 0.431318 0.890483
v 0.457542 0.431318 0.602502
v 0.457542 0.378487 0.602502
v 0.338257 0.378487 0.890483
v 0.201137 0.378487 0.798863
v 0.421549 0.378487 0.578451
v 0.338257 0.378487 0.890483
v 0.500000 0.378487 0.922656
v 0.500000 0.431318 0.922656
v 0.338257 0.431318 0.890483
v 0.500000 0.378487 0.610947
v 0.457542 0.378487 0.602502
v 0.457542 0.431318 0.602502
v 0.500000 0.431318 0.610947
v 0.457542 0.431318 0.602502
v 0.338257 0.431318 0.890483
v 0.500000 0.431318 0.922656
v 0.500000 0.431318 0.610947
v 0.500000 0.378487 0.610947
v 0.500000 0.378487 0.922656
v 0.338257 0.378487 0.890483
v 0.457542 0.378487 0.602502
v 0.500000 0.378487 0.922656
v 0.661743 0.378487 0.890483
v 0.661743 0.431318 0.890483
v 0.500000 0.431318 0.922656
v 0.542458 0.378487 0.602502
v 0.500000 0.378487 0.610947
v 0.500000 0.431318 0.610947
v 0.542458 0.431318 0.602502
v 0.500000 0.431318 0.610947
v 0.500000 0.431318 0.922656
v 0.661743 0.431318 0.890483
v 0.542458 0.431318 0.602502
v 0.542458 0.378487 0.602502
v 0.661743 0.378487 0.890483
v 0.500000 0.378487 0.922656
v 0.500000 0.378487 0.610947
v 0.661743 0.378487 0.890483
v 0.798863 0.378487 0.798863
v 0.798863 0.431318 0.798863
v 0.661743 0.431318 0.890483
v 0.578451 0.378487 0.578451
v 0.542458 0.378487 0.602502
v 0.542458 0.431318 0.602502
v 0.578451 0.431318 0.578451
v 0.542458 0.431318 0.602502
v 0.661743 0.431318 0.890483
v 0.798863 0.431318 0.798863
v 0.578451 0.431318 0.578451
v 0.578451 0.378487 0.578451
v 0.798863 0.378487 0.798863
v 0.661743 0.378487 0.890483
v 0.542458 0.378487 0.602502
v 0.798863 0.378487 0.798863
v 0.890483 0.378487 0.661743
v 0.890483 0.431318 0.661743
v 0.798863 0.431318 0.798863
v 0.602502 0.378487 0.542458
v 0.578451 0.378487 0.578451
v 0.578451 0.431318 0.578451
v 0.602502 0.431318 0.542458
v 0.578451 0.431318 0.578451
v 0.798863 0.431318 0.798863
v 0.890483 0.431318 0.661743
v 0.602502 0.431318 0.542458
v 0.602502 0.378487 0.542458
v 0.890483 0.378487 0.661743
v 0.798863 0.378487 0.798863
v 0.578451 0.378487 0.578451
v 0.890483 0.378487 0.661743
v 0.922656 0.378487 0.500000
v 0.922656 0.431318 0.500000
v 0.890483 0.431318 0.661743
v 0.610947 0.378487 0.500000
v 0.602502 0.378487 0.542458
v 0.602502 0.431318 0.542458
v 0.610947 0.431318 0.500000
v 0.602502 0.431318 0.542458
v 0.890483 0.431318 0.661743
v 0.922656 0.431318 0.500000
v 0.610947 0.431318 0.500000
v 0.610947 0.378487 0.500000
v 0.922656 0.378487 0.500000
v 0.890483 0.378487 0.661743
v 0.602502 0.378487 0.542458
v 0.621513 0.309805 0.500000
v 0.605234 0.309805 0.439243
v 0.605234 0.389053 0.439243
v 0.621513 0.389053 0.500000
v 0.605234 0.309805 0.439243
v 0.560757 0.309805 0.394766
v 0.560757 0.389053 0.394766
v 0.605234 0.389053 0.439243
v 0.560757 0.309805 0.394766
v 0.500000 0.309805 0.378487
v 0.500000 0.389053 0.378487
v 0.560757 0.389053 0.394766
v 0.500000 0.309805 0.378487
v 0.439243 0.309805 0.394766
v 0.439243 0.389053 0.394766
v 0.500000 0.389053 0.378487
v 0.439243 0.309805 0.394766
v 0.394766 0.309805 0.439243
v 0.394766 0.389053 0.439243
v 0.439243 0.389053 0.394766
v 0.394766 0.309805 0.439243
v 0.378487 0.309805 0.500000
v 0.378487 0.389053 0.500000
v 0.394766 0.389053 0.439243
v 0.378487 0.309805 0.500000
v 0.394766 0.309805 0.560757
v 0.394766 0.389053 0.560757
v 0.378487 0.389053 0.500000
v 0.394766 0.309805 0.560757
v 0.439243 0.309805 0.605234
v 0.439243 0.389053 0.605234
v 0.394766 0.389053 0.560757
v 0.439243 0.309805 0.605234
v 0.500000 0.309805 0.621513
v 0.500000 0.389053 0.621513
v 0.439243 0.389053 0.605234
v 0.500000 0.309805 0.621513
v 0.560757 0.309805 0.605234
v 0.560757 0.389053 0.605234
v 0.500000 0.389053 0.621513
v 0.560757 0.309805 0.605234
v 0.605234 0.309805 0.560757
v 0.605234 0.389053 0.560757
v 0.560757 0.389053 0.605234
v 0.605234 0.309805 0.560757
v 0.621513 0.309805 0.500000
v 0.621513 0.389053 0.500000
v 0.605234 0.389053 0.560757
v 0.621513 0.389053 0.500000
v 0.605234 0.389053 0.439243
v 0.560757 0.389053 0.394766
v 0.500000 0.389053 0.378487
v 0.439243 0.389053 0.394766
v 0.394766 0.389053 0.439243
v 0.378487 0.389053 0.500000
v 0.394766 0.389053 0.560757
v 0.439243 0.389053 0.605234
v 0.500000 0.389053 0.621513
v 0.560757 0.389053 0.605234
v 0.605234 0.389053 0.560757
v 0.605234 0.309805 0.560757
v 0.560757 0.309805 0.605234
v 0.500000 0.309805 0.621513
v 0.439243 0.309805 0.605234
v 0.394766 0.309805 0.560757
v 0.378487 0.309805 0.500000
v 0.394766 0.309805 0.439243
v 0.439243 0.309805 0.394766
v 0.500000 0.309805 0.378487
v 0.560757 0.309805 0.394766
v 0.605234 0.309805 0.439243
v 0.621513 0.309805 0.500000
v 0.527473 0.354184 0.336221
v 0.513736 0.354184 0.312429
v 0.513736 0.381656 0.312429
v 0.527473 0.381656 0.336221
v 0.513736 0.354184 0.312429
v 0.486264 0.354184 0.312429
v 0.486264 0.381656 0.312429
v 0.513736 0.381656 0.312429
v 0.486264 0.354184 0.312429
v 0.472527 0.354184 0.336221
v 0.472527 0.381656 0.336221
v 0.486264 0.381656 0.312429
v 0.472527 0.354184 0.336221
v 0.486264 0.354184 0.360013
v 0.486264 0.381656 0.360013
v 0.472527 0.381656 0.336221
v 0.486264 0.354184 0.360013
v 0.513736 0.354184 0.360013
v 0.513736 0.381656 0.360013
v 0.486264 0.381656 0.360013
v 0.513736 0.354184 0.360013
v 0.527473 0.354184 0.336221
v 0.527473 0.381656 0.336221
v 0.513736 0.381656 0.360013
v 0.527473 0.381656 0.336221
v 0.513736 0.381656 0.312429
v 0.486264 0.381656 0.312429
v 0.472527 0.381656 0.336221
v 0.486264 0.381656 0.360013
v 0.513736 0.381656 0.360013
v 0.513736 0.354184 0.360013
v 0.486264 0.354184 0.360013
v 0.472527 0.354184 0.336221
v 0.486264 0.354184 0.312429
v 0.513736 0.354184 0.312429
v 0.527473 0.354184 0.336221
v 0.385636 0.354184 0.418110
v 0.371899 0.354184 0.394318
v 0.371899 0.381656 0.394318
v 0.385636 0.381656 0.418110
v 0.371899 0.354184 0.394318
v 0.344427 0.354184 0.394318
v 0.344427 0.381656 0.394318
v 0.371899 0.381656 0.394318
v 0.344427 0.354184 0.394318
v 0.330691 0.354184 0.418110
v 0.330691 0.381656 0.418110
v 0.344427 0.381656 0.394318
v 0.330691 0.354184 0.418110
v 0.344427 0.354184 0.441902
v 0.344427 0.381656 0.441902
v 0.330691 0.381656 0.418110
v 0.344427 0.354184 0.441902
v 0.371899 0.354184 0.441902
v 0.371899 0.381656 0.441902
v 0.344427 0.381656 0.441902
v 0.371899 0.354184 0.441902
v 0.385636 0.354184 0.418110
v 0.385636 0.381656 0.418110
v 0.371899 0.381656 0.441902
v 0.385636 0.381656 0.418110
v 0.371899 0.381656 0.394318
v 0.344427 0.381656 0.394318
v 0.330691 0.381656 0.418110
v 0.344427 0.381656 0.441902
v 0.371899 0.381656 0.441902
v 0.371899 0.354184 0.441902
v 0.344427 0.354184 0.441902
v 0.330691 0.354184 0.418110
v 0.344427 0.354184 0.394318
v 0.371899 0.354184 0.394318
v 0.385636 0.354184 0.418110
v 0.385636 0.354184 0.581890
v 0.371899 0.354184 0.558098
v 0.371899 0.381656 0.558098
v 0.385636 0.381656 0.581890
v 0.371899 0.354184 0.558098
v 0.344427 0.354184 0.558098
v 0.344427 0.381656 0.558098
v 0.371899 0.381656 0.558098
v 0.344427 0.354184 0.558098
v 0.330691 0.354184 0.581890
v 0.330691 0.381656 0.581890
v 0.344427 0.381656 0.558098
v 0.330691 0.354184 0.581890
v 0.344427 0.354184 0.605682
v 0.344427 0.381656 0.605682
v 0.330691 0.381656 0.581890
v 0.344427 0.354184 0.605682
v 0.371899 0.354184 0.605682
v 0.371899 0.381656 0.605682
v 0.344427 0.381656 0.605682
v 0.371899 0.354184 0.605682
v 0.385636 0.354184 0.581890
v 0.385636 0.381656 0.581890
v 0.371899 0.381656 0.605682
v 0.385636 0.381656 0.581890
v 0.371899 0.381656 0.558098
v 0.344427 0.381656 0.558098
v 0.330691 0.381656 0.581890
v 0.344427 0.381656 0.605682
v 0.371899 0.381656 0.605682
v 0.371899 0.354184 0.605682
v 0.344427 0.354184 0.605682
v 0.330691 0.354184 0.581890
v 0.344427 0.354184 0.558098
v 0.371899 0.354184 0.558098
v 0.385636 0.354184 0.581890
v 0.527473 0.354184 0.663779
v 0.513736 0.354184 0.639987
v 0.513736 0.381656 0.639987
v 0.527473 0.381656 0.663779
v 0.513736 0.354184 0.639987
v 0.486264 0.354184 0.639987
v 0.486264 0.381656 0.639987
v 0.513736 0.381656 0.639987
v 0.486264 0.354184 0.639987
v 0.472527 0.354184 0.663779
v 0.472527 0.381656 0.663779
v 0.486264 0.381656 0.639987
v 0.472527 0.354184 0.663779
v 0.486264 0.354184 0.687571
v 0.486264 0.381656 0.687571
v 0.472527 0.381656 0.663779
v 0.486264 0.354184 0.687571
v 0.513736 0.354184 0.687571
v 0.513736 0.381656 0.687571
v 0.486264 0.381656 0.687571
v 0.513736 0.354184 0.687571
v 0.527473 0.354184 0.663779
v 0.527473 0.381656 0.663779
v 0.513736 0.381656 0.687571
v 0.527473 0.381656 0.663779
v 0.513736 0.381656 0.639987
v 0.486264 0.381656 0.639987
v 0.472527 0.381656 0.663779
v 0.486264 0.381656 0.687571
v 0.513736 0.381656 0.687571
v 0.513736 0.354184 0.687571
v 0.486264 0.354184 0.687571
v 0.472527 0.354184 0.663779
v 0.486264 0.354184 0.639987
v 0.513736 0.354184 0.639987
v 0.527473 0.354184 0.663779
v 0.669309 0.354184 0.581890
v 0.655573 0.354184 0.558098
v 0.655573 0.381656 0.558098
v 0.669309 0.381656 0.581890
v 0.655573 0.354184 0.558098
v 0.628101 0.354184 0.558098
v 0.628101 0.381656 0.558098
v 0.655573 0.381656 0.558098
v 0.628101 0.354184 0.558098
v 0.614364 0.354184 0.581890
v 0.614364 0.381656 0.581890
v 0.628101 0.381656 0.558098
v 0.614364 0.354184 0.581890
v 0.628101 0.354184 0.605682
v 0.628101 0.381656 0.605682
v 0.614364 0.381656 0.581890
v 0.628101 0.354184 0.605682
v 0.655573 0.354184 0.605682
v 0.655573 0.381656 0.605682
v 0.628101 0.381656 0.605682
v 0.655573 0.354184 0.605682
v 0.669309 0.354184 0.581890
v 0.669309 0.381656 0.581890
v 0.655573 0.381656 0.605682
v 0.669309 0.381656 0.581890
v 0.655573 0.381656 0.558098
v 0.628101 0.381656 0.558098
v 0.614364 0.381656 0.581890
v 0.628101 0.381656 0.605682
v 0.655573 0.381656 0.605682
v 0.655573 0.354184 0.605682
v 0.628101 0.354184 0.605682
v 0.614364 0.354184 0.581890
v 0.628101 0.354184 0.558098
v 0.655573 0.354184 0.558098
v 0.669309 0.354184 0.581890
v 0.669309 0.354184 0.418110
v 0.655573 0.354184 0.394318
v 0.655573 0.381656 0.394318
v 0.669309 0.381656 0.418110
v 0.655573 0.354184 0.394318
v 0.628101 0.354184 0.394318
v 0.628101 0.381656 0.394318
v 0.655573 0.381656 0.394318
v 0.628101 0.354184 0.394318
v 0.614364 0.354184 0.418110
v 0.614364 0.381656 0.418110
v 0.628101 0.381656 0.394318
v 0.614364 0.354184 0.418110
v 0.628101 0.354184 0.441902
v 0.628101 0.381656 0.441902
v 0.614364 0.381656 0.418110
v 0.628101 0.354184 0.441902
v 0.655573 0.354184 0.441902
v 0.655573 0.381656 0.441902
v 0.628101 0.381656 0.441902
v 0.655573 0.354184 0.441902
v 0.669309 0.354184 0.418110
v 0.669309 0.381656 0.418110
v 0.655573 0.381656 0.441902
v 0.669309 0.381656 0.418110
v 0.655573 0.381656 0.394318
v 0.628101 0.381656 0.394318
v 0.614364 0.381656 0.418110
v 0.628101 0.381656 0.441902
v 0.655573 0.381656 0.441902
v 0.655573 0.354184 0.441902
v 0.628101 0.354184 0.441902
v 0.614364 0.354184 0.418110
v 0.628101 0.354184 0.394318
v 0.655573 0.354184 0.394318
v 0.669309 0.354184 0.418110
vt 0.000000 0.909375
vt 0.029043 0.909375
vt 0.029043 1.000000
vt 0.000000 1.000000
vt 0.000000 0.909375
vt 0.017181 0.909375
vt 0.017181 1.000000
vt 0.000000 1.000000
vt 0.000000 0.954688
vt 0.029043 0.954688
vt 0.029043 1.000000
vt 0.000000 1.000000
vt 0.000000 0.954688
vt 0.029043 0.954688
vt 0.029043 1.000000
vt 0.000000 1.000000
vt 0.000000 0.909375
vt 0.029043 0.909375
vt 0.029043 1.000000
vt 0.000000 1.000000
vt 0.000000 0.909375
vt 0.017181 0.909375
vt 0.017181 1.000000
vt 0.000000 1.000000
vt 0.000000 0.954688
vt 0.029043 0.954688
vt 0.029043 1.000000
vt 0.000000 1.000000
vt 0.000000 0.954688
vt 0.029043 0.954688
vt 0.029043 1.000000
vt 0.000000 1.000000
vt 0.000000 0.909375
vt 0.029043 0.909375
vt 0.029043 1.000000
vt 0.000000 1.000000
vt 0.000000 0.909375
vt 0.017181 0.909375
vt 0.017181 1.000000
vt 0.000000 1.000000
vt 0.000000 0.954688
vt 0.029043 0.954688
vt 0.029043 1.000000
vt 0.000000 1.000000
vt 0.000000 0.954688
vt 0.029043 0.954688
vt 0.029043 1.000000
vt 0.000000 1.000000
vt 0.000000 0.909375
vt 0.029043 0.909375
vt 0.029043 1.000000
vt 0.000000 1.000000
vt 0.000000 0.909375
vt 0.017181 0.909375
vt 0.017181 1.000000
vt 0.000000 1.000000
vt 0.000000 0.954688
vt 0.029043 0.954688
vt 0.029043 1.000000
vt 0.000000 1.000000
vt 0.000000 0.954688
vt 0.029043 0.954688
vt 0.029043 1.000000
vt 0.000000 1.000000
vt 0.000000 0.909375
vt 0.029043 0.909375
vt 0.029043 1.000000
vt 0.000000 1.000000
vt 0.000000 0.909375
vt 0.017181 0.909375
vt 0.017181 1.000000
vt 0.000000 1.000000
vt 0.000000 0.954688
vt 0.029043 0.954688
vt 0.029043 1.000000
vt 0.000000 1.000000
vt 0.000000 0.954688
vt 0.029043 0.954688
vt 0.029043 1.000000
vt 0.000000 1.000000
vt 0.000000 0.909375
vt 0.029043 0.909375
vt 0.029043 1.000000
vt 0.000000 1.000000
vt 0.000000 0.909375
vt 0.017181 0.909375
vt 0.017181 1.000000
vt 0.000000 1.000000
vt 0.000000 0.954688
vt 0.029043 0.954688
vt 0.029043 1.000000
vt 0.000000 1.000000
vt 0.000000 0.954688
vt 0.029043 0.954688
vt 0.029043 1.000000
vt 0.000000 1.000000
vt 0.000000 0.909375
vt 0.029043 0.909375
vt 0.029043 1.000000
vt 0.000000 1.000000
vt 0.000000 0.909375
vt 0.017181 0.909375
vt 0.017181 1.000000
vt 0.000000 1.000000
vt 0.000000 0.954688
vt 0.029043 0.954688
vt 0.029043 1.000000
vt 0.000000 1.000000
vt 0.000000 0.954688
vt 0.029043 0.954688
vt 0.029043 1.000000
vt 0.000000 1.000000
vt 0.000000 0.909375
vt 0.029043 0.909375
vt 0.029043 1.000000
vt 0.000000 1.000000
vt 0.000000 0.909375
vt 0.017181 0.909375
vt 0.017181 1.000000
vt 0.000000 1.000000
vt 0.000000 0.954688
vt 0.029043 0.954688
vt 0.029043 1.000000
vt 0.000000 1.000000
vt 0.000000 0.954688
vt 0.029043 0.954688
vt 0.029043 1.000000
vt 0.000000 1.000000
vt 0.000000 0.909375
vt 0.029043 0.909375
vt 0.029043 1.000000
vt 0.000000 1.000000
vt 0.000000 0.909375
vt 0.017181 0.909375
vt 0.017181 1.000000
vt 0.000000 1.000000
vt 0.000000 0.954688
vt 0.029043 0.954688
vt 0.029043 1.000000
vt 0.000000 1.000000
vt 0.000000 0.954688
vt 0.029043 0.954688
vt 0.029043 1.000000
vt 0.000000 1.000000
vt 0.000000 0.909375
vt 0.029043 0.909375
vt 0.029043 1.000000
vt 0.000000 1.000000
vt 0.000000 0.909375
vt 0.017181 0.909375
vt 0.017181 1.000000
vt 0.000000 1.000000
vt 0.000000 0.954688
vt 0.029043 0.954688
vt 0.029043 1.000000
vt 0.000000 1.000000
vt 0.000000 0.954688
vt 0.029043 0.954688
vt 0.029043 1.000000
vt 0.000000 1.000000
vt 0.000000 0.909375
vt 0.029043 0.909375
vt 0.029043 1.000000
vt 0.000000 1.000000
vt 0.000000 0.909375
vt 0.017181 0.909375
vt 0.017181 1.000000
vt 0.000000 1.000000
vt 0.000000 0.954688
vt 0.029043 0.954688
vt 0.029043 1.000000
vt 0.000000 1.000000
vt 0.000000 0.954688
vt 0.029043 0.954688
vt 0.029043 1.000000
vt 0.000000 1.000000
vt 0.000000 0.909375
vt 0.029043 0.909375
vt 0.029043 1.000000
vt 0.000000 1.000000
vt 0.000000 0.909375
vt 0.017181 0.909375
vt 0.017181 1.000000
vt 0.000000 1.000000
vt 0.000000 0.954688
vt 0.029043 0.954688
vt 0.029043 1.000000
vt 0.000000 1.000000
vt 0.000000 0.954688
vt 0.029043 0.954688
vt 0.029043 1.000000
vt 0.000000 1.000000
vt 0.000000 0.909375
vt 0.029043 0.909375
vt 0.029043 1.000000
vt 0.000000 1.000000
vt 0.000000 0.909375
vt 0.017181 0.909375
vt 0.017181 1.000000
vt 0.000000 1.000000
vt 0.000000 0.954688
vt 0.029043 0.954688
vt 0.029043 1.000000
vt 0.000000 1.000000
vt 0.000000 0.954688
vt 0.029043 0.954688
vt 0.029043 1.000000
vt 0.000000 1.000000
vt 0.000000 0.909375
vt 0.029043 0.909375
vt 0.029043 1.000000
vt 0.000000 1.000000
vt 0.000000 0.909375
vt 0.017181 0.909375
vt 0.017181 1.000000
vt 0.000000 1.000000
vt 0.000000 0.954688
vt 0.029043 0.954688
vt 0.029043 1.000000
vt 0.000000 1.000000
vt 0.000000 0.954688
vt 0.029043 0.954688
vt 0.029043 1.000000
vt 0.000000 1.000000
vt 0.000000 0.909375
vt 0.029043 0.909375
vt 0.029043 1.000000
vt 0.000000 1.000000
vt 0.000000 0.909375
vt 0.017181 0.909375
vt 0.017181 1.000000
vt 0.000000 1.000000
vt 0.000000 0.954688
vt 0.029043 0.954688
vt 0.029043 1.000000
vt 0.000000 1.000000
vt 0.000000 0.954688
vt 0.029043 0.954688
vt 0.029043 1.000000
vt 0.000000 1.000000
vt 0.000000 0.909375
vt 0.029043 0.909375
vt 0.029043 1.000000
vt 0.000000 1.000000
vt 0.000000 0.909375
vt 0.017181 0.909375
vt 0.017181 1.000000
vt 0.000000 1.000000
vt 0.000000 0.954688
vt 0.029043 0.954688
vt 0.029043 1.000000
vt 0.000000 1.000000
vt 0.000000 0.954688
vt 0.029043 0.954688
vt 0.029043 1.000000
vt 0.000000 1.000000
vt 0.000000 0.909375
vt 0.029043 0.909375
vt 0.029043 1.000000
vt 0.000000 1.000000
vt 0.000000 0.909375
vt 0.017181 0.909375
vt 0.017181 1.000000
vt 0.000000 1.000000
vt 0.000000 0.954688
vt 0.029043 0.954688
vt 0.029043 1.000000
vt 0.000000 1.000000
vt 0.000000 0.954688
vt 0.029043 0.954688
vt 0.029043 1.000000
vt 0.000000 1.000000
vt 0.000000 0.909375
vt 0.029043 0.909375
vt 0.029043 1.000000
vt 0.000000 1.000000
vt 0.000000 0.909375
vt 0.017181 0.909375
vt 0.017181 1.000000
vt 0.000000 1.000000
vt 0.000000 0.954688
vt 0.029043 0.954688
vt 0.029043 1.000000
vt 0.000000 1.000000
vt 0.000000 0.954688
vt 0.029043 0.954688
vt 0.029043 1.000000
vt 0.000000 1.000000
vt 0.000000 0.909375
vt 0.029043 0.909375
vt 0.029043 1.000000
vt 0.000000 1.000000
vt 0.000000 0.909375
vt 0.017181 0.909375
vt 0.017181 1.000000
vt 0.000000 1.000000
vt 0.000000 0.954688
vt 0.029043 0.954688
vt 0.029043 1.000000
vt 0.000000 1.000000
vt 0.000000 0.954688
vt 0.029043 0.954688
vt 0.029043 1.000000
vt 0.000000 1.000000
vt 0.000000 0.909375
vt 0.029043 0.909375
vt 0.029043 1.000000
vt 0.000000 1.000000
vt 0.000000 0.909375
vt 0.017181 0.909375
vt 0.017181 1.000000
vt 0.000000 1.000000
vt 0.000000 0.954688
vt 0.029043 0.954688
vt 0.029043 1.000000
vt 0.000000 1.000000
vt 0.000000 0.954688
vt 0.029043 0.954688
vt 0.029043 1.000000
vt 0.000000 1.000000
vt 0.000000 0.909375
vt 0.029043 0.909375
vt 0.029043 1.000000
vt 0.000000 1.000000
vt 0.000000 0.909375
vt 0.017181 0.909375
vt 0.017181 1.000000
vt 0.000000 1.000000
vt 0.000000 0.954688
vt 0.029043 0.954688
vt 0.029043 1.000000
vt 0.000000 1.000000
vt 0.000000 0.954688
vt 0.029043 0.954688
vt 0.029043 1.000000
vt 0.000000 1.000000
vt 0.000000 0.909375
vt 0.029043 0.909375
vt 0.029043 1.000000
vt 0.000000 1.000000
vt 0.000000 0.909375
vt 0.017181 0.909375
vt 0.017181 1.000000
vt 0.000000 1.000000
vt 0.000000 0.954688
vt 0.029043 0.954688
vt 0.029043 1.000000
vt 0.000000 1.000000
vt 0.000000 0.954688
vt 0.029043 0.954688
vt 0.029043 1.000000
vt 0.000000 1.000000
vt 0.000000 0.909375
vt 0.029043 0.909375
vt 0.029043 1.000000
vt 0.000000 1.000000
vt 0.000000 0.909375
vt 0.017181 0.909375
vt 0.017181 1.000000
vt 0.000000 1.000000
vt 0.000000 0.954688
vt 0.029043 0.954688
vt 0.029043 1.000000
vt 0.000000 1.000000
vt 0.000000 0.954688
vt 0.029043 0.954688
vt 0.029043 1.000000
vt 0.000000 1.000000
vt 0.000000 0.909375
vt 0.029043 0.909375
vt 0.029043 1.000000
vt 0.000000 1.000000
vt 0.000000 0.909375
vt 0.017181 0.909375
vt 0.017181 1.000000
vt 0.000000 1.000000
vt 0.000000 0.954688
vt 0.029043 0.954688
vt 0.029043 1.000000
vt 0.000000 1.000000
vt 0.000000 0.954688
vt 0.029043 0.954688
vt 0.029043 1.000000
vt 0.000000 1.000000
vt 0.500000 0.912500
vt 0.529861 0.912500
vt 0.529861 1.000000
vt 0.500000 1.000000
vt 0.500000 0.912500
vt 0.528225 0.912500
vt 0.528225 1.000000
vt 0.500000 1.000000
vt 0.500000 0.993750
vt 0.529861 0.993750
vt 0.529861 1.000000
vt 0.500000 1.000000
vt 0.500000 0.993750
vt 0.529861 0.993750
vt 0.529861 1.000000
vt 0.500000 1.000000
vt 0.500000 0.912500
vt 0.529861 0.912500
vt 0.529861 1.000000
vt 0.500000 1.000000
vt 0.500000 0.912500
vt 0.528225 0.912500
vt 0.528225 1.000000
vt 0.500000 1.000000
vt 0.500000 0.993750
vt 0.529861 0.993750
vt 0.529861 1.000000
vt 0.500000 1.000000
vt 0.500000 0.993750
vt 0.529861 0.993750
vt 0.529861 1.000000
vt 0.500000 1.000000
vt 0.500000 0.912500
vt 0.529861 0.912500
vt 0.529861 1.000000
vt 0.500000 1.000000
vt 0.500000 0.912500
vt 0.528225 0.912500
vt 0.528225 1.000000
vt 0.500000 1.000000
vt 0.500000 0.993750
vt 0.529861 0.993750
vt 0.529861 1.000000
vt 0.500000 1.000000
vt 0.500000 0.993750
vt 0.529861 0.993750
vt 0.529861 1.000000
vt 0.500000 1.000000
vt 0.500000 0.912500
vt 0.529861 0.912500
vt 0.529861 1.000000
vt 0.500000 1.000000
vt 0.500000 0.912500
vt 0.528225 0.912500
vt 0.528225 1.000000
vt 0.500000 1.000000
vt 0.500000 0.993750
vt 0.529861 0.993750
vt 0.529861 1.000000
vt 0.500000 1.000000
vt 0.500000 0.993750
vt 0.529861 0.993750
vt 0.529861 1.000000
vt 0.500000 1.000000
vt 0.500000 0.912500
vt 0.529861 0.912500
vt 0.529861 1.000000
vt 0.500000 1.000000
vt 0.500000 0.912500
vt 0.528225 0.912500
vt 0.528225 1.000000
vt 0.500000 1.000000
vt 0.500000 0.993750
vt 0.529861 0.993750
vt 0.529861 1.000000
vt 0.500000 1.000000
vt 0.500000 0.993750
vt 0.529861 0.993750
vt 0.529861 1.000000
vt 0.500000 1.000000
vt 0.500000 0.912500
vt 0.529861 0.912500
vt 0.529861 1.000000
vt 0.500000 1.000000
vt 0.500000 0.912500
vt 0.528225 0.912500
vt 0.528225 1.000000
vt 0.500000 1.000000
vt 0.500000 0.993750
vt 0.529861 0.993750
vt 0.529861 1.000000
vt 0.500000 1.000000
vt 0.500000 0.993750
vt 0.529861 0.993750
vt 0.529861 1.000000
vt 0.500000 1.000000
vt 0.500000 0.912500
vt 0.529861 0.912500
vt 0.529861 1.000000
vt 0.500000 1.000000
vt 0.500000 0.912500
vt 0.528225 0.912500
vt 0.528225 1.000000
vt 0.500000 1.000000
vt 0.500000 0.993750
vt 0.529861 0.993750
vt 0.529861 1.000000
vt 0.500000 1.000000
vt 0.500000 0.993750
vt 0.529861 0.993750
vt 0.529861 1.000000
vt 0.500000 1.000000
vt 0.500000 0.912500
vt 0.529861 0.912500
vt 0.529861 1.000000
vt 0.500000 1.000000
vt 0.500000 0.912500
vt 0.528225 0.912500
vt 0.528225 1.000000
vt 0.500000 1.000000
vt 0.500000 0.993750
vt 0.529861 0.993750
vt 0.529861 1.000000
vt 0.500000 1.000000
vt 0.500000 0.993750
vt 0.529861 0.993750
vt 0.529861 1.000000
vt 0.500000 1.000000
vt 0.500000 0.912500
vt 0.529861 0.912500
vt 0.529861 1.000000
vt 0.500000 1.000000
vt 0.500000 0.912500
vt 0.528225 0.912500
vt 0.528225 1.000000
vt 0.500000 1.000000
vt 0.500000 0.993750
vt 0.529861 0.993750
vt 0.529861 1.000000
vt 0.500000 1.000000
vt 0.500000 0.993750
vt 0.529861 0.993750
vt 0.529861 1.000000
vt 0.500000 1.000000
vt 0.500000 0.912500
vt 0.529861 0.912500
vt 0.529861 1.000000
vt 0.500000 1.000000
vt 0.500000 0.912500
vt 0.528225 0.912500
vt 0.528225 1.000000
vt 0.500000 1.000000
vt 0.500000 0.993750
vt 0.529861 0.993750
vt 0.529861 1.000000
vt 0.500000 1.000000
vt 0.500000 0.993750
vt 0.529861 0.993750
vt 0.529861 1.000000
vt 0.500000 1.000000
vt 0.500000 0.912500
vt 0.529861 0.912500
vt 0.529861 1.000000
vt 0.500000 1.000000
vt 0.500000 0.912500
vt 0.528225 0.912500
vt 0.528225 1.000000
vt 0.500000 1.000000
vt 0.500000 0.993750
vt 0.529861 0.993750
vt 0.529861 1.000000
vt 0.500000 1.000000
vt 0.500000 0.993750
vt 0.529861 0.993750
vt 0.529861 1.000000
vt 0.500000 1.000000
vt 0.500000 0.912500
vt 0.529861 0.912500
vt 0.529861 1.000000
vt 0.500000 1.000000
vt 0.500000 0.912500
vt 0.528225 0.912500
vt 0.528225 1.000000
vt 0.500000 1.000000
vt 0.500000 0.993750
vt 0.529861 0.993750
vt 0.529861 1.000000
vt 0.500000 1.000000
vt 0.500000 0.993750
vt 0.529861 0.993750
vt 0.529861 1.000000
vt 0.500000 1.000000
vt 0.500000 0.912500
vt 0.529861 0.912500
vt 0.529861 1.000000
vt 0.500000 1.000000
vt 0.500000 0.912500
vt 0.528225 0.912500
vt 0.528225 1.000000
vt 0.500000 1.000000
vt 0.500000 0.993750
vt 0.529861 0.993750
vt 0.529861 1.000000
vt 0.500000 1.000000
vt 0.500000 0.993750
vt 0.529861 0.993750
vt 0.529861 1.000000
vt 0.500000 1.000000
vt 0.500000 0.912500
vt 0.529861 0.912500
vt 0.529861 1.000000
vt 0.500000 1.000000
vt 0.500000 0.912500
vt 0.528225 0.912500
vt 0.528225 1.000000
vt 0.500000 1.000000
vt 0.500000 0.993750
vt 0.529861 0.993750
vt 0.529861 1.000000
vt 0.500000 1.000000
vt 0.500000 0.993750
vt 0.529861 0.993750
vt 0.529861 1.000000
vt 0.500000 1.000000
vt 0.500000 0.912500
vt 0.529861 0.912500
vt 0.529861 1.000000
vt 0.500000 1.000000
vt 0.500000 0.912500
vt 0.528225 0.912500
vt 0.528225 1.000000
vt 0.500000 1.000000
vt 0.500000 0.993750
vt 0.529861 0.993750
vt 0.529861 1.000000
vt 0.500000 1.000000
vt 0.500000 0.993750
vt 0.529861 0.993750
vt 0.529861 1.000000
vt 0.500000 1.000000
vt 0.500000 0.912500
vt 0.529861 0.912500
vt 0.529861 1.000000
vt 0.500000 1.000000
vt 0.500000 0.912500
vt 0.528225 0.912500
vt 0.528225 1.000000
vt 0.500000 1.000000
vt 0.500000 0.993750
vt 0.529861 0.993750
vt 0.529861 1.000000
vt 0.500000 1.000000
vt 0.500000 0.993750
vt 0.529861 0.993750
vt 0.529861 1.000000
vt 0.500000 1.000000
vt 0.500000 0.912500
vt 0.529861 0.912500
vt 0.529861 1.000000
vt 0.500000 1.000000
vt 0.500000 0.912500
vt 0.528225 0.912500
vt 0.528225 1.000000
vt 0.500000 1.000000
vt 0.500000 0.993750
vt 0.529861 0.993750
vt 0.529861 1.000000
vt 0.500000 1.000000
vt 0.500000 0.993750
vt 0.529861 0.993750
vt 0.529861 1.000000
vt 0.500000 1.000000
vt 0.500000 0.912500
vt 0.529861 0.912500
vt 0.529861 1.000000
vt 0.500000 1.000000
vt 0.500000 0.912500
vt 0.528225 0.912500
vt 0.528225 1.000000
vt 0.500000 1.000000
vt 0.500000 0.993750
vt 0.529861 0.993750
vt 0.529861 1.000000
vt 0.500000 1.000000
vt 0.500000 0.993750
vt 0.529861 0.993750
vt 0.529861 1.000000
vt 0.500000 1.000000
vt 0.500000 0.912500
vt 0.529861 0.912500
vt 0.529861 1.000000
vt 0.500000 1.000000
vt 0.500000 0.912500
vt 0.528225 0.912500
vt 0.528225 1.000000
vt 0.500000 1.000000
vt 0.500000 0.993750
vt 0.529861 0.993750
vt 0.529861 1.000000
vt 0.500000 1.000000
vt 0.500000 0.993750
vt 0.529861 0.993750
vt 0.529861 1.000000
vt 0.500000 1.000000
vt 0.500000 0.912500
vt 0.529861 0.912500
vt 0.529861 1.000000
vt 0.500000 1.000000
vt 0.500000 0.912500
vt 0.528225 0.912500
vt 0.528225 1.000000
vt 0.500000 1.000000
vt 0.500000 0.993750
vt 0.529861 0.993750
vt 0.529861 1.000000
vt 0.500000 1.000000
vt 0.500000 0.993750
vt 0.529861 0.993750
vt 0.529861 1.000000
vt 0.500000 1.000000
vt 0.500000 0.912500
vt 0.529861 0.912500
vt 0.529861 1.000000
vt 0.500000 1.000000
vt 0.500000 0.912500
vt 0.528225 0.912500
vt 0.528225 1.000000
vt 0.500000 1.000000
vt 0.500000 0.993750
vt 0.529861 0.993750
vt 0.529861 1.000000
vt 0.500000 1.000000
vt 0.500000 0.993750
vt 0.529861 0.993750
vt 0.529861 1.000000
vt 0.500000 1.000000
vt 0.500000 0.912500
vt 0.529861 0.912500
vt 0.529861 1.000000
vt 0.500000 1.000000
vt 0.500000 0.912500
vt 0.528225 0.912500
vt 0.528225 1.000000
vt 0.500000 1.000000
vt 0.500000 0.993750
vt 0.529861 0.993750
vt 0.529861 1.000000
vt 0.500000 1.000000
vt 0.500000 0.993750
vt 0.529861 0.993750
vt 0.529861 1.000000
vt 0.500000 1.000000
vt 0.500000 0.912500
vt 0.529861 0.912500
vt 0.529861 1.000000
vt 0.500000 1.000000
vt 0.500000 0.912500
vt 0.528225 0.912500
vt 0.528225 1.000000
vt 0.500000 1.000000
vt 0.500000 0.993750
vt 0.529861 0.993750
vt 0.529861 1.000000
vt 0.500000 1.000000
vt 0.500000 0.993750
vt 0.529861 0.993750
vt 0.529861 1.000000
vt 0.500000 1.000000
vt 0.500000 0.912500
vt 0.529861 0.912500
vt 0.529861 1.000000
vt 0.500000 1.000000
vt 0.500000 0.912500
vt 0.528225 0.912500
vt 0.528225 1.000000
vt 0.500000 1.000000
vt 0.500000 0.993750
vt 0.529861 0.993750
vt 0.529861 1.000000
vt 0.500000 1.000000
vt 0.500000 0.993750
vt 0.529861 0.993750
vt 0.529861 1.000000
vt 0.500000 1.000000
vt 0.000000 0.994531
vt 0.042338 0.994531
vt 0.042338 1.000000
vt 0.000000 1.000000
vt 0.000000 0.994531
vt 0.031907 0.994531
vt 0.031907 1.000000
vt 0.000000 1.000000
vt 0.000000 0.973437
vt 0.042338 0.973437
vt 0.042338 1.000000
vt 0.000000 1.000000
vt 0.000000 0.973437
vt 0.042338 0.973437
vt 0.042338 1.000000
vt 0.000000 1.000000
vt 0.000000 0.994531
vt 0.042338 0.994531
vt 0.042338 1.000000
vt 0.000000 1.000000
vt 0.000000 0.994531
vt 0.031907 0.994531
vt 0.031907 1.000000
vt 0.000000 1.000000
vt 0.000000 0.973437
vt 0.042338 0.973437
vt 0.042338 1.000000
vt 0.000000 1.000000
vt 0.000000 0.973437
vt 0.042338 0.973437
vt 0.042338 1.000000
vt 0.000000 1.000000
vt 0.000000 0.994531
vt 0.042338 0.994531
vt 0.042338 1.000000
vt 0.000000 1.000000
vt 0.000000 0.994531
vt 0.031907 0.994531
vt 0.031907 1.000000
vt 0.000000 1.000000
vt 0.000000 0.973437
vt 0.042338 0.973437
vt 0.042338 1.000000
vt 0.000000 1.000000
vt 0.000000 0.973437
vt 0.042338 0.973437
vt 0.042338 1.000000
vt 0.000000 1.000000
vt 0.000000 0.994531
vt 0.042338 0.994531
vt 0.042338 1.000000
vt 0.000000 1.000000
vt 0.000000 0.994531
vt 0.031907 0.994531
vt 0.031907 1.000000
vt 0.000000 1.000000
vt 0.000000 0.973437
vt 0.042338 0.973437
vt 0.042338 1.000000
vt 0.000000 1.000000
vt 0.000000 0.973437
vt 0.042338 0.973437
vt 0.042338 1.000000
vt 0.000000 1.000000
vt 0.000000 0.994531
vt 0.042338 0.994531
vt 0.042338 1.000000
vt 0.000000 1.000000
vt 0.000000 0.994531
vt 0.031907 0.994531
vt 0.031907 1.000000
vt 0.000000 1.000000
vt 0.000000 0.973437
vt 0.042338 0.973437
vt 0.042338 1.000000
vt 0.000000 1.000000
vt 0.000000 0.973437
vt 0.042338 0.973437
vt 0.042338 1.000000
vt 0.000000 1.000000
vt 0.000000 0.994531
vt 0.042338 0.994531
vt 0.042338 1.000000
vt 0.000000 1.000000
vt 0.000000 0.994531
vt 0.031907 0.994531
vt 0.031907 1.000000
vt 0.000000 1.000000
vt 0.000000 0.973437
vt 0.042338 0.973437
vt 0.042338 1.000000
vt 0.000000 1.000000
vt 0.000000 0.973437
vt 0.042338 0.973437
vt 0.042338 1.000000
vt 0.000000 1.000000
vt 0.000000 0.994531
vt 0.042338 0.994531
vt 0.042338 1.000000
vt 0.000000 1.000000
vt 0.000000 0.994531
vt 0.031907 0.994531
vt 0.031907 1.000000
vt 0.000000 1.000000
vt 0.000000 0.973437
vt 0.042338 0.973437
vt 0.042338 1.000000
vt 0.000000 1.000000
vt 0.000000 0.973437
vt 0.042338 0.973437
vt 0.042338 1.000000
vt 0.000000 1.000000
vt 0.000000 0.994531
vt 0.042338 0.994531
vt 0.042338 1.000000
vt 0.000000 1.000000
vt 0.000000 0.994531
vt 0.031907 0.994531
vt 0.031907 1.000000
vt 0.000000 1.000000
vt 0.000000 0.973437
vt 0.042338 0.973437
vt 0.042338 1.000000
vt 0.000000 1.000000
vt 0.000000 0.973437
vt 0.042338 0.973437
vt 0.042338 1.000000
vt 0.000000 1.000000
vt 0.000000 0.994531
vt 0.042338 0.994531
vt 0.042338 1.000000
vt 0.000000 1.000000
vt 0.000000 0.994531
vt 0.031907 0.994531
vt 0.031907 1.000000
vt 0.000000 1.000000
vt 0.000000 0.973437
vt 0.042338 0.973437
vt 0.042338 1.000000
vt 0.000000 1.000000
vt 0.000000 0.973437
vt 0.042338 0.973437
vt 0.042338 1.000000
vt 0.000000 1.000000
vt 0.000000 0.994531
vt 0.042338 0.994531
vt 0.042338 1.000000
vt 0.000000 1.000000
vt 0.000000 0.994531
vt 0.031907 0.994531
vt 0.031907 1.000000
vt 0.000000 1.000000
vt 0.000000 0.973437
vt 0.042338 0.973437
vt 0.042338 1.000000
vt 0.000000 1.000000
vt 0.000000 0.973437
vt 0.042338 0.973437
vt 0.042338 1.000000
vt 0.000000 1.000000
vt 0.000000 0.994531
vt 0.042338 0.994531
vt 0.042338 1.000000
vt 0.000000 1.000000
vt 0.000000 0.994531
vt 0.031907 0.994531
vt 0.031907 1.000000
vt 0.000000 1.000000
vt 0.000000 0.973437
vt 0.042338 0.973437
vt 0.042338 1.000000
vt 0.000000 1.000000
vt 0.000000 0.973437
vt 0.042338 0.973437
vt 0.042338 1.000000
vt 0.000000 1.000000
vt 0.000000 0.994531
vt 0.042338 0.994531
vt 0.042338 1.000000
vt 0.000000 1.000000
vt 0.000000 0.994531
vt 0.031907 0.994531
vt 0.031907 1.000000
vt 0.000000 1.000000
vt 0.000000 0.973437
vt 0.042338 0.973437
vt 0.042338 1.000000
vt 0.000000 1.000000
vt 0.000000 0.973437
vt 0.042338 0.973437
vt 0.042338 1.000000
vt 0.000000 1.000000
vt 0.000000 0.994531
vt 0.042338 0.994531
vt 0.042338 1.000000
vt 0.000000 1.000000
vt 0.000000 0.994531
vt 0.031907 0.994531
vt 0.031907 1.000000
vt 0.000000 1.000000
vt 0.000000 0.973437
vt 0.042338 0.973437
vt 0.042338 1.000000
vt 0.000000 1.000000
vt 0.000000 0.973437
vt 0.042338 0.973437
vt 0.042338 1.000000
vt 0.000000 1.000000
vt 0.000000 0.994531
vt 0.042338 0.994531
vt 0.042338 1.000000
vt 0.000000 1.000000
vt 0.000000 0.994531
vt 0.031907 0.994531
vt 0.031907 1.000000
vt 0.000000 1.000000
vt 0.000000 0.973437
vt 0.042338 0.973437
vt 0.042338 1.000000
vt 0.000000 1.000000
vt 0.000000 0.973437
vt 0.042338 0.973437
vt 0.042338 1.000000
vt 0.000000 1.000000
vt 0.000000 0.994531
vt 0.042338 0.994531
vt 0.042338 1.000000
vt 0.000000 1.000000
vt 0.000000 0.994531
vt 0.031907 0.994531
vt 0.031907 1.000000
vt 0.000000 1.000000
vt 0.000000 0.973437
vt 0.042338 0.973437
vt 0.042338 1.000000
vt 0.000000 1.000000
vt 0.000000 0.973437
vt 0.042338 0.973437
vt 0.042338 1.000000
vt 0.000000 1.000000
vt 0.000000 0.994531
vt 0.042338 0.994531
vt 0.042338 1.000000
vt 0.000000 1.000000
vt 0.000000 0.994531
vt 0.031907 0.994531
vt 0.031907 1.000000
vt 0.000000 1.000000
vt 0.000000 0.973437
vt 0.042338 0.973437
vt 0.042338 1.000000
vt 0.000000 1.000000
vt 0.000000 0.973437
vt 0.042338 0.973437
vt 0.042338 1.000000
vt 0.000000 1.000000
vt 0.000000 0.994531
vt 0.042338 0.994531
vt 0.042338 1.000000
vt 0.000000 1.000000
vt 0.000000 0.994531
vt 0.031907 0.994531
vt 0.031907 1.000000
vt 0.000000 1.000000
vt 0.000000 0.973437
vt 0.042338 0.973437
vt 0.042338 1.000000
vt 0.000000 1.000000
vt 0.000000 0.973437
vt 0.042338 0.973437
vt 0.042338 1.000000
vt 0.000000 1.000000
vt 0.000000 0.994531
vt 0.042338 0.994531
vt 0.042338 1.000000
vt 0.000000 1.000000
vt 0.000000 0.994531
vt 0.031907 0.994531
vt 0.031907 1.000000
vt 0.000000 1.000000
vt 0.000000 0.973437
vt 0.042338 0.973437
vt 0.042338 1.000000
vt 0.000000 1.000000
vt 0.000000 0.973437
vt 0.042338 0.973437
vt 0.042338 1.000000
vt 0.000000 1.000000
vt 0.000000 0.994531
vt 0.042338 0.994531
vt 0.042338 1.000000
vt 0.000000 1.000000
vt 0.000000 0.994531
vt 0.031907 0.994531
vt 0.031907 1.000000
vt 0.000000 1.000000
vt 0.000000 0.973437
vt 0.042338 0.973437
vt 0.042338 1.000000
vt 0.000000 1.000000
vt 0.000000 0.973437
vt 0.042338 0.973437
vt 0.042338 1.000000
vt 0.000000 1.000000
vt 0.000000 0.994531
vt 0.042338 0.994531
vt 0.042338 1.000000
vt 0.000000 1.000000
vt 0.000000 0.994531
vt 0.031907 0.994531
vt 0.031907 1.000000
vt 0.000000 1.000000
vt 0.000000 0.973437
vt 0.042338 0.973437
vt 0.042338 1.000000
vt 0.000000 1.000000
vt 0.000000 0.973437
vt 0.042338 0.973437
vt 0.042338 1.000000
vt 0.000000 1.000000
vt 0.000000 0.994531
vt 0.042338 0.994531
vt 0.042338 1.000000
vt 0.000000 1.000000
vt 0.000000 0.994531
vt 0.031907 0.994531
vt 0.031907 1.000000
vt 0.000000 1.000000
vt 0.000000 0.973437
vt 0.042338 0.973437
vt 0.042338 1.000000
vt 0.000000 1.000000
vt 0.000000 0.973437
vt 0.042338 0.973437
vt 0.042338 1.000000
vt 0.000000 1.000000
vt 0.000000 0.994531
vt 0.042338 0.994531
vt 0.042338 1.000000
vt 0.000000 1.000000
vt 0.000000 0.994531
vt 0.031907 0.994531
vt 0.031907 1.000000
vt 0.000000 1.000000
vt 0.000000 0.973437
vt 0.042338 0.973437
vt 0.042338 1.000000
vt 0.000000 1.000000
vt 0.000000 0.973437
vt 0.042338 0.973437
vt 0.042338 1.000000
vt 0.000000 1.000000
vt 0.000000 0.994531
vt 0.042338 0.994531
vt 0.042338 1.000000
vt 0.000000 1.000000
vt 0.000000 0.994531
vt 0.031907 0.994531
vt 0.031907 1.000000
vt 0.000000 1.000000
vt 0.000000 0.973437
vt 0.042338 0.973437
vt 0.042338 1.000000
vt 0.000000 1.000000
vt 0.000000 0.973437
vt 0.042338 0.973437
vt 0.042338 1.000000
vt 0.000000 1.000000
vt 0.000000 0.994531
vt 0.042338 0.994531
vt 0.042338 1.000000
vt 0.000000 1.000000
vt 0.000000 0.994531
vt 0.031907 0.994531
vt 0.031907 1.000000
vt 0.000000 1.000000
vt 0.000000 0.973437
vt 0.042338 0.973437
vt 0.042338 1.000000
vt 0.000000 1.000000
vt 0.000000 0.973437
vt 0.042338 0.973437
vt 0.042338 1.000000
vt 0.000000 1.000000
vt 0.000000 0.994531
vt 0.042338 0.994531
vt 0.042338 1.000000
vt 0.000000 1.000000
vt 0.000000 0.994531
vt 0.031907 0.994531
vt 0.031907 1.000000
vt 0.000000 1.000000
vt 0.000000 0.973437
vt 0.042338 0.973437
vt 0.042338 1.000000
vt 0.000000 1.000000
vt 0.000000 0.973437
vt 0.042338 0.973437
vt 0.042338 1.000000
vt 0.000000 1.000000
vt 0.000000 0.994531
vt 0.042338 0.994531
vt 0.042338 1.000000
vt 0.000000 1.000000
vt 0.000000 0.994531
vt 0.031907 0.994531
vt 0.031907 1.000000
vt 0.000000 1.000000
vt 0.000000 0.973437
vt 0.042338 0.973437
vt 0.042338 1.000000
vt 0.000000 1.000000
vt 0.000000 0.973437
vt 0.042338 0.973437
vt 0.042338 1.000000
vt 0.000000 1.000000
vt 0.000000 0.994531
vt 0.042338 0.994531
vt 0.042338 1.000000
vt 0.000000 1.000000
vt 0.000000 0.994531
vt 0.031907 0.994531
vt 0.031907 1.000000
vt 0.000000 1.000000
vt 0.000000 0.973437
vt 0.042338 0.973437
vt 0.042338 1.000000
vt 0.000000 1.000000
vt 0.000000 0.973437
vt 0.042338 0.973437
vt 0.042338 1.000000
vt 0.000000 1.000000
vt 0.000000 0.994531
vt 0.042338 0.994531
vt 0.042338 1.000000
vt 0.000000 1.000000
vt 0.000000 0.994531
vt 0.031907 0.994531
vt 0.031907 1.000000
vt 0.000000 1.000000
vt 0.000000 0.973437
vt 0.042338 0.973437
vt 0.042338 1.000000
vt 0.000000 1.000000
vt 0.000000 0.973437
vt 0.042338 0.973437
vt 0.042338 1.000000
vt 0.000000 1.000000
vt 0.000000 0.994531
vt 0.042338 0.994531
vt 0.042338 1.000000
vt 0.000000 1.000000
vt 0.000000 0.994531
vt 0.031907 0.994531
vt 0.031907 1.000000
vt 0.000000 1.000000
vt 0.000000 0.973437
vt 0.042338 0.973437
vt 0.042338 1.000000
vt 0.000000 1.000000
vt 0.000000 0.973437
vt 0.042338 0.973437
vt 0.042338 1.000000
vt 0.000000 1.000000
vt 0.000000 0.994531
vt 0.042338 0.994531
vt 0.042338 1.000000
vt 0.000000 1.000000
vt 0.000000 0.994531
vt 0.031907 0.994531
vt 0.031907 1.000000
vt 0.000000 1.000000
vt 0.000000 0.973437
vt 0.042338 0.973437
vt 0.042338 1.000000
vt 0.000000 1.000000
vt 0.000000 0.973437
vt 0.042338 0.973437
vt 0.042338 1.000000
vt 0.000000 1.000000
vt 0.000000 0.994531
vt 0.042338 0.994531
vt 0.042338 1.000000
vt 0.000000 1.000000
vt 0.000000 0.994531
vt 0.031907 0.994531
vt 0.031907 1.000000
vt 0.000000 1.000000
vt 0.000000 0.973437
vt 0.042338 0.973437
vt 0.042338 1.000000
vt 0.000000 1.000000
vt 0.000000 0.973437
vt 0.042338 0.973437
vt 0.042338 1.000000
vt 0.000000 1.000000
vt 0.000000 0.994531
vt 0.042338 0.994531
vt 0.042338 1.000000
vt 0.000000 1.000000
vt 0.000000 0.994531
vt 0.031907 0.994531
vt 0.031907 1.000000
vt 0.000000 1.000000
vt 0.000000 0.973437
vt 0.042338 0.973437
vt 0.042338 1.000000
vt 0.000000 1.000000
vt 0.000000 0.973437
vt 0.042338 0.973437
vt 0.042338 1.000000
vt 0.000000 1.000000
vt 0.000000 0.721094
vt 0.036250 0.721094
vt 0.036250 0.750000
vt 0.000000 0.750000
vt 0.000000 0.721094
vt 0.036250 0.721094
vt 0.036250 0.750000
vt 0.000000 0.750000
vt 0.000000 0.728125
vt 0.036250 0.728125
vt 0.036250 0.750000
vt 0.000000 0.750000
vt 0.000000 0.728125
vt 0.036250 0.728125
vt 0.036250 0.750000
vt 0.000000 0.750000
vt 0.000000 0.728125
vt 0.028906 0.728125
vt 0.028906 0.750000
vt 0.000000 0.750000
vt 0.000000 0.728125
vt 0.028906 0.728125
vt 0.028906 0.750000
vt 0.000000 0.750000
vt 0.000000 0.721094
vt 0.034062 0.721094
vt 0.034062 0.750000
vt 0.000000 0.750000
vt 0.000000 0.721094
vt 0.034062 0.721094
vt 0.034062 0.750000
vt 0.000000 0.750000
vt 0.000000 0.728125
vt 0.034062 0.728125
vt 0.034062 0.750000
vt 0.000000 0.750000
vt 0.000000 0.728125
vt 0.034062 0.728125
vt 0.034062 0.750000
vt 0.000000 0.750000
vt 0.000000 0.728125
vt 0.028906 0.728125
vt 0.028906 0.750000
vt 0.000000 0.750000
vt 0.000000 0.728125
vt 0.028906 0.728125
vt 0.028906 0.750000
vt 0.000000 0.750000
vt 0.000000 0.721094
vt 0.031875 0.721094
vt 0.031875 0.750000
vt 0.000000 0.750000
vt 0.000000 0.721094
vt 0.031875 0.721094
vt 0.031875 0.750000
vt 0.000000 0.750000
vt 0.000000 0.728125
vt 0.031875 0.728125
vt 0.031875 0.750000
vt 0.000000 0.750000
vt 0.000000 0.728125
vt 0.031875 0.728125
vt 0.031875 0.750000
vt 0.000000 0.750000
vt 0.000000 0.728125
vt 0.028906 0.728125
vt 0.028906 0.750000
vt 0.000000 0.750000
vt 0.000000 0.728125
vt 0.028906 0.728125
vt 0.028906 0.750000
vt 0.000000 0.750000
vt 0.000000 0.721094
vt 0.029687 0.721094
vt 0.029687 0.750000
vt 0.000000 0.750000
vt 0.000000 0.721094
vt 0.029687 0.721094
vt 0.029687 0.750000
vt 0.000000 0.750000
vt 0.000000 0.728125
vt 0.029687 0.728125
vt 0.029687 0.750000
vt 0.000000 0.750000
vt 0.000000 0.728125
vt 0.029687 0.728125
vt 0.029687 0.750000
vt 0.000000 0.750000
vt 0.000000 0.728125
vt 0.028906 0.728125
vt 0.028906 0.750000
vt 0.000000 0.750000
vt 0.000000 0.728125
vt 0.028906 0.728125
vt 0.028906 0.750000
vt 0.000000 0.750000
vt 0.000000 0.721094
vt 0.027500 0.721094
vt 0.027500 0.750000
vt 0.000000 0.750000
vt 0.000000 0.721094
vt 0.027500 0.721094
vt 0.027500 0.750000
vt 0.000000 0.750000
vt 0.000000 0.728125
vt 0.027500 0.728125
vt 0.027500 0.750000
vt 0.000000 0.750000
vt 0.000000 0.728125
vt 0.027500 0.728125
vt 0.027500 0.750000
vt 0.000000 0.750000
vt 0.000000 0.728125
vt 0.028906 0.728125
vt 0.028906 0.750000
vt 0.000000 0.750000
vt 0.000000 0.728125
vt 0.028906 0.728125
vt 0.028906 0.750000
vt 0.000000 0.750000
vt 0.000000 0.721094
vt 0.036250 0.721094
vt 0.036250 0.750000
vt 0.000000 0.750000
vt 0.000000 0.721094
vt 0.036250 0.721094
vt 0.036250 0.750000
vt 0.000000 0.750000
vt 0.000000 0.728125
vt 0.036250 0.728125
vt 0.036250 0.750000
vt 0.000000 0.750000
vt 0.000000 0.728125
vt 0.036250 0.728125
vt 0.036250 0.750000
vt 0.000000 0.750000
vt 0.000000 0.728125
vt 0.028906 0.728125
vt 0.028906 0.750000
vt 0.000000 0.750000
vt 0.000000 0.728125
vt 0.028906 0.728125
vt 0.028906 0.750000
vt 0.000000 0.750000
vt 0.000000 0.721094
vt 0.034062 0.721094
vt 0.034062 0.750000
vt 0.000000 0.750000
vt 0.000000 0.721094
vt 0.034062 0.721094
vt 0.034062 0.750000
vt 0.000000 0.750000
vt 0.000000 0.728125
vt 0.034062 0.728125
vt 0.034062 0.750000
vt 0.000000 0.750000
vt 0.000000 0.728125
vt 0.034062 0.728125
vt 0.034062 0.750000
vt 0.000000 0.750000
vt 0.000000 0.728125
vt 0.028906 0.728125
vt 0.028906 0.750000
vt 0.000000 0.750000
vt 0.000000 0.728125
vt 0.028906 0.728125
vt 0.028906 0.750000
vt 0.000000 0.750000
vt 0.000000 0.721094
vt 0.031875 0.721094
vt 0.031875 0.750000
vt 0.000000 0.750000
vt 0.000000 0.721094
vt 0.031875 0.721094
vt 0.031875 0.750000
vt 0.000000 0.750000
vt 0.000000 0.728125
vt 0.031875 0.728125
vt 0.031875 0.750000
vt 0.000000 0.750000
vt 0.000000 0.728125
vt 0.031875 0.728125
vt 0.031875 0.750000
vt 0.000000 0.750000
vt 0.000000 0.728125
vt 0.028906 0.728125
vt 0.028906 0.750000
vt 0.000000 0.750000
vt 0.000000 0.728125
vt 0.028906 0.728125
vt 0.028906 0.750000
vt 0.000000 0.750000
vt 0.000000 0.721094
vt 0.029687 0.721094
vt 0.029687 0.750000
vt 0.000000 0.750000
vt 0.000000 0.721094
vt 0.029687 0.721094
vt 0.029687 0.750000
vt 0.000000 0.750000
vt 0.000000 0.728125
vt 0.029687 0.728125
vt 0.029687 0.750000
vt 0.000000 0.750000
vt 0.000000 0.728125
vt 0.029687 0.728125
vt 0.029687 0.750000
vt 0.000000 0.750000
vt 0.000000 0.728125
vt 0.028906 0.728125
vt 0.028906 0.750000
vt 0.000000 0.750000
vt 0.000000 0.728125
vt 0.028906 0.728125
vt 0.028906 0.750000
vt 0.000000 0.750000
vt 0.000000 0.721094
vt 0.027500 0.721094
vt 0.027500 0.750000
vt 0.000000 0.750000
vt 0.000000 0.721094
vt 0.027500 0.721094
vt 0.027500 0.750000
vt 0.000000 0.750000
vt 0.000000 0.728125
vt 0.027500 0.728125
vt 0.027500 0.750000
vt 0.000000 0.750000
vt 0.000000 0.728125
vt 0.027500 0.728125
vt 0.027500 0.750000
vt 0.000000 0.750000
vt 0.000000 0.728125
vt 0.028906 0.728125
vt 0.028906 0.750000
vt 0.000000 0.750000
vt 0.000000 0.728125
vt 0.028906 0.728125
vt 0.028906 0.750000
vt 0.000000 0.750000
vt 0.000000 0.721094
vt 0.036250 0.721094
vt 0.036250 0.750000
vt 0.000000 0.750000
vt 0.000000 0.721094
vt 0.036250 0.721094
vt 0.036250 0.750000
vt 0.000000 0.750000
vt 0.000000 0.728125
vt 0.036250 0.728125
vt 0.036250 0.750000
vt 0.000000 0.750000
vt 0.000000 0.728125
vt 0.036250 0.728125
vt 0.036250 0.750000
vt 0.000000 0.750000
vt 0.000000 0.728125
vt 0.028906 0.728125
vt 0.028906 0.750000
vt 0.000000 0.750000
vt 0.000000 0.728125
vt 0.028906 0.728125
vt 0.028906 0.750000
vt 0.000000 0.750000
vt 0.000000 0.721094
vt 0.034062 0.721094
vt 0.034062 0.750000
vt 0.000000 0.750000
vt 0.000000 0.721094
vt 0.034062 0.721094
vt 0.034062 0.750000
vt 0.000000 0.750000
vt 0.000000 0.728125
vt 0.034062 0.728125
vt 0.034062 0.750000
vt 0.000000 0.750000
vt 0.000000 0.728125
vt 0.034062 0.728125
vt 0.034062 0.750000
vt 0.000000 0.750000
vt 0.000000 0.728125
vt 0.028906 0.728125
vt 0.028906 0.750000
vt 0.000000 0.750000
vt 0.000000 0.728125
vt 0.028906 0.728125
vt 0.028906 0.750000
vt 0.000000 0.750000
vt 0.000000 0.721094
vt 0.031875 0.721094
vt 0.031875 0.750000
vt 0.000000 0.750000
vt 0.000000 0.721094
vt 0.031875 0.721094
vt 0.031875 0.750000
vt 0.000000 0.750000
vt 0.000000 0.728125
vt 0.031875 0.728125
vt 0.031875 0.750000
vt 0.000000 0.750000
vt 0.000000 0.728125
vt 0.031875 0.728125
vt 0.031875 0.750000
vt 0.000000 0.750000
vt 0.000000 0.728125
vt 0.028906 0.728125
vt 0.028906 0.750000
vt 0.000000 0.750000
vt 0.000000 0.728125
vt 0.028906 0.728125
vt 0.028906 0.750000
vt 0.000000 0.750000
vt 0.000000 0.721094
vt 0.029687 0.721094
vt 0.029687 0.750000
vt 0.000000 0.750000
vt 0.000000 0.721094
vt 0.029687 0.721094
vt 0.029687 0.750000
vt 0.000000 0.750000
vt 0.000000 0.728125
vt 0.029687 0.728125
vt 0.029687 0.750000
vt 0.000000 0.750000
vt 0.000000 0.728125
vt 0.029687 0.728125
vt 0.029687 0.750000
vt 0.000000 0.750000
vt 0.000000 0.728125
vt 0.028906 0.728125
vt 0.028906 0.750000
vt 0.000000 0.750000
vt 0.000000 0.728125
vt 0.028906 0.728125
vt 0.028906 0.750000
vt 0.000000 0.750000
vt 0.000000 0.721094
vt 0.027500 0.721094
vt 0.027500 0.750000
vt 0.000000 0.750000
vt 0.000000 0.721094
vt 0.027500 0.721094
vt 0.027500 0.750000
vt 0.000000 0.750000
vt 0.000000 0.728125
vt 0.027500 0.728125
vt 0.027500 0.750000
vt 0.000000 0.750000
vt 0.000000 0.728125
vt 0.027500 0.728125
vt 0.027500 0.750000
vt 0.000000 0.750000
vt 0.000000 0.728125
vt 0.028906 0.728125
vt 0.028906 0.750000
vt 0.000000 0.750000
vt 0.000000 0.728125
vt 0.028906 0.728125
vt 0.028906 0.750000
vt 0.000000 0.750000
vt 0.000000 0.721094
vt 0.036250 0.721094
vt 0.036250 0.750000
vt 0.000000 0.750000
vt 0.000000 0.721094
vt 0.036250 0.721094
vt 0.036250 0.750000
vt 0.000000 0.750000
vt 0.000000 0.728125
vt 0.036250 0.728125
vt 0.036250 0.750000
vt 0.000000 0.750000
vt 0.000000 0.728125
vt 0.036250 0.728125
vt 0.036250 0.750000
vt 0.000000 0.750000
vt 0.000000 0.728125
vt 0.028906 0.728125
vt 0.028906 0.750000
vt 0.000000 0.750000
vt 0.000000 0.728125
vt 0.028906 0.728125
vt 0.028906 0.750000
vt 0.000000 0.750000
vt 0.000000 0.721094
vt 0.034062 0.721094
vt 0.034062 0.750000
vt 0.000000 0.750000
vt 0.000000 0.721094
vt 0.034062 0.721094
vt 0.034062 0.750000
vt 0.000000 0.750000
vt 0.000000 0.728125
vt 0.034062 0.728125
vt 0.034062 0.750000
vt 0.000000 0.750000
vt 0.000000 0.728125
vt 0.034062 0.728125
vt 0.034062 0.750000
vt 0.000000 0.750000
vt 0.000000 0.728125
vt 0.028906 0.728125
vt 0.028906 0.750000
vt 0.000000 0.750000
vt 0.000000 0.728125
vt 0.028906 0.728125
vt 0.028906 0.750000
vt 0.000000 0.750000
vt 0.000000 0.721094
vt 0.031875 0.721094
vt 0.031875 0.750000
vt 0.000000 0.750000
vt 0.000000 0.721094
vt 0.031875 0.721094
vt 0.031875 0.750000
vt 0.000000 0.750000
vt 0.000000 0.728125
vt 0.031875 0.728125
vt 0.031875 0.750000
vt 0.000000 0.750000
vt 0.000000 0.728125
vt 0.031875 0.728125
vt 0.031875 0.750000
vt 0.000000 0.750000
vt 0.000000 0.728125
vt 0.028906 0.728125
vt 0.028906 0.750000
vt 0.000000 0.750000
vt 0.000000 0.728125
vt 0.028906 0.728125
vt 0.028906 0.750000
vt 0.000000 0.750000
vt 0.000000 0.721094
vt 0.029687 0.721094
vt 0.029687 0.750000
vt 0.000000 0.750000
vt 0.000000 0.721094
vt 0.029687 0.721094
vt 0.029687 0.750000
vt 0.000000 0.750000
vt 0.000000 0.728125
vt 0.029687 0.728125
vt 0.029687 0.750000
vt 0.000000 0.750000
vt 0.000000 0.728125
vt 0.029687 0.728125
vt 0.029687 0.750000
vt 0.000000 0.750000
vt 0.000000 0.728125
vt 0.028906 0.728125
vt 0.028906 0.750000
vt 0.000000 0.750000
vt 0.000000 0.728125
vt 0.028906 0.728125
vt 0.028906 0.750000
vt 0.000000 0.750000
vt 0.000000 0.721094
vt 0.027500 0.721094
vt 0.027500 0.750000
vt 0.000000 0.750000
vt 0.000000 0.721094
vt 0.027500 0.721094
vt 0.027500 0.750000
vt 0.000000 0.750000
vt 0.000000 0.728125
vt 0.027500 0.728125
vt 0.027500 0.750000
vt 0.000000 0.750000
vt 0.000000 0.728125
vt 0.027500 0.728125
vt 0.027500 0.750000
vt 0.000000 0.750000
vt 0.000000 0.728125
vt 0.028906 0.728125
vt 0.028906 0.750000
vt 0.000000 0.750000
vt 0.000000 0.728125
vt 0.028906 0.728125
vt 0.028906 0.750000
vt 0.000000 0.750000
vt 0.000000 0.721094
vt 0.036250 0.721094
vt 0.036250 0.750000
vt 0.000000 0.750000
vt 0.000000 0.721094
vt 0.036250 0.721094
vt 0.036250 0.750000
vt 0.000000 0.750000
vt 0.000000 0.728125
vt 0.036250 0.728125
vt 0.036250 0.750000
vt 0.000000 0.750000
vt 0.000000 0.728125
vt 0.036250 0.728125
vt 0.036250 0.750000
vt 0.000000 0.750000
vt 0.000000 0.728125
vt 0.028906 0.728125
vt 0.028906 0.750000
vt 0.000000 0.750000
vt 0.000000 0.728125
vt 0.028906 0.728125
vt 0.028906 0.750000
vt 0.000000 0.750000
vt 0.000000 0.721094
vt 0.034062 0.721094
vt 0.034062 0.750000
vt 0.000000 0.750000
vt 0.000000 0.721094
vt 0.034062 0.721094
vt 0.034062 0.750000
vt 0.000000 0.750000
vt 0.000000 0.728125
vt 0.034062 0.728125
vt 0.034062 0.750000
vt 0.000000 0.750000
vt 0.000000 0.728125
vt 0.034062 0.728125
vt 0.034062 0.750000
vt 0.000000 0.750000
vt 0.000000 0.728125
vt 0.028906 0.728125
vt 0.028906 0.750000
vt 0.000000 0.750000
vt 0.000000 0.728125
vt 0.028906 0.728125
vt 0.028906 0.750000
vt 0.000000 0.750000
vt 0.000000 0.721094
vt 0.031875 0.721094
vt 0.031875 0.750000
vt 0.000000 0.750000
vt 0.000000 0.721094
vt 0.031875 0.721094
vt 0.031875 0.750000
vt 0.000000 0.750000
vt 0.000000 0.728125
vt 0.031875 0.728125
vt 0.031875 0.750000
vt 0.000000 0.750000
vt 0.000000 0.728125
vt 0.031875 0.728125
vt 0.031875 0.750000
vt 0.000000 0.750000
vt 0.000000 0.728125
vt 0.028906 0.728125
vt 0.028906 0.750000
vt 0.000000 0.750000
vt 0.000000 0.728125
vt 0.028906 0.728125
vt 0.028906 0.750000
vt 0.000000 0.750000
vt 0.000000 0.721094
vt 0.029687 0.721094
vt 0.029687 0.750000
vt 0.000000 0.750000
vt 0.000000 0.721094
vt 0.029687 0.721094
vt 0.029687 0.750000
vt 0.000000 0.750000
vt 0.000000 0.728125
vt 0.029687 0.728125
vt 0.029687 0.750000
vt 0.000000 0.750000
vt 0.000000 0.728125
vt 0.029687 0.728125
vt 0.029687 0.750000
vt 0.000000 0.750000
vt 0.000000 0.728125
vt 0.028906 0.728125
vt 0.028906 0.750000
vt 0.000000 0.750000
vt 0.000000 0.728125
vt 0.028906 0.728125
vt 0.028906 0.750000
vt 0.000000 0.750000
vt 0.000000 0.721094
vt 0.027500 0.721094
vt 0.027500 0.750000
vt 0.000000 0.750000
vt 0.000000 0.721094
vt 0.027500 0.721094
vt 0.027500 0.750000
vt 0.000000 0.750000
vt 0.000000 0.728125
vt 0.027500 0.728125
vt 0.027500 0.750000
vt 0.000000 0.750000
vt 0.000000 0.728125
vt 0.027500 0.728125
vt 0.027500 0.750000
vt 0.000000 0.750000
vt 0.000000 0.728125
vt 0.028906 0.728125
vt 0.028906 0.750000
vt 0.000000 0.750000
vt 0.000000 0.728125
vt 0.028906 0.728125
vt 0.028906 0.750000
vt 0.000000 0.750000
vt 0.000000 0.721094
vt 0.036250 0.721094
vt 0.036250 0.750000
vt 0.000000 0.750000
vt 0.000000 0.721094
vt 0.036250 0.721094
vt 0.036250 0.750000
vt 0.000000 0.750000
vt 0.000000 0.728125
vt 0.036250 0.728125
vt 0.036250 0.750000
vt 0.000000 0.750000
vt 0.000000 0.728125
vt 0.036250 0.728125
vt 0.036250 0.750000
vt 0.000000 0.750000
vt 0.000000 0.728125
vt 0.028906 0.728125
vt 0.028906 0.750000
vt 0.000000 0.750000
vt 0.000000 0.728125
vt 0.028906 0.728125
vt 0.028906 0.750000
vt 0.000000 0.750000
vt 0.000000 0.721094
vt 0.034062 0.721094
vt 0.034062 0.750000
vt 0.000000 0.750000
vt 0.000000 0.721094
vt 0.034062 0.721094
vt 0.034062 0.750000
vt 0.000000 0.750000
vt 0.000000 0.728125
vt 0.034062 0.728125
vt 0.034062 0.750000
vt 0.000000 0.750000
vt 0.000000 0.728125
vt 0.034062 0.728125
vt 0.034062 0.750000
vt 0.000000 0.750000
vt 0.000000 0.728125
vt 0.028906 0.728125
vt 0.028906 0.750000
vt 0.000000 0.750000
vt 0.000000 0.728125
vt 0.028906 0.728125
vt 0.028906 0.750000
vt 0.000000 0.750000
vt 0.000000 0.721094
vt 0.031875 0.721094
vt 0.031875 0.750000
vt 0.000000 0.750000
vt 0.000000 0.721094
vt 0.031875 0.721094
vt 0.031875 0.750000
vt 0.000000 0.750000
vt 0.000000 0.728125
vt 0.031875 0.728125
vt 0.031875 0.750000
vt 0.000000 0.750000
vt 0.000000 0.728125
vt 0.031875 0.728125
vt 0.031875 0.750000
vt 0.000000 0.750000
vt 0.000000 0.728125
vt 0.028906 0.728125
vt 0.028906 0.750000
vt 0.000000 0.750000
vt 0.000000 0.728125
vt 0.028906 0.728125
vt 0.028906 0.750000
vt 0.000000 0.750000
vt 0.000000 0.721094
vt 0.029687 0.721094
vt 0.029687 0.750000
vt 0.000000 0.750000
vt 0.000000 0.721094
vt 0.029687 0.721094
vt 0.029687 0.750000
vt 0.000000 0.750000
vt 0.000000 0.728125
vt 0.029687 0.728125
vt 0.029687 0.750000
vt 0.000000 0.750000
vt 0.000000 0.728125
vt 0.029687 0.728125
vt 0.029687 0.750000
vt 0.000000 0.750000
vt 0.000000 0.728125
vt 0.028906 0.728125
vt 0.028906 0.750000
vt 0.000000 0.750000
vt 0.000000 0.728125
vt 0.028906 0.728125
vt 0.028906 0.750000
vt 0.000000 0.750000
vt 0.000000 0.721094
vt 0.027500 0.721094
vt 0.027500 0.750000
vt 0.000000 0.750000
vt 0.000000 0.721094
vt 0.027500 0.721094
vt 0.027500 0.750000
vt 0.000000 0.750000
vt 0.000000 0.728125
vt 0.027500 0.728125
vt 0.027500 0.750000
vt 0.000000 0.750000
vt 0.000000 0.728125
vt 0.027500 0.728125
vt 0.027500 0.750000
vt 0.000000 0.750000
vt 0.000000 0.728125
vt 0.028906 0.728125
vt 0.028906 0.750000
vt 0.000000 0.750000
vt 0.000000 0.728125
vt 0.028906 0.728125
vt 0.028906 0.750000
vt 0.000000 0.750000
vt 0.000000 0.721094
vt 0.036250 0.721094
vt 0.036250 0.750000
vt 0.000000 0.750000
vt 0.000000 0.721094
vt 0.036250 0.721094
vt 0.036250 0.750000
vt 0.000000 0.750000
vt 0.000000 0.728125
vt 0.036250 0.728125
vt 0.036250 0.750000
vt 0.000000 0.750000
vt 0.000000 0.728125
vt 0.036250 0.728125
vt 0.036250 0.750000
vt 0.000000 0.750000
vt 0.000000 0.728125
vt 0.028906 0.728125
vt 0.028906 0.750000
vt 0.000000 0.750000
vt 0.000000 0.728125
vt 0.028906 0.728125
vt 0.028906 0.750000
vt 0.000000 0.750000
vt 0.000000 0.721094
vt 0.034062 0.721094
vt 0.034062 0.750000
vt 0.000000 0.750000
vt 0.000000 0.721094
vt 0.034062 0.721094
vt 0.034062 0.750000
vt 0.000000 0.750000
vt 0.000000 0.728125
vt 0.034062 0.728125
vt 0.034062 0.750000
vt 0.000000 0.750000
vt 0.000000 0.728125
vt 0.034062 0.728125
vt 0.034062 0.750000
vt 0.000000 0.750000
vt 0.000000 0.728125
vt 0.028906 0.728125
vt 0.028906 0.750000
vt 0.000000 0.750000
vt 0.000000 0.728125
vt 0.028906 0.728125
vt 0.028906 0.750000
vt 0.000000 0.750000
vt 0.000000 0.721094
vt 0.031875 0.721094
vt 0.031875 0.750000
vt 0.000000 0.750000
vt 0.000000 0.721094
vt 0.031875 0.721094
vt 0.031875 0.750000
vt 0.000000 0.750000
vt 0.000000 0.728125
vt 0.031875 0.728125
vt 0.031875 0.750000
vt 0.000000 0.750000
vt 0.000000 0.728125
vt 0.031875 0.728125
vt 0.031875 0.750000
vt 0.000000 0.750000
vt 0.000000 0.728125
vt 0.028906 0.728125
vt 0.028906 0.750000
vt 0.000000 0.750000
vt 0.000000 0.728125
vt 0.028906 0.728125
vt 0.028906 0.750000
vt 0.000000 0.750000
vt 0.000000 0.721094
vt 0.029687 0.721094
vt 0.029687 0.750000
vt 0.000000 0.750000
vt 0.000000 0.721094
vt 0.029687 0.721094
vt 0.029687 0.750000
vt 0.000000 0.750000
vt 0.000000 0.728125
vt 0.029687 0.728125
vt 0.029687 0.750000
vt 0.000000 0.750000
vt 0.000000 0.728125
vt 0.029687 0.728125
vt 0.029687 0.750000
vt 0.000000 0.750000
vt 0.000000 0.728125
vt 0.028906 0.728125
vt 0.028906 0.750000
vt 0.000000 0.750000
vt 0.000000 0.728125
vt 0.028906 0.728125
vt 0.028906 0.750000
vt 0.000000 0.750000
vt 0.000000 0.721094
vt 0.027500 0.721094
vt 0.027500 0.750000
vt 0.000000 0.750000
vt 0.000000 0.721094
vt 0.027500 0.721094
vt 0.027500 0.750000
vt 0.000000 0.750000
vt 0.000000 0.728125
vt 0.027500 0.728125
vt 0.027500 0.750000
vt 0.000000 0.750000
vt 0.000000 0.728125
vt 0.027500 0.728125
vt 0.027500 0.750000
vt 0.000000 0.750000
vt 0.000000 0.728125
vt 0.028906 0.728125
vt 0.028906 0.750000
vt 0.000000 0.750000
vt 0.000000 0.728125
vt 0.028906 0.728125
vt 0.028906 0.750000
vt 0.000000 0.750000
vt 0.000000 0.721094
vt 0.036250 0.721094
vt 0.036250 0.750000
vt 0.000000 0.750000
vt 0.000000 0.721094
vt 0.036250 0.721094
vt 0.036250 0.750000
vt 0.000000 0.750000
vt 0.000000 0.728125
vt 0.036250 0.728125
vt 0.036250 0.750000
vt 0.000000 0.750000
vt 0.000000 0.728125
vt 0.036250 0.728125
vt 0.036250 0.750000
vt 0.000000 0.750000
vt 0.000000 0.728125
vt 0.028906 0.728125
vt 0.028906 0.750000
vt 0.000000 0.750000
vt 0.000000 0.728125
vt 0.028906 0.728125
vt 0.028906 0.750000
vt 0.000000 0.750000
vt 0.000000 0.721094
vt 0.034062 0.721094
vt 0.034062 0.750000
vt 0.000000 0.750000
vt 0.000000 0.721094
vt 0.034062 0.721094
vt 0.034062 0.750000
vt 0.000000 0.750000
vt 0.000000 0.728125
vt 0.034062 0.728125
vt 0.034062 0.750000
vt 0.000000 0.750000
vt 0.000000 0.728125
vt 0.034062 0.728125
vt 0.034062 0.750000
vt 0.000000 0.750000
vt 0.000000 0.728125
vt 0.028906 0.728125
vt 0.028906 0.750000
vt 0.000000 0.750000
vt 0.000000 0.728125
vt 0.028906 0.728125
vt 0.028906 0.750000
vt 0.000000 0.750000
vt 0.000000 0.721094
vt 0.031875 0.721094
vt 0.031875 0.750000
vt 0.000000 0.750000
vt 0.000000 0.721094
vt 0.031875 0.721094
vt 0.031875 0.750000
vt 0.000000 0.750000
vt 0.000000 0.728125
vt 0.031875 0.728125
vt 0.031875 0.750000
vt 0.000000 0.750000
vt 0.000000 0.728125
vt 0.031875 0.728125
vt 0.031875 0.750000
vt 0.000000 0.750000
vt 0.000000 0.728125
vt 0.028906 0.728125
vt 0.028906 0.750000
vt 0.000000 0.750000
vt 0.000000 0.728125
vt 0.028906 0.728125
vt 0.028906 0.750000
vt 0.000000 0.750000
vt 0.000000 0.721094
vt 0.029687 0.721094
vt 0.029687 0.750000
vt 0.000000 0.750000
vt 0.000000 0.721094
vt 0.029687 0.721094
vt 0.029687 0.750000
vt 0.000000 0.750000
vt 0.000000 0.728125
vt 0.029687 0.728125
vt 0.029687 0.750000
vt 0.000000 0.750000
vt 0.000000 0.728125
vt 0.029687 0.728125
vt 0.029687 0.750000
vt 0.000000 0.750000
vt 0.000000 0.728125
vt 0.028906 0.728125
vt 0.028906 0.750000
vt 0.000000 0.750000
vt 0.000000 0.728125
vt 0.028906 0.728125
vt 0.028906 0.750000
vt 0.000000 0.750000
vt 0.000000 0.721094
vt 0.027500 0.721094
vt 0.027500 0.750000
vt 0.000000 0.750000
vt 0.000000 0.721094
vt 0.027500 0.721094
vt 0.027500 0.750000
vt 0.000000 0.750000
vt 0.000000 0.728125
vt 0.027500 0.728125
vt 0.027500 0.750000
vt 0.000000 0.750000
vt 0.000000 0.728125
vt 0.027500 0.728125
vt 0.027500 0.750000
vt 0.000000 0.750000
vt 0.000000 0.728125
vt 0.028906 0.728125
vt 0.028906 0.750000
vt 0.000000 0.750000
vt 0.000000 0.728125
vt 0.028906 0.728125
vt 0.028906 0.750000
vt 0.000000 0.750000
vt 0.000000 0.721094
vt 0.036250 0.721094
vt 0.036250 0.750000
vt 0.000000 0.750000
vt 0.000000 0.721094
vt 0.036250 0.721094
vt 0.036250 0.750000
vt 0.000000 0.750000
vt 0.000000 0.728125
vt 0.036250 0.728125
vt 0.036250 0.750000
vt 0.000000 0.750000
vt 0.000000 0.728125
vt 0.036250 0.728125
vt 0.036250 0.750000
vt 0.000000 0.750000
vt 0.000000 0.728125
vt 0.028906 0.728125
vt 0.028906 0.750000
vt 0.000000 0.750000
vt 0.000000 0.728125
vt 0.028906 0.728125
vt 0.028906 0.750000
vt 0.000000 0.750000
vt 0.000000 0.721094
vt 0.034062 0.721094
vt 0.034062 0.750000
vt 0.000000 0.750000
vt 0.000000 0.721094
vt 0.034062 0.721094
vt 0.034062 0.750000
vt 0.000000 0.750000
vt 0.000000 0.728125
vt 0.034062 0.728125
vt 0.034062 0.750000
vt 0.000000 0.750000
vt 0.000000 0.728125
vt 0.034062 0.728125
vt 0.034062 0.750000
vt 0.000000 0.750000
vt 0.000000 0.728125
vt 0.028906 0.728125
vt 0.028906 0.750000
vt 0.000000 0.750000
vt 0.000000 0.728125
vt 0.028906 0.728125
vt 0.028906 0.750000
vt 0.000000 0.750000
vt 0.000000 0.721094
vt 0.031875 0.721094
vt 0.031875 0.750000
vt 0.000000 0.750000
vt 0.000000 0.721094
vt 0.031875 0.721094
vt 0.031875 0.750000
vt 0.000000 0.750000
vt 0.000000 0.728125
vt 0.031875 0.728125
vt 0.031875 0.750000
vt 0.000000 0.750000
vt 0.000000 0.728125
vt 0.031875 0.728125
vt 0.031875 0.750000
vt 0.000000 0.750000
vt 0.000000 0.728125
vt 0.028906 0.728125
vt 0.028906 0.750000
vt 0.000000 0.750000
vt 0.000000 0.728125
vt 0.028906 0.728125
vt 0.028906 0.750000
vt 0.000000 0.750000
vt 0.000000 0.721094
vt 0.029687 0.721094
vt 0.029687 0.750000
vt 0.000000 0.750000
vt 0.000000 0.721094
vt 0.029687 0.721094
vt 0.029687 0.750000
vt 0.000000 0.750000
vt 0.000000 0.728125
vt 0.029687 0.728125
vt 0.029687 0.750000
vt 0.000000 0.750000
vt 0.000000 0.728125
vt 0.029687 0.728125
vt 0.029687 0.750000
vt 0.000000 0.750000
vt 0.000000 0.728125
vt 0.028906 0.728125
vt 0.028906 0.750000
vt 0.000000 0.750000
vt 0.000000 0.728125
vt 0.028906 0.728125
vt 0.028906 0.750000
vt 0.000000 0.750000
vt 0.000000 0.721094
vt 0.027500 0.721094
vt 0.027500 0.750000
vt 0.000000 0.750000
vt 0.000000 0.721094
vt 0.027500 0.721094
vt 0.027500 0.750000
vt 0.000000 0.750000
vt 0.000000 0.728125
vt 0.027500 0.728125
vt 0.027500 0.750000
vt 0.000000 0.750000
vt 0.000000 0.728125
vt 0.027500 0.728125
vt 0.027500 0.750000
vt 0.000000 0.750000
vt 0.000000 0.728125
vt 0.028906 0.728125
vt 0.028906 0.750000
vt 0.000000 0.750000
vt 0.000000 0.728125
vt 0.028906 0.728125
vt 0.028906 0.750000
vt 0.000000 0.750000
vt 0.000000 0.721094
vt 0.036250 0.721094
vt 0.036250 0.750000
vt 0.000000 0.750000
vt 0.000000 0.721094
vt 0.036250 0.721094
vt 0.036250 0.750000
vt 0.000000 0.750000
vt 0.000000 0.728125
vt 0.036250 0.728125
vt 0.036250 0.750000
vt 0.000000 0.750000
vt 0.000000 0.728125
vt 0.036250 0.728125
vt 0.036250 0.750000
vt 0.000000 0.750000
vt 0.000000 0.728125
vt 0.028906 0.728125
vt 0.028906 0.750000
vt 0.000000 0.750000
vt 0.000000 0.728125
vt 0.028906 0.728125
vt 0.028906 0.750000
vt 0.000000 0.750000
vt 0.000000 0.721094
vt 0.034062 0.721094
vt 0.034062 0.750000
vt 0.000000 0.750000
vt 0.000000 0.721094
vt 0.034062 0.721094
vt 0.034062 0.750000
vt 0.000000 0.750000
vt 0.000000 0.728125
vt 0.034062 0.728125
vt 0.034062 0.750000
vt 0.000000 0.750000
vt 0.000000 0.728125
vt 0.034062 0.728125
vt 0.034062 0.750000
vt 0.000000 0.750000
vt 0.000000 0.728125
vt 0.028906 0.728125
vt 0.028906 0.750000
vt 0.000000 0.750000
vt 0.000000 0.728125
vt 0.028906 0.728125
vt 0.028906 0.750000
vt 0.000000 0.750000
vt 0.000000 0.721094
vt 0.031875 0.721094
vt 0.031875 0.750000
vt 0.000000 0.750000
vt 0.000000 0.721094
vt 0.031875 0.721094
vt 0.031875 0.750000
vt 0.000000 0.750000
vt 0.000000 0.728125
vt 0.031875 0.728125
vt 0.031875 0.750000
vt 0.000000 0.750000
vt 0.000000 0.728125
vt 0.031875 0.728125
vt 0.031875 0.750000
vt 0.000000 0.750000
vt 0.000000 0.728125
vt 0.028906 0.728125
vt 0.028906 0.750000
vt 0.000000 0.750000
vt 0.000000 0.728125
vt 0.028906 0.728125
vt 0.028906 0.750000
vt 0.000000 0.750000
vt 0.000000 0.721094
vt 0.029687 0.721094
vt 0.029687 0.750000
vt 0.000000 0.750000
vt 0.000000 0.721094
vt 0.029687 0.721094
vt 0.029687 0.750000
vt 0.000000 0.750000
vt 0.000000 0.728125
vt 0.029687 0.728125
vt 0.029687 0.750000
vt 0.000000 0.750000
vt 0.000000 0.728125
vt 0.029687 0.728125
vt 0.029687 0.750000
vt 0.000000 0.750000
vt 0.000000 0.728125
vt 0.028906 0.728125
vt 0.028906 0.750000
vt 0.000000 0.750000
vt 0.000000 0.728125
vt 0.028906 0.728125
vt 0.028906 0.750000
vt 0.000000 0.750000
vt 0.000000 0.721094
vt 0.027500 0.721094
vt 0.027500 0.750000
vt 0.000000 0.750000
vt 0.000000 0.721094
vt 0.027500 0.721094
vt 0.027500 0.750000
vt 0.000000 0.750000
vt 0.000000 0.728125
vt 0.027500 0.728125
vt 0.027500 0.750000
vt 0.000000 0.750000
vt 0.000000 0.728125
vt 0.027500 0.728125
vt 0.027500 0.750000
vt 0.000000 0.750000
vt 0.000000 0.728125
vt 0.028906 0.728125
vt 0.028906 0.750000
vt 0.000000 0.750000
vt 0.000000 0.728125
vt 0.028906 0.728125
vt 0.028906 0.750000
vt 0.000000 0.750000
vt 0.000000 0.721094
vt 0.036250 0.721094
vt 0.036250 0.750000
vt 0.000000 0.750000
vt 0.000000 0.721094
vt 0.036250 0.721094
vt 0.036250 0.750000
vt 0.000000 0.750000
vt 0.000000 0.728125
vt 0.036250 0.728125
vt 0.036250 0.750000
vt 0.000000 0.750000
vt 0.000000 0.728125
vt 0.036250 0.728125
vt 0.036250 0.750000
vt 0.000000 0.750000
vt 0.000000 0.728125
vt 0.028906 0.728125
vt 0.028906 0.750000
vt 0.000000 0.750000
vt 0.000000 0.728125
vt 0.028906 0.728125
vt 0.028906 0.750000
vt 0.000000 0.750000
vt 0.000000 0.721094
vt 0.034062 0.721094
vt 0.034062 0.750000
vt 0.000000 0.750000
vt 0.000000 0.721094
vt 0.034062 0.721094
vt 0.034062 0.750000
vt 0.000000 0.750000
vt 0.000000 0.728125
vt 0.034062 0.728125
vt 0.034062 0.750000
vt 0.000000 0.750000
vt 0.000000 0.728125
vt 0.034062 0.728125
vt 0.034062 0.750000
vt 0.000000 0.750000
vt 0.000000 0.728125
vt 0.028906 0.728125
vt 0.028906 0.750000
vt 0.000000 0.750000
vt 0.000000 0.728125
vt 0.028906 0.728125
vt 0.028906 0.750000
vt 0.000000 0.750000
vt 0.000000 0.721094
vt 0.031875 0.721094
vt 0.031875 0.750000
vt 0.000000 0.750000
vt 0.000000 0.721094
vt 0.031875 0.721094
vt 0.031875 0.750000
vt 0.000000 0.750000
vt 0.000000 0.728125
vt 0.031875 0.728125
vt 0.031875 0.750000
vt 0.000000 0.750000
vt 0.000000 0.728125
vt 0.031875 0.728125
vt 0.031875 0.750000
vt 0.000000 0.750000
vt 0.000000 0.728125
vt 0.028906 0.728125
vt 0.028906 0.750000
vt 0.000000 0.750000
vt 0.000000 0.728125
vt 0.028906 0.728125
vt 0.028906 0.750000
vt 0.000000 0.750000
vt 0.000000 0.721094
vt 0.029687 0.721094
vt 0.029687 0.750000
vt 0.000000 0.750000
vt 0.000000 0.721094
vt 0.029687 0.721094
vt 0.029687 0.750000
vt 0.000000 0.750000
vt 0.000000 0.728125
vt 0.029687 0.728125
vt 0.029687 0.750000
vt 0.000000 0.750000
vt 0.000000 0.728125
vt 0.029687 0.728125
vt 0.029687 0.750000
vt 0.000000 0.750000
vt 0.000000 0.728125
vt 0.028906 0.728125
vt 0.028906 0.750000
vt 0.000000 0.750000
vt 0.000000 0.728125
vt 0.028906 0.728125
vt 0.028906 0.750000
vt 0.000000 0.750000
vt 0.000000 0.721094
vt 0.027500 0.721094
vt 0.027500 0.750000
vt 0.000000 0.750000
vt 0.000000 0.721094
vt 0.027500 0.721094
vt 0.027500 0.750000
vt 0.000000 0.750000
vt 0.000000 0.728125
vt 0.027500 0.728125
vt 0.027500 0.750000
vt 0.000000 0.750000
vt 0.000000 0.728125
vt 0.027500 0.728125
vt 0.027500 0.750000
vt 0.000000 0.750000
vt 0.000000 0.728125
vt 0.028906 0.728125
vt 0.028906 0.750000
vt 0.000000 0.750000
vt 0.000000 0.728125
vt 0.028906 0.728125
vt 0.028906 0.750000
vt 0.000000 0.750000
vt 0.000000 0.721094
vt 0.036250 0.721094
vt 0.036250 0.750000
vt 0.000000 0.750000
vt 0.000000 0.721094
vt 0.036250 0.721094
vt 0.036250 0.750000
vt 0.000000 0.750000
vt 0.000000 0.728125
vt 0.036250 0.728125
vt 0.036250 0.750000
vt 0.000000 0.750000
vt 0.000000 0.728125
vt 0.036250 0.728125
vt 0.036250 0.750000
vt 0.000000 0.750000
vt 0.000000 0.728125
vt 0.028906 0.728125
vt 0.028906 0.750000
vt 0.000000 0.750000
vt 0.000000 0.728125
vt 0.028906 0.728125
vt 0.028906 0.750000
vt 0.000000 0.750000
vt 0.000000 0.721094
vt 0.034062 0.721094
vt 0.034062 0.750000
vt 0.000000 0.750000
vt 0.000000 0.721094
vt 0.034062 0.721094
vt 0.034062 0.750000
vt 0.000000 0.750000
vt 0.000000 0.728125
vt 0.034062 0.728125
vt 0.034062 0.750000
vt 0.000000 0.750000
vt 0.000000 0.728125
vt 0.034062 0.728125
vt 0.034062 0.750000
vt 0.000000 0.750000
vt 0.000000 0.728125
vt 0.028906 0.728125
vt 0.028906 0.750000
vt 0.000000 0.750000
vt 0.000000 0.728125
vt 0.028906 0.728125
vt 0.028906 0.750000
vt 0.000000 0.750000
vt 0.000000 0.721094
vt 0.031875 0.721094
vt 0.031875 0.750000
vt 0.000000 0.750000
vt 0.000000 0.721094
vt 0.031875 0.721094
vt 0.031875 0.750000
vt 0.000000 0.750000
vt 0.000000 0.728125
vt 0.031875 0.728125
vt 0.031875 0.750000
vt 0.000000 0.750000
vt 0.000000 0.728125
vt 0.031875 0.728125
vt 0.031875 0.750000
vt 0.000000 0.750000
vt 0.000000 0.728125
vt 0.028906 0.728125
vt 0.028906 0.750000
vt 0.000000 0.750000
vt 0.000000 0.728125
vt 0.028906 0.728125
vt 0.028906 0.750000
vt 0.000000 0.750000
vt 0.000000 0.721094
vt 0.029687 0.721094
vt 0.029687 0.750000
vt 0.000000 0.750000
vt 0.000000 0.721094
vt 0.029687 0.721094
vt 0.029687 0.750000
vt 0.000000 0.750000
vt 0.000000 0.728125
vt 0.029687 0.728125
vt 0.029687 0.750000
vt 0.000000 0.750000
vt 0.000000 0.728125
vt 0.029687 0.728125
vt 0.029687 0.750000
vt 0.000000 0.750000
vt 0.000000 0.728125
vt 0.028906 0.728125
vt 0.028906 0.750000
vt 0.000000 0.750000
vt 0.000000 0.728125
vt 0.028906 0.728125
vt 0.028906 0.750000
vt 0.000000 0.750000
vt 0.000000 0.721094
vt 0.027500 0.721094
vt 0.027500 0.750000
vt 0.000000 0.750000
vt 0.000000 0.721094
vt 0.027500 0.721094
vt 0.027500 0.750000
vt 0.000000 0.750000
vt 0.000000 0.728125
vt 0.027500 0.728125
vt 0.027500 0.750000
vt 0.000000 0.750000
vt 0.000000 0.728125
vt 0.027500 0.728125
vt 0.027500 0.750000
vt 0.000000 0.750000
vt 0.000000 0.728125
vt 0.028906 0.728125
vt 0.028906 0.750000
vt 0.000000 0.750000
vt 0.000000 0.728125
vt 0.028906 0.728125
vt 0.028906 0.750000
vt 0.000000 0.750000
vt 0.000000 0.721094
vt 0.036250 0.721094
vt 0.036250 0.750000
vt 0.000000 0.750000
vt 0.000000 0.721094
vt 0.036250 0.721094
vt 0.036250 0.750000
vt 0.000000 0.750000
vt 0.000000 0.728125
vt 0.036250 0.728125
vt 0.036250 0.750000
vt 0.000000 0.750000
vt 0.000000 0.728125
vt 0.036250 0.728125
vt 0.036250 0.750000
vt 0.000000 0.750000
vt 0.000000 0.728125
vt 0.028906 0.728125
vt 0.028906 0.750000
vt 0.000000 0.750000
vt 0.000000 0.728125
vt 0.028906 0.728125
vt 0.028906 0.750000
vt 0.000000 0.750000
vt 0.000000 0.721094
vt 0.034062 0.721094
vt 0.034062 0.750000
vt 0.000000 0.750000
vt 0.000000 0.721094
vt 0.034062 0.721094
vt 0.034062 0.750000
vt 0.000000 0.750000
vt 0.000000 0.728125
vt 0.034062 0.728125
vt 0.034062 0.750000
vt 0.000000 0.750000
vt 0.000000 0.728125
vt 0.034062 0.728125
vt 0.034062 0.750000
vt 0.000000 0.750000
vt 0.000000 0.728125
vt 0.028906 0.728125
vt 0.028906 0.750000
vt 0.000000 0.750000
vt 0.000000 0.728125
vt 0.028906 0.728125
vt 0.028906 0.750000
vt 0.000000 0.750000
vt 0.000000 0.721094
vt 0.031875 0.721094
vt 0.031875 0.750000
vt 0.000000 0.750000
vt 0.000000 0.721094
vt 0.031875 0.721094
vt 0.031875 0.750000
vt 0.000000 0.750000
vt 0.000000 0.728125
vt 0.031875 0.728125
vt 0.031875 0.750000
vt 0.000000 0.750000
vt 0.000000 0.728125
vt 0.031875 0.728125
vt 0.031875 0.750000
vt 0.000000 0.750000
vt 0.000000 0.728125
vt 0.028906 0.728125
vt 0.028906 0.750000
vt 0.000000 0.750000
vt 0.000000 0.728125
vt 0.028906 0.728125
vt 0.028906 0.750000
vt 0.000000 0.750000
vt 0.000000 0.721094
vt 0.029687 0.721094
vt 0.029687 0.750000
vt 0.000000 0.750000
vt 0.000000 0.721094
vt 0.029687 0.721094
vt 0.029687 0.750000
vt 0.000000 0.750000
vt 0.000000 0.728125
vt 0.029687 0.728125
vt 0.029687 0.750000
vt 0.000000 0.750000
vt 0.000000 0.728125
vt 0.029687 0.728125
vt 0.029687 0.750000
vt 0.000000 0.750000
vt 0.000000 0.728125
vt 0.028906 0.728125
vt 0.028906 0.750000
vt 0.000000 0.750000
vt 0.000000 0.728125
vt 0.028906 0.728125
vt 0.028906 0.750000
vt 0.000000 0.750000
vt 0.000000 0.721094
vt 0.027500 0.721094
vt 0.027500 0.750000
vt 0.000000 0.750000
vt 0.000000 0.721094
vt 0.027500 0.721094
vt 0.027500 0.750000
vt 0.000000 0.750000
vt 0.000000 0.728125
vt 0.027500 0.728125
vt 0.027500 0.750000
vt 0.000000 0.750000
vt 0.000000 0.728125
vt 0.027500 0.728125
vt 0.027500 0.750000
vt 0.000000 0.750000
vt 0.000000 0.728125
vt 0.028906 0.728125
vt 0.028906 0.750000
vt 0.000000 0.750000
vt 0.000000 0.728125
vt 0.028906 0.728125
vt 0.028906 0.750000
vt 0.000000 0.750000
vt 0.000000 0.721094
vt 0.036250 0.721094
vt 0.036250 0.750000
vt 0.000000 0.750000
vt 0.000000 0.721094
vt 0.036250 0.721094
vt 0.036250 0.750000
vt 0.000000 0.750000
vt 0.000000 0.728125
vt 0.036250 0.728125
vt 0.036250 0.750000
vt 0.000000 0.750000
vt 0.000000 0.728125
vt 0.036250 0.728125
vt 0.036250 0.750000
vt 0.000000 0.750000
vt 0.000000 0.728125
vt 0.028906 0.728125
vt 0.028906 0.750000
vt 0.000000 0.750000
vt 0.000000 0.728125
vt 0.028906 0.728125
vt 0.028906 0.750000
vt 0.000000 0.750000
vt 0.000000 0.721094
vt 0.034062 0.721094
vt 0.034062 0.750000
vt 0.000000 0.750000
vt 0.000000 0.721094
vt 0.034062 0.721094
vt 0.034062 0.750000
vt 0.000000 0.750000
vt 0.000000 0.728125
vt 0.034062 0.728125
vt 0.034062 0.750000
vt 0.000000 0.750000
vt 0.000000 0.728125
vt 0.034062 0.728125
vt 0.034062 0.750000
vt 0.000000 0.750000
vt 0.000000 0.728125
vt 0.028906 0.728125
vt 0.028906 0.750000
vt 0.000000 0.750000
vt 0.000000 0.728125
vt 0.028906 0.728125
vt 0.028906 0.750000
vt 0.000000 0.750000
vt 0.000000 0.721094
vt 0.031875 0.721094
vt 0.031875 0.750000
vt 0.000000 0.750000
vt 0.000000 0.721094
vt 0.031875 0.721094
vt 0.031875 0.750000
vt 0.000000 0.750000
vt 0.000000 0.728125
vt 0.031875 0.728125
vt 0.031875 0.750000
vt 0.000000 0.750000
vt 0.000000 0.728125
vt 0.031875 0.728125
vt 0.031875 0.750000
vt 0.000000 0.750000
vt 0.000000 0.728125
vt 0.028906 0.728125
vt 0.028906 0.750000
vt 0.000000 0.750000
vt 0.000000 0.728125
vt 0.028906 0.728125
vt 0.028906 0.750000
vt 0.000000 0.750000
vt 0.000000 0.721094
vt 0.029687 0.721094
vt 0.029687 0.750000
vt 0.000000 0.750000
vt 0.000000 0.721094
vt 0.029687 0.721094
vt 0.029687 0.750000
vt 0.000000 0.750000
vt 0.000000 0.728125
vt 0.029687 0.728125
vt 0.029687 0.750000
vt 0.000000 0.750000
vt 0.000000 0.728125
vt 0.029687 0.728125
vt 0.029687 0.750000
vt 0.000000 0.750000
vt 0.000000 0.728125
vt 0.028906 0.728125
vt 0.028906 0.750000
vt 0.000000 0.750000
vt 0.000000 0.728125
vt 0.028906 0.728125
vt 0.028906 0.750000
vt 0.000000 0.750000
vt 0.000000 0.721094
vt 0.027500 0.721094
vt 0.027500 0.750000
vt 0.000000 0.750000
vt 0.000000 0.721094
vt 0.027500 0.721094
vt 0.027500 0.750000
vt 0.000000 0.750000
vt 0.000000 0.728125
vt 0.027500 0.728125
vt 0.027500 0.750000
vt 0.000000 0.750000
vt 0.000000 0.728125
vt 0.027500 0.728125
vt 0.027500 0.750000
vt 0.000000 0.750000
vt 0.000000 0.728125
vt 0.028906 0.728125
vt 0.028906 0.750000
vt 0.000000 0.750000
vt 0.000000 0.728125
vt 0.028906 0.728125
vt 0.028906 0.750000
vt 0.000000 0.750000
vt 0.000000 0.721094
vt 0.036250 0.721094
vt 0.036250 0.750000
vt 0.000000 0.750000
vt 0.000000 0.721094
vt 0.036250 0.721094
vt 0.036250 0.750000
vt 0.000000 0.750000
vt 0.000000 0.728125
vt 0.036250 0.728125
vt 0.036250 0.750000
vt 0.000000 0.750000
vt 0.000000 0.728125
vt 0.036250 0.728125
vt 0.036250 0.750000
vt 0.000000 0.750000
vt 0.000000 0.728125
vt 0.028906 0.728125
vt 0.028906 0.750000
vt 0.000000 0.750000
vt 0.000000 0.728125
vt 0.028906 0.728125
vt 0.028906 0.750000
vt 0.000000 0.750000
vt 0.000000 0.721094
vt 0.034062 0.721094
vt 0.034062 0.750000
vt 0.000000 0.750000
vt 0.000000 0.721094
vt 0.034062 0.721094
vt 0.034062 0.750000
vt 0.000000 0.750000
vt 0.000000 0.728125
vt 0.034062 0.728125
vt 0.034062 0.750000
vt 0.000000 0.750000
vt 0.000000 0.728125
vt 0.034062 0.728125
vt 0.034062 0.750000
vt 0.000000 0.750000
vt 0.000000 0.728125
vt 0.028906 0.728125
vt 0.028906 0.750000
vt 0.000000 0.750000
vt 0.000000 0.728125
vt 0.028906 0.728125
vt 0.028906 0.750000
vt 0.000000 0.750000
vt 0.000000 0.721094
vt 0.031875 0.721094
vt 0.031875 0.750000
vt 0.000000 0.750000
vt 0.000000 0.721094
vt 0.031875 0.721094
vt 0.031875 0.750000
vt 0.000000 0.750000
vt 0.000000 0.728125
vt 0.031875 0.728125
vt 0.031875 0.750000
vt 0.000000 0.750000
vt 0.000000 0.728125
vt 0.031875 0.728125
vt 0.031875 0.750000
vt 0.000000 0.750000
vt 0.000000 0.728125
vt 0.028906 0.728125
vt 0.028906 0.750000
vt 0.000000 0.750000
vt 0.000000 0.728125
vt 0.028906 0.728125
vt 0.028906 0.750000
vt 0.000000 0.750000
vt 0.000000 0.721094
vt 0.029687 0.721094
vt 0.029687 0.750000
vt 0.000000 0.750000
vt 0.000000 0.721094
vt 0.029687 0.721094
vt 0.029687 0.750000
vt 0.000000 0.750000
vt 0.000000 0.728125
vt 0.029687 0.728125
vt 0.029687 0.750000
vt 0.000000 0.750000
vt 0.000000 0.728125
vt 0.029687 0.728125
vt 0.029687 0.750000
vt 0.000000 0.750000
vt 0.000000 0.728125
vt 0.028906 0.728125
vt 0.028906 0.750000
vt 0.000000 0.750000
vt 0.000000 0.728125
vt 0.028906 0.728125
vt 0.028906 0.750000
vt 0.000000 0.750000
vt 0.000000 0.721094
vt 0.027500 0.721094
vt 0.027500 0.750000
vt 0.000000 0.750000
vt 0.000000 0.721094
vt 0.027500 0.721094
vt 0.027500 0.750000
vt 0.000000 0.750000
vt 0.000000 0.728125
vt 0.027500 0.728125
vt 0.027500 0.750000
vt 0.000000 0.750000
vt 0.000000 0.728125
vt 0.027500 0.728125
vt 0.027500 0.750000
vt 0.000000 0.750000
vt 0.000000 0.728125
vt 0.028906 0.728125
vt 0.028906 0.750000
vt 0.000000 0.750000
vt 0.000000 0.728125
vt 0.028906 0.728125
vt 0.028906 0.750000
vt 0.000000 0.750000
vt 0.000000 0.721094
vt 0.036250 0.721094
vt 0.036250 0.750000
vt 0.000000 0.750000
vt 0.000000 0.721094
vt 0.036250 0.721094
vt 0.036250 0.750000
vt 0.000000 0.750000
vt 0.000000 0.728125
vt 0.036250 0.728125
vt 0.036250 0.750000
vt 0.000000 0.750000
vt 0.000000 0.728125
vt 0.036250 0.728125
vt 0.036250 0.750000
vt 0.000000 0.750000
vt 0.000000 0.728125
vt 0.028906 0.728125
vt 0.028906 0.750000
vt 0.000000 0.750000
vt 0.000000 0.728125
vt 0.028906 0.728125
vt 0.028906 0.750000
vt 0.000000 0.750000
vt 0.000000 0.721094
vt 0.034062 0.721094
vt 0.034062 0.750000
vt 0.000000 0.750000
vt 0.000000 0.721094
vt 0.034062 0.721094
vt 0.034062 0.750000
vt 0.000000 0.750000
vt 0.000000 0.728125
vt 0.034062 0.728125
vt 0.034062 0.750000
vt 0.000000 0.750000
vt 0.000000 0.728125
vt 0.034062 0.728125
vt 0.034062 0.750000
vt 0.000000 0.750000
vt 0.000000 0.728125
vt 0.028906 0.728125
vt 0.028906 0.750000
vt 0.000000 0.750000
vt 0.000000 0.728125
vt 0.028906 0.728125
vt 0.028906 0.750000
vt 0.000000 0.750000
vt 0.000000 0.721094
vt 0.031875 0.721094
vt 0.031875 0.750000
vt 0.000000 0.750000
vt 0.000000 0.721094
vt 0.031875 0.721094
vt 0.031875 0.750000
vt 0.000000 0.750000
vt 0.000000 0.728125
vt 0.031875 0.728125
vt 0.031875 0.750000
vt 0.000000 0.750000
vt 0.000000 0.728125
vt 0.031875 0.728125
vt 0.031875 0.750000
vt 0.000000 0.750000
vt 0.000000 0.728125
vt 0.028906 0.728125
vt 0.028906 0.750000
vt 0.000000 0.750000
vt 0.000000 0.728125
vt 0.028906 0.728125
vt 0.028906 0.750000
vt 0.000000 0.750000
vt 0.000000 0.721094
vt 0.029687 0.721094
vt 0.029687 0.750000
vt 0.000000 0.750000
vt 0.000000 0.721094
vt 0.029687 0.721094
vt 0.029687 0.750000
vt 0.000000 0.750000
vt 0.000000 0.728125
vt 0.029687 0.728125
vt 0.029687 0.750000
vt 0.000000 0.750000
vt 0.000000 0.728125
vt 0.029687 0.728125
vt 0.029687 0.750000
vt 0.000000 0.750000
vt 0.000000 0.728125
vt 0.028906 0.728125
vt 0.028906 0.750000
vt 0.000000 0.750000
vt 0.000000 0.728125
vt 0.028906 0.728125
vt 0.028906 0.750000
vt 0.000000 0.750000
vt 0.000000 0.721094
vt 0.027500 0.721094
vt 0.027500 0.750000
vt 0.000000 0.750000
vt 0.000000 0.721094
vt 0.027500 0.721094
vt 0.027500 0.750000
vt 0.000000 0.750000
vt 0.000000 0.728125
vt 0.027500 0.728125
vt 0.027500 0.750000
vt 0.000000 0.750000
vt 0.000000 0.728125
vt 0.027500 0.728125
vt 0.027500 0.750000
vt 0.000000 0.750000
vt 0.000000 0.728125
vt 0.028906 0.728125
vt 0.028906 0.750000
vt 0.000000 0.750000
vt 0.000000 0.728125
vt 0.028906 0.728125
vt 0.028906 0.750000
vt 0.000000 0.750000
vt 0.000000 0.721094
vt 0.036250 0.721094
vt 0.036250 0.750000
vt 0.000000 0.750000
vt 0.000000 0.721094
vt 0.036250 0.721094
vt 0.036250 0.750000
vt 0.000000 0.750000
vt 0.000000 0.728125
vt 0.036250 0.728125
vt 0.036250 0.750000
vt 0.000000 0.750000
vt 0.000000 0.728125
vt 0.036250 0.728125
vt 0.036250 0.750000
vt 0.000000 0.750000
vt 0.000000 0.728125
vt 0.028906 0.728125
vt 0.028906 0.750000
vt 0.000000 0.750000
vt 0.000000 0.728125
vt 0.028906 0.728125
vt 0.028906 0.750000
vt 0.000000 0.750000
vt 0.000000 0.721094
vt 0.034062 0.721094
vt 0.034062 0.750000
vt 0.000000 0.750000
vt 0.000000 0.721094
vt 0.034062 0.721094
vt 0.034062 0.750000
vt 0.000000 0.750000
vt 0.000000 0.728125
vt 0.034062 0.728125
vt 0.034062 0.750000
vt 0.000000 0.750000
vt 0.000000 0.728125
vt 0.034062 0.728125
vt 0.034062 0.750000
vt 0.000000 0.750000
vt 0.000000 0.728125
vt 0.028906 0.728125
vt 0.028906 0.750000
vt 0.000000 0.750000
vt 0.000000 0.728125
vt 0.028906 0.728125
vt 0.028906 0.750000
vt 0.000000 0.750000
vt 0.000000 0.721094
vt 0.031875 0.721094
vt 0.031875 0.750000
vt 0.000000 0.750000
vt 0.000000 0.721094
vt 0.031875 0.721094
vt 0.031875 0.750000
vt 0.000000 0.750000
vt 0.000000 0.728125
vt 0.031875 0.728125
vt 0.031875 0.750000
vt 0.000000 0.750000
vt 0.000000 0.728125
vt 0.031875 0.728125
vt 0.031875 0.750000
vt 0.000000 0.750000
vt 0.000000 0.728125
vt 0.028906 0.728125
vt 0.028906 0.750000
vt 0.000000 0.750000
vt 0.000000 0.728125
vt 0.028906 0.728125
vt 0.028906 0.750000
vt 0.000000 0.750000
vt 0.000000 0.721094
vt 0.029687 0.721094
vt 0.029687 0.750000
vt 0.000000 0.750000
vt 0.000000 0.721094
vt 0.029687 0.721094
vt 0.029687 0.750000
vt 0.000000 0.750000
vt 0.000000 0.728125
vt 0.029687 0.728125
vt 0.029687 0.750000
vt 0.000000 0.750000
vt 0.000000 0.728125
vt 0.029687 0.728125
vt 0.029687 0.750000
vt 0.000000 0.750000
vt 0.000000 0.728125
vt 0.028906 0.728125
vt 0.028906 0.750000
vt 0.000000 0.750000
vt 0.000000 0.728125
vt 0.028906 0.728125
vt 0.028906 0.750000
vt 0.000000 0.750000
vt 0.000000 0.721094
vt 0.027500 0.721094
vt 0.027500 0.750000
vt 0.000000 0.750000
vt 0.000000 0.721094
vt 0.027500 0.721094
vt 0.027500 0.750000
vt 0.000000 0.750000
vt 0.000000 0.728125
vt 0.027500 0.728125
vt 0.027500 0.750000
vt 0.000000 0.750000
vt 0.000000 0.728125
vt 0.027500 0.728125
vt 0.027500 0.750000
vt 0.000000 0.750000
vt 0.000000 0.728125
vt 0.028906 0.728125
vt 0.028906 0.750000
vt 0.000000 0.750000
vt 0.000000 0.728125
vt 0.028906 0.728125
vt 0.028906 0.750000
vt 0.000000 0.750000
vt 0.000000 0.721094
vt 0.036250 0.721094
vt 0.036250 0.750000
vt 0.000000 0.750000
vt 0.000000 0.721094
vt 0.036250 0.721094
vt 0.036250 0.750000
vt 0.000000 0.750000
vt 0.000000 0.728125
vt 0.036250 0.728125
vt 0.036250 0.750000
vt 0.000000 0.750000
vt 0.000000 0.728125
vt 0.036250 0.728125
vt 0.036250 0.750000
vt 0.000000 0.750000
vt 0.000000 0.728125
vt 0.028906 0.728125
vt 0.028906 0.750000
vt 0.000000 0.750000
vt 0.000000 0.728125
vt 0.028906 0.728125
vt 0.028906 0.750000
vt 0.000000 0.750000
vt 0.000000 0.721094
vt 0.034062 0.721094
vt 0.034062 0.750000
vt 0.000000 0.750000
vt 0.000000 0.721094
vt 0.034062 0.721094
vt 0.034062 0.750000
vt 0.000000 0.750000
vt 0.000000 0.728125
vt 0.034062 0.728125
vt 0.034062 0.750000
vt 0.000000 0.750000
vt 0.000000 0.728125
vt 0.034062 0.728125
vt 0.034062 0.750000
vt 0.000000 0.750000
vt 0.000000 0.728125
vt 0.028906 0.728125
vt 0.028906 0.750000
vt 0.000000 0.750000
vt 0.000000 0.728125
vt 0.028906 0.728125
vt 0.028906 0.750000
vt 0.000000 0.750000
vt 0.000000 0.721094
vt 0.031875 0.721094
vt 0.031875 0.750000
vt 0.000000 0.750000
vt 0.000000 0.721094
vt 0.031875 0.721094
vt 0.031875 0.750000
vt 0.000000 0.750000
vt 0.000000 0.728125
vt 0.031875 0.728125
vt 0.031875 0.750000
vt 0.000000 0.750000
vt 0.000000 0.728125
vt 0.031875 0.728125
vt 0.031875 0.750000
vt 0.000000 0.750000
vt 0.000000 0.728125
vt 0.028906 0.728125
vt 0.028906 0.750000
vt 0.000000 0.750000
vt 0.000000 0.728125
vt 0.028906 0.728125
vt 0.028906 0.750000
vt 0.000000 0.750000
vt 0.000000 0.721094
vt 0.029687 0.721094
vt 0.029687 0.750000
vt 0.000000 0.750000
vt 0.000000 0.721094
vt 0.029687 0.721094
vt 0.029687 0.750000
vt 0.000000 0.750000
vt 0.000000 0.728125
vt 0.029687 0.728125
vt 0.029687 0.750000
vt 0.000000 0.750000
vt 0.000000 0.728125
vt 0.029687 0.728125
vt 0.029687 0.750000
vt 0.000000 0.750000
vt 0.000000 0.728125
vt 0.028906 0.728125
vt 0.028906 0.750000
vt 0.000000 0.750000
vt 0.000000 0.728125
vt 0.028906 0.728125
vt 0.028906 0.750000
vt 0.000000 0.750000
vt 0.000000 0.721094
vt 0.027500 0.721094
vt 0.027500 0.750000
vt 0.000000 0.750000
vt 0.000000 0.721094
vt 0.027500 0.721094
vt 0.027500 0.750000
vt 0.000000 0.750000
vt 0.000000 0.728125
vt 0.027500 0.728125
vt 0.027500 0.750000
vt 0.000000 0.750000
vt 0.000000 0.728125
vt 0.027500 0.728125
vt 0.027500 0.750000
vt 0.000000 0.750000
vt 0.000000 0.728125
vt 0.028906 0.728125
vt 0.028906 0.750000
vt 0.000000 0.750000
vt 0.000000 0.728125
vt 0.028906 0.728125
vt 0.028906 0.750000
vt 0.000000 0.750000
vt 0.000000 0.721094
vt 0.036250 0.721094
vt 0.036250 0.750000
vt 0.000000 0.750000
vt 0.000000 0.721094
vt 0.036250 0.721094
vt 0.036250 0.750000
vt 0.000000 0.750000
vt 0.000000 0.728125
vt 0.036250 0.728125
vt 0.036250 0.750000
vt 0.000000 0.750000
vt 0.000000 0.728125
vt 0.036250 0.728125
vt 0.036250 0.750000
vt 0.000000 0.750000
vt 0.000000 0.728125
vt 0.028906 0.728125
vt 0.028906 0.750000
vt 0.000000 0.750000
vt 0.000000 0.728125
vt 0.028906 0.728125
vt 0.028906 0.750000
vt 0.000000 0.750000
vt 0.000000 0.721094
vt 0.034062 0.721094
vt 0.034062 0.750000
vt 0.000000 0.750000
vt 0.000000 0.721094
vt 0.034062 0.721094
vt 0.034062 0.750000
vt 0.000000 0.750000
vt 0.000000 0.728125
vt 0.034062 0.728125
vt 0.034062 0.750000
vt 0.000000 0.750000
vt 0.000000 0.728125
vt 0.034062 0.728125
vt 0.034062 0.750000
vt 0.000000 0.750000
vt 0.000000 0.728125
vt 0.028906 0.728125
vt 0.028906 0.750000
vt 0.000000 0.750000
vt 0.000000 0.728125
vt 0.028906 0.728125
vt 0.028906 0.750000
vt 0.000000 0.750000
vt 0.000000 0.721094
vt 0.031875 0.721094
vt 0.031875 0.750000
vt 0.000000 0.750000
vt 0.000000 0.721094
vt 0.031875 0.721094
vt 0.031875 0.750000
vt 0.000000 0.750000
vt 0.000000 0.728125
vt 0.031875 0.728125
vt 0.031875 0.750000
vt 0.000000 0.750000
vt 0.000000 0.728125
vt 0.031875 0.728125
vt 0.031875 0.750000
vt 0.000000 0.750000
vt 0.000000 0.728125
vt 0.028906 0.728125
vt 0.028906 0.750000
vt 0.000000 0.750000
vt 0.000000 0.728125
vt 0.028906 0.728125
vt 0.028906 0.750000
vt 0.000000 0.750000
vt 0.000000 0.721094
vt 0.029687 0.721094
vt 0.029687 0.750000
vt 0.000000 0.750000
vt 0.000000 0.721094
vt 0.029687 0.721094
vt 0.029687 0.750000
vt 0.000000 0.750000
vt 0.000000 0.728125
vt 0.029687 0.728125
vt 0.029687 0.750000
vt 0.000000 0.750000
vt 0.000000 0.728125
vt 0.029687 0.728125
vt 0.029687 0.750000
vt 0.000000 0.750000
vt 0.000000 0.728125
vt 0.028906 0.728125
vt 0.028906 0.750000
vt 0.000000 0.750000
vt 0.000000 0.728125
vt 0.028906 0.728125
vt 0.028906 0.750000
vt 0.000000 0.750000
vt 0.000000 0.721094
vt 0.027500 0.721094
vt 0.027500 0.750000
vt 0.000000 0.750000
vt 0.000000 0.721094
vt 0.027500 0.721094
vt 0.027500 0.750000
vt 0.000000 0.750000
vt 0.000000 0.728125
vt 0.027500 0.728125
vt 0.027500 0.750000
vt 0.000000 0.750000
vt 0.000000 0.728125
vt 0.027500 0.728125
vt 0.027500 0.750000
vt 0.000000 0.750000
vt 0.000000 0.728125
vt 0.028906 0.728125
vt 0.028906 0.750000
vt 0.000000 0.750000
vt 0.000000 0.728125
vt 0.028906 0.728125
vt 0.028906 0.750000
vt 0.000000 0.750000
vt 0.000000 0.721094
vt 0.036250 0.721094
vt 0.036250 0.750000
vt 0.000000 0.750000
vt 0.000000 0.721094
vt 0.036250 0.721094
vt 0.036250 0.750000
vt 0.000000 0.750000
vt 0.000000 0.728125
vt 0.036250 0.728125
vt 0.036250 0.750000
vt 0.000000 0.750000
vt 0.000000 0.728125
vt 0.036250 0.728125
vt 0.036250 0.750000
vt 0.000000 0.750000
vt 0.000000 0.728125
vt 0.028906 0.728125
vt 0.028906 0.750000
vt 0.000000 0.750000
vt 0.000000 0.728125
vt 0.028906 0.728125
vt 0.028906 0.750000
vt 0.000000 0.750000
vt 0.000000 0.721094
vt 0.034062 0.721094
vt 0.034062 0.750000
vt 0.000000 0.750000
vt 0.000000 0.721094
vt 0.034062 0.721094
vt 0.034062 0.750000
vt 0.000000 0.750000
vt 0.000000 0.728125
vt 0.034062 0.728125
vt 0.034062 0.750000
vt 0.000000 0.750000
vt 0.000000 0.728125
vt 0.034062 0.728125
vt 0.034062 0.750000
vt 0.000000 0.750000
vt 0.000000 0.728125
vt 0.028906 0.728125
vt 0.028906 0.750000
vt 0.000000 0.750000
vt 0.000000 0.728125
vt 0.028906 0.728125
vt 0.028906 0.750000
vt 0.000000 0.750000
vt 0.000000 0.721094
vt 0.031875 0.721094
vt 0.031875 0.750000
vt 0.000000 0.750000
vt 0.000000 0.721094
vt 0.031875 0.721094
vt 0.031875 0.750000
vt 0.000000 0.750000
vt 0.000000 0.728125
vt 0.031875 0.728125
vt 0.031875 0.750000
vt 0.000000 0.750000
vt 0.000000 0.728125
vt 0.031875 0.728125
vt 0.031875 0.750000
vt 0.000000 0.750000
vt 0.000000 0.728125
vt 0.028906 0.728125
vt 0.028906 0.750000
vt 0.000000 0.750000
vt 0.000000 0.728125
vt 0.028906 0.728125
vt 0.028906 0.750000
vt 0.000000 0.750000
vt 0.000000 0.721094
vt 0.029687 0.721094
vt 0.029687 0.750000
vt 0.000000 0.750000
vt 0.000000 0.721094
vt 0.029687 0.721094
vt 0.029687 0.750000
vt 0.000000 0.750000
vt 0.000000 0.728125
vt 0.029687 0.728125
vt 0.029687 0.750000
vt 0.000000 0.750000
vt 0.000000 0.728125
vt 0.029687 0.728125
vt 0.029687 0.750000
vt 0.000000 0.750000
vt 0.000000 0.728125
vt 0.028906 0.728125
vt 0.028906 0.750000
vt 0.000000 0.750000
vt 0.000000 0.728125
vt 0.028906 0.728125
vt 0.028906 0.750000
vt 0.000000 0.750000
vt 0.000000 0.721094
vt 0.027500 0.721094
vt 0.027500 0.750000
vt 0.000000 0.750000
vt 0.000000 0.721094
vt 0.027500 0.721094
vt 0.027500 0.750000
vt 0.000000 0.750000
vt 0.000000 0.728125
vt 0.027500 0.728125
vt 0.027500 0.750000
vt 0.000000 0.750000
vt 0.000000 0.728125
vt 0.027500 0.728125
vt 0.027500 0.750000
vt 0.000000 0.750000
vt 0.000000 0.728125
vt 0.028906 0.728125
vt 0.028906 0.750000
vt 0.000000 0.750000
vt 0.000000 0.728125
vt 0.028906 0.728125
vt 0.028906 0.750000
vt 0.000000 0.750000
vt 0.000000 0.721094
vt 0.036250 0.721094
vt 0.036250 0.750000
vt 0.000000 0.750000
vt 0.000000 0.721094
vt 0.036250 0.721094
vt 0.036250 0.750000
vt 0.000000 0.750000
vt 0.000000 0.728125
vt 0.036250 0.728125
vt 0.036250 0.750000
vt 0.000000 0.750000
vt 0.000000 0.728125
vt 0.036250 0.728125
vt 0.036250 0.750000
vt 0.000000 0.750000
vt 0.000000 0.728125
vt 0.028906 0.728125
vt 0.028906 0.750000
vt 0.000000 0.750000
vt 0.000000 0.728125
vt 0.028906 0.728125
vt 0.028906 0.750000
vt 0.000000 0.750000
vt 0.000000 0.721094
vt 0.034062 0.721094
vt 0.034062 0.750000
vt 0.000000 0.750000
vt 0.000000 0.721094
vt 0.034062 0.721094
vt 0.034062 0.750000
vt 0.000000 0.750000
vt 0.000000 0.728125
vt 0.034062 0.728125
vt 0.034062 0.750000
vt 0.000000 0.750000
vt 0.000000 0.728125
vt 0.034062 0.728125
vt 0.034062 0.750000
vt 0.000000 0.750000
vt 0.000000 0.728125
vt 0.028906 0.728125
vt 0.028906 0.750000
vt 0.000000 0.750000
vt 0.000000 0.728125
vt 0.028906 0.728125
vt 0.028906 0.750000
vt 0.000000 0.750000
vt 0.000000 0.721094
vt 0.031875 0.721094
vt 0.031875 0.750000
vt 0.000000 0.750000
vt 0.000000 0.721094
vt 0.031875 0.721094
vt 0.031875 0.750000
vt 0.000000 0.750000
vt 0.000000 0.728125
vt 0.031875 0.728125
vt 0.031875 0.750000
vt 0.000000 0.750000
vt 0.000000 0.728125
vt 0.031875 0.728125
vt 0.031875 0.750000
vt 0.000000 0.750000
vt 0.000000 0.728125
vt 0.028906 0.728125
vt 0.028906 0.750000
vt 0.000000 0.750000
vt 0.000000 0.728125
vt 0.028906 0.728125
vt 0.028906 0.750000
vt 0.000000 0.750000
vt 0.000000 0.721094
vt 0.029687 0.721094
vt 0.029687 0.750000
vt 0.000000 0.750000
vt 0.000000 0.721094
vt 0.029687 0.721094
vt 0.029687 0.750000
vt 0.000000 0.750000
vt 0.000000 0.728125
vt 0.029687 0.728125
vt 0.029687 0.750000
vt 0.000000 0.750000
vt 0.000000 0.728125
vt 0.029687 0.728125
vt 0.029687 0.750000
vt 0.000000 0.750000
vt 0.000000 0.728125
vt 0.028906 0.728125
vt 0.028906 0.750000
vt 0.000000 0.750000
vt 0.000000 0.728125
vt 0.028906 0.728125
vt 0.028906 0.750000
vt 0.000000 0.750000
vt 0.000000 0.721094
vt 0.027500 0.721094
vt 0.027500 0.750000
vt 0.000000 0.750000
vt 0.000000 0.721094
vt 0.027500 0.721094
vt 0.027500 0.750000
vt 0.000000 0.750000
vt 0.000000 0.728125
vt 0.027500 0.728125
vt 0.027500 0.750000
vt 0.000000 0.750000
vt 0.000000 0.728125
vt 0.027500 0.728125
vt 0.027500 0.750000
vt 0.000000 0.750000
vt 0.000000 0.728125
vt 0.028906 0.728125
vt 0.028906 0.750000
vt 0.000000 0.750000
vt 0.000000 0.728125
vt 0.028906 0.728125
vt 0.028906 0.750000
vt 0.000000 0.750000
vt 0.000000 0.721094
vt 0.036250 0.721094
vt 0.036250 0.750000
vt 0.000000 0.750000
vt 0.000000 0.721094
vt 0.036250 0.721094
vt 0.036250 0.750000
vt 0.000000 0.750000
vt 0.000000 0.728125
vt 0.036250 0.728125
vt 0.036250 0.750000
vt 0.000000 0.750000
vt 0.000000 0.728125
vt 0.036250 0.728125
vt 0.036250 0.750000
vt 0.000000 0.750000
vt 0.000000 0.728125
vt 0.028906 0.728125
vt 0.028906 0.750000
vt 0.000000 0.750000
vt 0.000000 0.728125
vt 0.028906 0.728125
vt 0.028906 0.750000
vt 0.000000 0.750000
vt 0.000000 0.721094
vt 0.034062 0.721094
vt 0.034062 0.750000
vt 0.000000 0.750000
vt 0.000000 0.721094
vt 0.034062 0.721094
vt 0.034062 0.750000
vt 0.000000 0.750000
vt 0.000000 0.728125
vt 0.034062 0.728125
vt 0.034062 0.750000
vt 0.000000 0.750000
vt 0.000000 0.728125
vt 0.034062 0.728125
vt 0.034062 0.750000
vt 0.000000 0.750000
vt 0.000000 0.728125
vt 0.028906 0.728125
vt 0.028906 0.750000
vt 0.000000 0.750000
vt 0.000000 0.728125
vt 0.028906 0.728125
vt 0.028906 0.750000
vt 0.000000 0.750000
vt 0.000000 0.721094
vt 0.031875 0.721094
vt 0.031875 0.750000
vt 0.000000 0.750000
vt 0.000000 0.721094
vt 0.031875 0.721094
vt 0.031875 0.750000
vt 0.000000 0.750000
vt 0.000000 0.728125
vt 0.031875 0.728125
vt 0.031875 0.750000
vt 0.000000 0.750000
vt 0.000000 0.728125
vt 0.031875 0.728125
vt 0.031875 0.750000
vt 0.000000 0.750000
vt 0.000000 0.728125
vt 0.028906 0.728125
vt 0.028906 0.750000
vt 0.000000 0.750000
vt 0.000000 0.728125
vt 0.028906 0.728125
vt 0.028906 0.750000
vt 0.000000 0.750000
vt 0.000000 0.721094
vt 0.029687 0.721094
vt 0.029687 0.750000
vt 0.000000 0.750000
vt 0.000000 0.721094
vt 0.029687 0.721094
vt 0.029687 0.750000
vt 0.000000 0.750000
vt 0.000000 0.728125
vt 0.029687 0.728125
vt 0.029687 0.750000
vt 0.000000 0.750000
vt 0.000000 0.728125
vt 0.029687 0.728125
vt 0.029687 0.750000
vt 0.000000 0.750000
vt 0.000000 0.728125
vt 0.028906 0.728125
vt 0.028906 0.750000
vt 0.000000 0.750000
vt 0.000000 0.728125
vt 0.028906 0.728125
vt 0.028906 0.750000
vt 0.000000 0.750000
vt 0.000000 0.721094
vt 0.027500 0.721094
vt 0.027500 0.750000
vt 0.000000 0.750000
vt 0.000000 0.721094
vt 0.027500 0.721094
vt 0.027500 0.750000
vt 0.000000 0.750000
vt 0.000000 0.728125
vt 0.027500 0.728125
vt 0.027500 0.750000
vt 0.000000 0.750000
vt 0.000000 0.728125
vt 0.027500 0.728125
vt 0.027500 0.750000
vt 0.000000 0.750000
vt 0.000000 0.728125
vt 0.028906 0.728125
vt 0.028906 0.750000
vt 0.000000 0.750000
vt 0.000000 0.728125
vt 0.028906 0.728125
vt 0.028906 0.750000
vt 0.000000 0.750000
vt 0.250000 0.915625
vt 0.275157 0.915625
vt 0.275157 1.000000
vt 0.250000 1.000000
vt 0.250000 0.915625
vt 0.273623 0.915625
vt 0.273623 1.000000
vt 0.250000 1.000000
vt 0.250000 0.996094
vt 0.275157 0.996094
vt 0.275157 1.000000
vt 0.250000 1.000000
vt 0.250000 0.996094
vt 0.275157 0.996094
vt 0.275157 1.000000
vt 0.250000 1.000000
vt 0.250000 0.915625
vt 0.275157 0.915625
vt 0.275157 1.000000
vt 0.250000 1.000000
vt 0.250000 0.915625
vt 0.273623 0.915625
vt 0.273623 1.000000
vt 0.250000 1.000000
vt 0.250000 0.996094
vt 0.275157 0.996094
vt 0.275157 1.000000
vt 0.250000 1.000000
vt 0.250000 0.996094
vt 0.275157 0.996094
vt 0.275157 1.000000
vt 0.250000 1.000000
vt 0.250000 0.915625
vt 0.275157 0.915625
vt 0.275157 1.000000
vt 0.250000 1.000000
vt 0.250000 0.915625
vt 0.273623 0.915625
vt 0.273623 1.000000
vt 0.250000 1.000000
vt 0.250000 0.996094
vt 0.275157 0.996094
vt 0.275157 1.000000
vt 0.250000 1.000000
vt 0.250000 0.996094
vt 0.275157 0.996094
vt 0.275157 1.000000
vt 0.250000 1.000000
vt 0.250000 0.915625
vt 0.275157 0.915625
vt 0.275157 1.000000
vt 0.250000 1.000000
vt 0.250000 0.915625
vt 0.273623 0.915625
vt 0.273623 1.000000
vt 0.250000 1.000000
vt 0.250000 0.996094
vt 0.275157 0.996094
vt 0.275157 1.000000
vt 0.250000 1.000000
vt 0.250000 0.996094
vt 0.275157 0.996094
vt 0.275157 1.000000
vt 0.250000 1.000000
vt 0.250000 0.915625
vt 0.275157 0.915625
vt 0.275157 1.000000
vt 0.250000 1.000000
vt 0.250000 0.915625
vt 0.273623 0.915625
vt 0.273623 1.000000
vt 0.250000 1.000000
vt 0.250000 0.996094
vt 0.275157 0.996094
vt 0.275157 1.000000
vt 0.250000 1.000000
vt 0.250000 0.996094
vt 0.275157 0.996094
vt 0.275157 1.000000
vt 0.250000 1.000000
vt 0.250000 0.915625
vt 0.275157 0.915625
vt 0.275157 1.000000
vt 0.250000 1.000000
vt 0.250000 0.915625
vt 0.273623 0.915625
vt 0.273623 1.000000
vt 0.250000 1.000000
vt 0.250000 0.996094
vt 0.275157 0.996094
vt 0.275157 1.000000
vt 0.250000 1.000000
vt 0.250000 0.996094
vt 0.275157 0.996094
vt 0.275157 1.000000
vt 0.250000 1.000000
vt 0.250000 0.915625
vt 0.275157 0.915625
vt 0.275157 1.000000
vt 0.250000 1.000000
vt 0.250000 0.915625
vt 0.273623 0.915625
vt 0.273623 1.000000
vt 0.250000 1.000000
vt 0.250000 0.996094
vt 0.275157 0.996094
vt 0.275157 1.000000
vt 0.250000 1.000000
vt 0.250000 0.996094
vt 0.275157 0.996094
vt 0.275157 1.000000
vt 0.250000 1.000000
vt 0.250000 0.915625
vt 0.275157 0.915625
vt 0.275157 1.000000
vt 0.250000 1.000000
vt 0.250000 0.915625
vt 0.273623 0.915625
vt 0.273623 1.000000
vt 0.250000 1.000000
vt 0.250000 0.996094
vt 0.275157 0.996094
vt 0.275157 1.000000
vt 0.250000 1.000000
vt 0.250000 0.996094
vt 0.275157 0.996094
vt 0.275157 1.000000
vt 0.250000 1.000000
vt 0.250000 0.915625
vt 0.275157 0.915625
vt 0.275157 1.000000
vt 0.250000 1.000000
vt 0.250000 0.915625
vt 0.273623 0.915625
vt 0.273623 1.000000
vt 0.250000 1.000000
vt 0.250000 0.996094
vt 0.275157 0.996094
vt 0.275157 1.000000
vt 0.250000 1.000000
vt 0.250000 0.996094
vt 0.275157 0.996094
vt 0.275157 1.000000
vt 0.250000 1.000000
vt 0.250000 0.915625
vt 0.275157 0.915625
vt 0.275157 1.000000
vt 0.250000 1.000000
vt 0.250000 0.915625
vt 0.273623 0.915625
vt 0.273623 1.000000
vt 0.250000 1.000000
vt 0.250000 0.996094
vt 0.275157 0.996094
vt 0.275157 1.000000
vt 0.250000 1.000000
vt 0.250000 0.996094
vt 0.275157 0.996094
vt 0.275157 1.000000
vt 0.250000 1.000000
vt 0.250000 0.915625
vt 0.275157 0.915625
vt 0.275157 1.000000
vt 0.250000 1.000000
vt 0.250000 0.915625
vt 0.273623 0.915625
vt 0.273623 1.000000
vt 0.250000 1.000000
vt 0.250000 0.996094
vt 0.275157 0.996094
vt 0.275157 1.000000
vt 0.250000 1.000000
vt 0.250000 0.996094
vt 0.275157 0.996094
vt 0.275157 1.000000
vt 0.250000 1.000000
vt 0.250000 0.915625
vt 0.275157 0.915625
vt 0.275157 1.000000
vt 0.250000 1.000000
vt 0.250000 0.915625
vt 0.273623 0.915625
vt 0.273623 1.000000
vt 0.250000 1.000000
vt 0.250000 0.996094
vt 0.275157 0.996094
vt 0.275157 1.000000
vt 0.250000 1.000000
vt 0.250000 0.996094
vt 0.275157 0.996094
vt 0.275157 1.000000
vt 0.250000 1.000000
vt 0.250000 0.915625
vt 0.275157 0.915625
vt 0.275157 1.000000
vt 0.250000 1.000000
vt 0.250000 0.915625
vt 0.273623 0.915625
vt 0.273623 1.000000
vt 0.250000 1.000000
vt 0.250000 0.996094
vt 0.275157 0.996094
vt 0.275157 1.000000
vt 0.250000 1.000000
vt 0.250000 0.996094
vt 0.275157 0.996094
vt 0.275157 1.000000
vt 0.250000 1.000000
vt 0.250000 0.915625
vt 0.275157 0.915625
vt 0.275157 1.000000
vt 0.250000 1.000000
vt 0.250000 0.915625
vt 0.273623 0.915625
vt 0.273623 1.000000
vt 0.250000 1.000000
vt 0.250000 0.996094
vt 0.275157 0.996094
vt 0.275157 1.000000
vt 0.250000 1.000000
vt 0.250000 0.996094
vt 0.275157 0.996094
vt 0.275157 1.000000
vt 0.250000 1.000000
vt 0.250000 0.915625
vt 0.275157 0.915625
vt 0.275157 1.000000
vt 0.250000 1.000000
vt 0.250000 0.915625
vt 0.273623 0.915625
vt 0.273623 1.000000
vt 0.250000 1.000000
vt 0.250000 0.996094
vt 0.275157 0.996094
vt 0.275157 1.000000
vt 0.250000 1.000000
vt 0.250000 0.996094
vt 0.275157 0.996094
vt 0.275157 1.000000
vt 0.250000 1.000000
vt 0.250000 0.915625
vt 0.275157 0.915625
vt 0.275157 1.000000
vt 0.250000 1.000000
vt 0.250000 0.915625
vt 0.273623 0.915625
vt 0.273623 1.000000
vt 0.250000 1.000000
vt 0.250000 0.996094
vt 0.275157 0.996094
vt 0.275157 1.000000
vt 0.250000 1.000000
vt 0.250000 0.996094
vt 0.275157 0.996094
vt 0.275157 1.000000
vt 0.250000 1.000000
vt 0.250000 0.992969
vt 0.277305 0.992969
vt 0.277305 1.000000
vt 0.250000 1.000000
vt 0.250000 0.992969
vt 0.273623 0.992969
vt 0.273623 1.000000
vt 0.250000 1.000000
vt 0.250000 0.990625
vt 0.277305 0.990625
vt 0.277305 1.000000
vt 0.250000 1.000000
vt 0.250000 0.990625
vt 0.277305 0.990625
vt 0.277305 1.000000
vt 0.250000 1.000000
vt 0.250000 0.992969
vt 0.277305 0.992969
vt 0.277305 1.000000
vt 0.250000 1.000000
vt 0.250000 0.992969
vt 0.273623 0.992969
vt 0.273623 1.000000
vt 0.250000 1.000000
vt 0.250000 0.990625
vt 0.277305 0.990625
vt 0.277305 1.000000
vt 0.250000 1.000000
vt 0.250000 0.990625
vt 0.277305 0.990625
vt 0.277305 1.000000
vt 0.250000 1.000000
vt 0.250000 0.992969
vt 0.277305 0.992969
vt 0.277305 1.000000
vt 0.250000 1.000000
vt 0.250000 0.992969
vt 0.273623 0.992969
vt 0.273623 1.000000
vt 0.250000 1.000000
vt 0.250000 0.990625
vt 0.277305 0.990625
vt 0.277305 1.000000
vt 0.250000 1.000000
vt 0.250000 0.990625
vt 0.277305 0.990625
vt 0.277305 1.000000
vt 0.250000 1.000000
vt 0.250000 0.992969
vt 0.277305 0.992969
vt 0.277305 1.000000
vt 0.250000 1.000000
vt 0.250000 0.992969
vt 0.273623 0.992969
vt 0.273623 1.000000
vt 0.250000 1.000000
vt 0.250000 0.990625
vt 0.277305 0.990625
vt 0.277305 1.000000
vt 0.250000 1.000000
vt 0.250000 0.990625
vt 0.277305 0.990625
vt 0.277305 1.000000
vt 0.250000 1.000000
vt 0.250000 0.992969
vt 0.277305 0.992969
vt 0.277305 1.000000
vt 0.250000 1.000000
vt 0.250000 0.992969
vt 0.273623 0.992969
vt 0.273623 1.000000
vt 0.250000 1.000000
vt 0.250000 0.990625
vt 0.277305 0.990625
vt 0.277305 1.000000
vt 0.250000 1.000000
vt 0.250000 0.990625
vt 0.277305 0.990625
vt 0.277305 1.000000
vt 0.250000 1.000000
vt 0.250000 0.992969
vt 0.277305 0.992969
vt 0.277305 1.000000
vt 0.250000 1.000000
vt 0.250000 0.992969
vt 0.273623 0.992969
vt 0.273623 1.000000
vt 0.250000 1.000000
vt 0.250000 0.990625
vt 0.277305 0.990625
vt 0.277305 1.000000
vt 0.250000 1.000000
vt 0.250000 0.990625
vt 0.277305 0.990625
vt 0.277305 1.000000
vt 0.250000 1.000000
vt 0.250000 0.992969
vt 0.277305 0.992969
vt 0.277305 1.000000
vt 0.250000 1.000000
vt 0.250000 0.992969
vt 0.273623 0.992969
vt 0.273623 1.000000
vt 0.250000 1.000000
vt 0.250000 0.990625
vt 0.277305 0.990625
vt 0.277305 1.000000
vt 0.250000 1.000000
vt 0.250000 0.990625
vt 0.277305 0.990625
vt 0.277305 1.000000
vt 0.250000 1.000000
vt 0.250000 0.992969
vt 0.277305 0.992969
vt 0.277305 1.000000
vt 0.250000 1.000000
vt 0.250000 0.992969
vt 0.273623 0.992969
vt 0.273623 1.000000
vt 0.250000 1.000000
vt 0.250000 0.990625
vt 0.277305 0.990625
vt 0.277305 1.000000
vt 0.250000 1.000000
vt 0.250000 0.990625
vt 0.277305 0.990625
vt 0.277305 1.000000
vt 0.250000 1.000000
vt 0.250000 0.992969
vt 0.277305 0.992969
vt 0.277305 1.000000
vt 0.250000 1.000000
vt 0.250000 0.992969
vt 0.273623 0.992969
vt 0.273623 1.000000
vt 0.250000 1.000000
vt 0.250000 0.990625
vt 0.277305 0.990625
vt 0.277305 1.000000
vt 0.250000 1.000000
vt 0.250000 0.990625
vt 0.277305 0.990625
vt 0.277305 1.000000
vt 0.250000 1.000000
vt 0.250000 0.992969
vt 0.277305 0.992969
vt 0.277305 1.000000
vt 0.250000 1.000000
vt 0.250000 0.992969
vt 0.273623 0.992969
vt 0.273623 1.000000
vt 0.250000 1.000000
vt 0.250000 0.990625
vt 0.277305 0.990625
vt 0.277305 1.000000
vt 0.250000 1.000000
vt 0.250000 0.990625
vt 0.277305 0.990625
vt 0.277305 1.000000
vt 0.250000 1.000000
vt 0.250000 0.992969
vt 0.277305 0.992969
vt 0.277305 1.000000
vt 0.250000 1.000000
vt 0.250000 0.992969
vt 0.273623 0.992969
vt 0.273623 1.000000
vt 0.250000 1.000000
vt 0.250000 0.990625
vt 0.277305 0.990625
vt 0.277305 1.000000
vt 0.250000 1.000000
vt 0.250000 0.990625
vt 0.277305 0.990625
vt 0.277305 1.000000
vt 0.250000 1.000000
vt 0.250000 0.992969
vt 0.277305 0.992969
vt 0.277305 1.000000
vt 0.250000 1.000000
vt 0.250000 0.992969
vt 0.273623 0.992969
vt 0.273623 1.000000
vt 0.250000 1.000000
vt 0.250000 0.990625
vt 0.277305 0.990625
vt 0.277305 1.000000
vt 0.250000 1.000000
vt 0.250000 0.990625
vt 0.277305 0.990625
vt 0.277305 1.000000
vt 0.250000 1.000000
vt 0.250000 0.992969
vt 0.277305 0.992969
vt 0.277305 1.000000
vt 0.250000 1.000000
vt 0.250000 0.992969
vt 0.273623 0.992969
vt 0.273623 1.000000
vt 0.250000 1.000000
vt 0.250000 0.990625
vt 0.277305 0.990625
vt 0.277305 1.000000
vt 0.250000 1.000000
vt 0.250000 0.990625
vt 0.277305 0.990625
vt 0.277305 1.000000
vt 0.250000 1.000000
vt 0.250000 0.992969
vt 0.277305 0.992969
vt 0.277305 1.000000
vt 0.250000 1.000000
vt 0.250000 0.992969
vt 0.273623 0.992969
vt 0.273623 1.000000
vt 0.250000 1.000000
vt 0.250000 0.990625
vt 0.277305 0.990625
vt 0.277305 1.000000
vt 0.250000 1.000000
vt 0.250000 0.990625
vt 0.277305 0.990625
vt 0.277305 1.000000
vt 0.250000 1.000000
vt 0.250000 0.992969
vt 0.277305 0.992969
vt 0.277305 1.000000
vt 0.250000 1.000000
vt 0.250000 0.992969
vt 0.273623 0.992969
vt 0.273623 1.000000
vt 0.250000 1.000000
vt 0.250000 0.990625
vt 0.277305 0.990625
vt 0.277305 1.000000
vt 0.250000 1.000000
vt 0.250000 0.990625
vt 0.277305 0.990625
vt 0.277305 1.000000
vt 0.250000 1.000000
vt 0.250000 0.992969
vt 0.277305 0.992969
vt 0.277305 1.000000
vt 0.250000 1.000000
vt 0.250000 0.992969
vt 0.273623 0.992969
vt 0.273623 1.000000
vt 0.250000 1.000000
vt 0.250000 0.990625
vt 0.277305 0.990625
vt 0.277305 1.000000
vt 0.250000 1.000000
vt 0.250000 0.990625
vt 0.277305 0.990625
vt 0.277305 1.000000
vt 0.250000 1.000000
vt 0.250000 0.992969
vt 0.277305 0.992969
vt 0.277305 1.000000
vt 0.250000 1.000000
vt 0.250000 0.992969
vt 0.273623 0.992969
vt 0.273623 1.000000
vt 0.250000 1.000000
vt 0.250000 0.990625
vt 0.277305 0.990625
vt 0.277305 1.000000
vt 0.250000 1.000000
vt 0.250000 0.990625
vt 0.277305 0.990625
vt 0.277305 1.000000
vt 0.250000 1.000000
vt 0.250000 0.992969
vt 0.277305 0.992969
vt 0.277305 1.000000
vt 0.250000 1.000000
vt 0.250000 0.992969
vt 0.273623 0.992969
vt 0.273623 1.000000
vt 0.250000 1.000000
vt 0.250000 0.990625
vt 0.277305 0.990625
vt 0.277305 1.000000
vt 0.250000 1.000000
vt 0.250000 0.990625
vt 0.277305 0.990625
vt 0.277305 1.000000
vt 0.250000 1.000000
vt 0.250000 0.992969
vt 0.277305 0.992969
vt 0.277305 1.000000
vt 0.250000 1.000000
vt 0.250000 0.992969
vt 0.273623 0.992969
vt 0.273623 1.000000
vt 0.250000 1.000000
vt 0.250000 0.990625
vt 0.277305 0.990625
vt 0.277305 1.000000
vt 0.250000 1.000000
vt 0.250000 0.990625
vt 0.277305 0.990625
vt 0.277305 1.000000
vt 0.250000 1.000000
vt 0.250000 0.992969
vt 0.277305 0.992969
vt 0.277305 1.000000
vt 0.250000 1.000000
vt 0.250000 0.992969
vt 0.273623 0.992969
vt 0.273623 1.000000
vt 0.250000 1.000000
vt 0.250000 0.990625
vt 0.277305 0.990625
vt 0.277305 1.000000
vt 0.250000 1.000000
vt 0.250000 0.990625
vt 0.277305 0.990625
vt 0.277305 1.000000
vt 0.250000 1.000000
vt 0.250000 0.992969
vt 0.277305 0.992969
vt 0.277305 1.000000
vt 0.250000 1.000000
vt 0.250000 0.992969
vt 0.273623 0.992969
vt 0.273623 1.000000
vt 0.250000 1.000000
vt 0.250000 0.990625
vt 0.277305 0.990625
vt 0.277305 1.000000
vt 0.250000 1.000000
vt 0.250000 0.990625
vt 0.277305 0.990625
vt 0.277305 1.000000
vt 0.250000 1.000000
vt 0.250000 0.992969
vt 0.277305 0.992969
vt 0.277305 1.000000
vt 0.250000 1.000000
vt 0.250000 0.992969
vt 0.273623 0.992969
vt 0.273623 1.000000
vt 0.250000 1.000000
vt 0.250000 0.990625
vt 0.277305 0.990625
vt 0.277305 1.000000
vt 0.250000 1.000000
vt 0.250000 0.990625
vt 0.277305 0.990625
vt 0.277305 1.000000
vt 0.250000 1.000000
vt 0.250000 0.992969
vt 0.277305 0.992969
vt 0.277305 1.000000
vt 0.250000 1.000000
vt 0.250000 0.992969
vt 0.273623 0.992969
vt 0.273623 1.000000
vt 0.250000 1.000000
vt 0.250000 0.990625
vt 0.277305 0.990625
vt 0.277305 1.000000
vt 0.250000 1.000000
vt 0.250000 0.990625
vt 0.277305 0.990625
vt 0.277305 1.000000
vt 0.250000 1.000000
vt 0.250000 0.992969
vt 0.277305 0.992969
vt 0.277305 1.000000
vt 0.250000 1.000000
vt 0.250000 0.992969
vt 0.273623 0.992969
vt 0.273623 1.000000
vt 0.250000 1.000000
vt 0.250000 0.990625
vt 0.277305 0.990625
vt 0.277305 1.000000
vt 0.250000 1.000000
vt 0.250000 0.990625
vt 0.277305 0.990625
vt 0.277305 1.000000
vt 0.250000 1.000000
vt 0.250000 0.992969
vt 0.277305 0.992969
vt 0.277305 1.000000
vt 0.250000 1.000000
vt 0.250000 0.992969
vt 0.273623 0.992969
vt 0.273623 1.000000
vt 0.250000 1.000000
vt 0.250000 0.990625
vt 0.277305 0.990625
vt 0.277305 1.000000
vt 0.250000 1.000000
vt 0.250000 0.990625
vt 0.277305 0.990625
vt 0.277305 1.000000
vt 0.250000 1.000000
vt 0.250000 0.992969
vt 0.277305 0.992969
vt 0.277305 1.000000
vt 0.250000 1.000000
vt 0.250000 0.992969
vt 0.273623 0.992969
vt 0.273623 1.000000
vt 0.250000 1.000000
vt 0.250000 0.990625
vt 0.277305 0.990625
vt 0.277305 1.000000
vt 0.250000 1.000000
vt 0.250000 0.990625
vt 0.277305 0.990625
vt 0.277305 1.000000
vt 0.250000 1.000000
vt 0.250000 0.992969
vt 0.277305 0.992969
vt 0.277305 1.000000
vt 0.250000 1.000000
vt 0.250000 0.992969
vt 0.273623 0.992969
vt 0.273623 1.000000
vt 0.250000 1.000000
vt 0.250000 0.990625
vt 0.277305 0.990625
vt 0.277305 1.000000
vt 0.250000 1.000000
vt 0.250000 0.990625
vt 0.277305 0.990625
vt 0.277305 1.000000
vt 0.250000 1.000000
vt 0.250000 0.992969
vt 0.277305 0.992969
vt 0.277305 1.000000
vt 0.250000 1.000000
vt 0.250000 0.992969
vt 0.273623 0.992969
vt 0.273623 1.000000
vt 0.250000 1.000000
vt 0.250000 0.990625
vt 0.277305 0.990625
vt 0.277305 1.000000
vt 0.250000 1.000000
vt 0.250000 0.990625
vt 0.277305 0.990625
vt 0.277305 1.000000
vt 0.250000 1.000000
vt 0.250000 0.992969
vt 0.277305 0.992969
vt 0.277305 1.000000
vt 0.250000 1.000000
vt 0.250000 0.992969
vt 0.273623 0.992969
vt 0.273623 1.000000
vt 0.250000 1.000000
vt 0.250000 0.990625
vt 0.277305 0.990625
vt 0.277305 1.000000
vt 0.250000 1.000000
vt 0.250000 0.990625
vt 0.277305 0.990625
vt 0.277305 1.000000
vt 0.250000 1.000000
vt 0.250000 0.992969
vt 0.277305 0.992969
vt 0.277305 1.000000
vt 0.250000 1.000000
vt 0.250000 0.992969
vt 0.273623 0.992969
vt 0.273623 1.000000
vt 0.250000 1.000000
vt 0.250000 0.990625
vt 0.277305 0.990625
vt 0.277305 1.000000
vt 0.250000 1.000000
vt 0.250000 0.990625
vt 0.277305 0.990625
vt 0.277305 1.000000
vt 0.250000 1.000000
vt 0.250000 0.992969
vt 0.277305 0.992969
vt 0.277305 1.000000
vt 0.250000 1.000000
vt 0.250000 0.992969
vt 0.273623 0.992969
vt 0.273623 1.000000
vt 0.250000 1.000000
vt 0.250000 0.990625
vt 0.277305 0.990625
vt 0.277305 1.000000
vt 0.250000 1.000000
vt 0.250000 0.990625
vt 0.277305 0.990625
vt 0.277305 1.000000
vt 0.250000 1.000000
vt 0.250000 0.992969
vt 0.277305 0.992969
vt 0.277305 1.000000
vt 0.250000 1.000000
vt 0.250000 0.992969
vt 0.273623 0.992969
vt 0.273623 1.000000
vt 0.250000 1.000000
vt 0.250000 0.990625
vt 0.277305 0.990625
vt 0.277305 1.000000
vt 0.250000 1.000000
vt 0.250000 0.990625
vt 0.277305 0.990625
vt 0.277305 1.000000
vt 0.250000 1.000000
vt 0.250000 0.990625
vt 0.274237 0.990625
vt 0.274237 1.000000
vt 0.250000 1.000000
vt 0.250000 0.990625
vt 0.269328 0.990625
vt 0.269328 1.000000
vt 0.250000 1.000000
vt 0.250000 0.987500
vt 0.274237 0.987500
vt 0.274237 1.000000
vt 0.250000 1.000000
vt 0.250000 0.987500
vt 0.274237 0.987500
vt 0.274237 1.000000
vt 0.250000 1.000000
vt 0.250000 0.990625
vt 0.274237 0.990625
vt 0.274237 1.000000
vt 0.250000 1.000000
vt 0.250000 0.990625
vt 0.269328 0.990625
vt 0.269328 1.000000
vt 0.250000 1.000000
vt 0.250000 0.987500
vt 0.274237 0.987500
vt 0.274237 1.000000
vt 0.250000 1.000000
vt 0.250000 0.987500
vt 0.274237 0.987500
vt 0.274237 1.000000
vt 0.250000 1.000000
vt 0.250000 0.990625
vt 0.274237 0.990625
vt 0.274237 1.000000
vt 0.250000 1.000000
vt 0.250000 0.990625
vt 0.269328 0.990625
vt 0.269328 1.000000
vt 0.250000 1.000000
vt 0.250000 0.987500
vt 0.274237 0.987500
vt 0.274237 1.000000
vt 0.250000 1.000000
vt 0.250000 0.987500
vt 0.274237 0.987500
vt 0.274237 1.000000
vt 0.250000 1.000000
vt 0.250000 0.990625
vt 0.274237 0.990625
vt 0.274237 1.000000
vt 0.250000 1.000000
vt 0.250000 0.990625
vt 0.269328 0.990625
vt 0.269328 1.000000
vt 0.250000 1.000000
vt 0.250000 0.987500
vt 0.274237 0.987500
vt 0.274237 1.000000
vt 0.250000 1.000000
vt 0.250000 0.987500
vt 0.274237 0.987500
vt 0.274237 1.000000
vt 0.250000 1.000000
vt 0.250000 0.990625
vt 0.274237 0.990625
vt 0.274237 1.000000
vt 0.250000 1.000000
vt 0.250000 0.990625
vt 0.269328 0.990625
vt 0.269328 1.000000
vt 0.250000 1.000000
vt 0.250000 0.987500
vt 0.274237 0.987500
vt 0.274237 1.000000
vt 0.250000 1.000000
vt 0.250000 0.987500
vt 0.274237 0.987500
vt 0.274237 1.000000
vt 0.250000 1.000000
vt 0.250000 0.990625
vt 0.274237 0.990625
vt 0.274237 1.000000
vt 0.250000 1.000000
vt 0.250000 0.990625
vt 0.269328 0.990625
vt 0.269328 1.000000
vt 0.250000 1.000000
vt 0.250000 0.987500
vt 0.274237 0.987500
vt 0.274237 1.000000
vt 0.250000 1.000000
vt 0.250000 0.987500
vt 0.274237 0.987500
vt 0.274237 1.000000
vt 0.250000 1.000000
vt 0.250000 0.990625
vt 0.274237 0.990625
vt 0.274237 1.000000
vt 0.250000 1.000000
vt 0.250000 0.990625
vt 0.269328 0.990625
vt 0.269328 1.000000
vt 0.250000 1.000000
vt 0.250000 0.987500
vt 0.274237 0.987500
vt 0.274237 1.000000
vt 0.250000 1.000000
vt 0.250000 0.987500
vt 0.274237 0.987500
vt 0.274237 1.000000
vt 0.250000 1.000000
vt 0.250000 0.990625
vt 0.274237 0.990625
vt 0.274237 1.000000
vt 0.250000 1.000000
vt 0.250000 0.990625
vt 0.269328 0.990625
vt 0.269328 1.000000
vt 0.250000 1.000000
vt 0.250000 0.987500
vt 0.274237 0.987500
vt 0.274237 1.000000
vt 0.250000 1.000000
vt 0.250000 0.987500
vt 0.274237 0.987500
vt 0.274237 1.000000
vt 0.250000 1.000000
vt 0.250000 0.990625
vt 0.274237 0.990625
vt 0.274237 1.000000
vt 0.250000 1.000000
vt 0.250000 0.990625
vt 0.269328 0.990625
vt 0.269328 1.000000
vt 0.250000 1.000000
vt 0.250000 0.987500
vt 0.274237 0.987500
vt 0.274237 1.000000
vt 0.250000 1.000000
vt 0.250000 0.987500
vt 0.274237 0.987500
vt 0.274237 1.000000
vt 0.250000 1.000000
vt 0.250000 0.990625
vt 0.274237 0.990625
vt 0.274237 1.000000
vt 0.250000 1.000000
vt 0.250000 0.990625
vt 0.269328 0.990625
vt 0.269328 1.000000
vt 0.250000 1.000000
vt 0.250000 0.987500
vt 0.274237 0.987500
vt 0.274237 1.000000
vt 0.250000 1.000000
vt 0.250000 0.987500
vt 0.274237 0.987500
vt 0.274237 1.000000
vt 0.250000 1.000000
vt 0.250000 0.990625
vt 0.274237 0.990625
vt 0.274237 1.000000
vt 0.250000 1.000000
vt 0.250000 0.990625
vt 0.269328 0.990625
vt 0.269328 1.000000
vt 0.250000 1.000000
vt 0.250000 0.987500
vt 0.274237 0.987500
vt 0.274237 1.000000
vt 0.250000 1.000000
vt 0.250000 0.987500
vt 0.274237 0.987500
vt 0.274237 1.000000
vt 0.250000 1.000000
vt 0.250000 0.990625
vt 0.274237 0.990625
vt 0.274237 1.000000
vt 0.250000 1.000000
vt 0.250000 0.990625
vt 0.269328 0.990625
vt 0.269328 1.000000
vt 0.250000 1.000000
vt 0.250000 0.987500
vt 0.274237 0.987500
vt 0.274237 1.000000
vt 0.250000 1.000000
vt 0.250000 0.987500
vt 0.274237 0.987500
vt 0.274237 1.000000
vt 0.250000 1.000000
vt 0.250000 0.990625
vt 0.274237 0.990625
vt 0.274237 1.000000
vt 0.250000 1.000000
vt 0.250000 0.990625
vt 0.269328 0.990625
vt 0.269328 1.000000
vt 0.250000 1.000000
vt 0.250000 0.987500
vt 0.274237 0.987500
vt 0.274237 1.000000
vt 0.250000 1.000000
vt 0.250000 0.987500
vt 0.274237 0.987500
vt 0.274237 1.000000
vt 0.250000 1.000000
vt 0.250000 0.990625
vt 0.274237 0.990625
vt 0.274237 1.000000
vt 0.250000 1.000000
vt 0.250000 0.990625
vt 0.269328 0.990625
vt 0.269328 1.000000
vt 0.250000 1.000000
vt 0.250000 0.987500
vt 0.274237 0.987500
vt 0.274237 1.000000
vt 0.250000 1.000000
vt 0.250000 0.987500
vt 0.274237 0.987500
vt 0.274237 1.000000
vt 0.250000 1.000000
vt 0.250000 0.990625
vt 0.274237 0.990625
vt 0.274237 1.000000
vt 0.250000 1.000000
vt 0.250000 0.990625
vt 0.269328 0.990625
vt 0.269328 1.000000
vt 0.250000 1.000000
vt 0.250000 0.987500
vt 0.274237 0.987500
vt 0.274237 1.000000
vt 0.250000 1.000000
vt 0.250000 0.987500
vt 0.274237 0.987500
vt 0.274237 1.000000
vt 0.250000 1.000000
vt 0.250000 0.990625
vt 0.274237 0.990625
vt 0.274237 1.000000
vt 0.250000 1.000000
vt 0.250000 0.990625
vt 0.269328 0.990625
vt 0.269328 1.000000
vt 0.250000 1.000000
vt 0.250000 0.987500
vt 0.274237 0.987500
vt 0.274237 1.000000
vt 0.250000 1.000000
vt 0.250000 0.987500
vt 0.274237 0.987500
vt 0.274237 1.000000
vt 0.250000 1.000000
vt 0.250000 0.990625
vt 0.269942 0.990625
vt 0.269942 1.000000
vt 0.250000 1.000000
vt 0.250000 0.990625
vt 0.265033 0.990625
vt 0.265033 1.000000
vt 0.250000 1.000000
vt 0.250000 0.987500
vt 0.269942 0.987500
vt 0.269942 1.000000
vt 0.250000 1.000000
vt 0.250000 0.987500
vt 0.269942 0.987500
vt 0.269942 1.000000
vt 0.250000 1.000000
vt 0.250000 0.990625
vt 0.269942 0.990625
vt 0.269942 1.000000
vt 0.250000 1.000000
vt 0.250000 0.990625
vt 0.265033 0.990625
vt 0.265033 1.000000
vt 0.250000 1.000000
vt 0.250000 0.987500
vt 0.269942 0.987500
vt 0.269942 1.000000
vt 0.250000 1.000000
vt 0.250000 0.987500
vt 0.269942 0.987500
vt 0.269942 1.000000
vt 0.250000 1.000000
vt 0.250000 0.990625
vt 0.269942 0.990625
vt 0.269942 1.000000
vt 0.250000 1.000000
vt 0.250000 0.990625
vt 0.265033 0.990625
vt 0.265033 1.000000
vt 0.250000 1.000000
vt 0.250000 0.987500
vt 0.269942 0.987500
vt 0.269942 1.000000
vt 0.250000 1.000000
vt 0.250000 0.987500
vt 0.269942 0.987500
vt 0.269942 1.000000
vt 0.250000 1.000000
vt 0.250000 0.990625
vt 0.269942 0.990625
vt 0.269942 1.000000
vt 0.250000 1.000000
vt 0.250000 0.990625
vt 0.265033 0.990625
vt 0.265033 1.000000
vt 0.250000 1.000000
vt 0.250000 0.987500
vt 0.269942 0.987500
vt 0.269942 1.000000
vt 0.250000 1.000000
vt 0.250000 0.987500
vt 0.269942 0.987500
vt 0.269942 1.000000
vt 0.250000 1.000000
vt 0.250000 0.990625
vt 0.269942 0.990625
vt 0.269942 1.000000
vt 0.250000 1.000000
vt 0.250000 0.990625
vt 0.265033 0.990625
vt 0.265033 1.000000
vt 0.250000 1.000000
vt 0.250000 0.987500
vt 0.269942 0.987500
vt 0.269942 1.000000
vt 0.250000 1.000000
vt 0.250000 0.987500
vt 0.269942 0.987500
vt 0.269942 1.000000
vt 0.250000 1.000000
vt 0.250000 0.990625
vt 0.269942 0.990625
vt 0.269942 1.000000
vt 0.250000 1.000000
vt 0.250000 0.990625
vt 0.265033 0.990625
vt 0.265033 1.000000
vt 0.250000 1.000000
vt 0.250000 0.987500
vt 0.269942 0.987500
vt 0.269942 1.000000
vt 0.250000 1.000000
vt 0.250000 0.987500
vt 0.269942 0.987500
vt 0.269942 1.000000
vt 0.250000 1.000000
vt 0.250000 0.990625
vt 0.269942 0.990625
vt 0.269942 1.000000
vt 0.250000 1.000000
vt 0.250000 0.990625
vt 0.265033 0.990625
vt 0.265033 1.000000
vt 0.250000 1.000000
vt 0.250000 0.987500
vt 0.269942 0.987500
vt 0.269942 1.000000
vt 0.250000 1.000000
vt 0.250000 0.987500
vt 0.269942 0.987500
vt 0.269942 1.000000
vt 0.250000 1.000000
vt 0.250000 0.990625
vt 0.269942 0.990625
vt 0.269942 1.000000
vt 0.250000 1.000000
vt 0.250000 0.990625
vt 0.265033 0.990625
vt 0.265033 1.000000
vt 0.250000 1.000000
vt 0.250000 0.987500
vt 0.269942 0.987500
vt 0.269942 1.000000
vt 0.250000 1.000000
vt 0.250000 0.987500
vt 0.269942 0.987500
vt 0.269942 1.000000
vt 0.250000 1.000000
vt 0.250000 0.990625
vt 0.269942 0.990625
vt 0.269942 1.000000
vt 0.250000 1.000000
vt 0.250000 0.990625
vt 0.265033 0.990625
vt 0.265033 1.000000
vt 0.250000 1.000000
vt 0.250000 0.987500
vt 0.269942 0.987500
vt 0.269942 1.000000
vt 0.250000 1.000000
vt 0.250000 0.987500
vt 0.269942 0.987500
vt 0.269942 1.000000
vt 0.250000 1.000000
vt 0.250000 0.990625
vt 0.269942 0.990625
vt 0.269942 1.000000
vt 0.250000 1.000000
vt 0.250000 0.990625
vt 0.265033 0.990625
vt 0.265033 1.000000
vt 0.250000 1.000000
vt 0.250000 0.987500
vt 0.269942 0.987500
vt 0.269942 1.000000
vt 0.250000 1.000000
vt 0.250000 0.987500
vt 0.269942 0.987500
vt 0.269942 1.000000
vt 0.250000 1.000000
vt 0.250000 0.990625
vt 0.269942 0.990625
vt 0.269942 1.000000
vt 0.250000 1.000000
vt 0.250000 0.990625
vt 0.265033 0.990625
vt 0.265033 1.000000
vt 0.250000 1.000000
vt 0.250000 0.987500
vt 0.269942 0.987500
vt 0.269942 1.000000
vt 0.250000 1.000000
vt 0.250000 0.987500
vt 0.269942 0.987500
vt 0.269942 1.000000
vt 0.250000 1.000000
vt 0.250000 0.990625
vt 0.269942 0.990625
vt 0.269942 1.000000
vt 0.250000 1.000000
vt 0.250000 0.990625
vt 0.265033 0.990625
vt 0.265033 1.000000
vt 0.250000 1.000000
vt 0.250000 0.987500
vt 0.269942 0.987500
vt 0.269942 1.000000
vt 0.250000 1.000000
vt 0.250000 0.987500
vt 0.269942 0.987500
vt 0.269942 1.000000
vt 0.250000 1.000000
vt 0.250000 0.990625
vt 0.269942 0.990625
vt 0.269942 1.000000
vt 0.250000 1.000000
vt 0.250000 0.990625
vt 0.265033 0.990625
vt 0.265033 1.000000
vt 0.250000 1.000000
vt 0.250000 0.987500
vt 0.269942 0.987500
vt 0.269942 1.000000
vt 0.250000 1.000000
vt 0.250000 0.987500
vt 0.269942 0.987500
vt 0.269942 1.000000
vt 0.250000 1.000000
vt 0.250000 0.990625
vt 0.269942 0.990625
vt 0.269942 1.000000
vt 0.250000 1.000000
vt 0.250000 0.990625
vt 0.265033 0.990625
vt 0.265033 1.000000
vt 0.250000 1.000000
vt 0.250000 0.987500
vt 0.269942 0.987500
vt 0.269942 1.000000
vt 0.250000 1.000000
vt 0.250000 0.987500
vt 0.269942 0.987500
vt 0.269942 1.000000
vt 0.250000 1.000000
vt 0.250000 0.990625
vt 0.269942 0.990625
vt 0.269942 1.000000
vt 0.250000 1.000000
vt 0.250000 0.990625
vt 0.265033 0.990625
vt 0.265033 1.000000
vt 0.250000 1.000000
vt 0.250000 0.987500
vt 0.269942 0.987500
vt 0.269942 1.000000
vt 0.250000 1.000000
vt 0.250000 0.987500
vt 0.269942 0.987500
vt 0.269942 1.000000
vt 0.250000 1.000000
vt 0.250000 0.990625
vt 0.269942 0.990625
vt 0.269942 1.000000
vt 0.250000 1.000000
vt 0.250000 0.990625
vt 0.265033 0.990625
vt 0.265033 1.000000
vt 0.250000 1.000000
vt 0.250000 0.987500
vt 0.269942 0.987500
vt 0.269942 1.000000
vt 0.250000 1.000000
vt 0.250000 0.987500
vt 0.269942 0.987500
vt 0.269942 1.000000
vt 0.250000 1.000000
vt 0.750000 0.990625
vt 0.765647 0.990625
vt 0.765647 1.000000
vt 0.750000 1.000000
vt 0.750000 0.990625
vt 0.760738 0.990625
vt 0.760738 1.000000
vt 0.750000 1.000000
vt 0.750000 0.987500
vt 0.765647 0.987500
vt 0.765647 1.000000
vt 0.750000 1.000000
vt 0.750000 0.987500
vt 0.765647 0.987500
vt 0.765647 1.000000
vt 0.750000 1.000000
vt 0.750000 0.990625
vt 0.765647 0.990625
vt 0.765647 1.000000
vt 0.750000 1.000000
vt 0.750000 0.990625
vt 0.760738 0.990625
vt 0.760738 1.000000
vt 0.750000 1.000000
vt 0.750000 0.987500
vt 0.765647 0.987500
vt 0.765647 1.000000
vt 0.750000 1.000000
vt 0.750000 0.987500
vt 0.765647 0.987500
vt 0.765647 1.000000
vt 0.750000 1.000000
vt 0.750000 0.990625
vt 0.765647 0.990625
vt 0.765647 1.000000
vt 0.750000 1.000000
vt 0.750000 0.990625
vt 0.760738 0.990625
vt 0.760738 1.000000
vt 0.750000 1.000000
vt 0.750000 0.987500
vt 0.765647 0.987500
vt 0.765647 1.000000
vt 0.750000 1.000000
vt 0.750000 0.987500
vt 0.765647 0.987500
vt 0.765647 1.000000
vt 0.750000 1.000000
vt 0.750000 0.990625
vt 0.765647 0.990625
vt 0.765647 1.000000
vt 0.750000 1.000000
vt 0.750000 0.990625
vt 0.760738 0.990625
vt 0.760738 1.000000
vt 0.750000 1.000000
vt 0.750000 0.987500
vt 0.765647 0.987500
vt 0.765647 1.000000
vt 0.750000 1.000000
vt 0.750000 0.987500
vt 0.765647 0.987500
vt 0.765647 1.000000
vt 0.750000 1.000000
vt 0.750000 0.990625
vt 0.765647 0.990625
vt 0.765647 1.000000
vt 0.750000 1.000000
vt 0.750000 0.990625
vt 0.760738 0.990625
vt 0.760738 1.000000
vt 0.750000 1.000000
vt 0.750000 0.987500
vt 0.765647 0.987500
vt 0.765647 1.000000
vt 0.750000 1.000000
vt 0.750000 0.987500
vt 0.765647 0.987500
vt 0.765647 1.000000
vt 0.750000 1.000000
vt 0.750000 0.990625
vt 0.765647 0.990625
vt 0.765647 1.000000
vt 0.750000 1.000000
vt 0.750000 0.990625
vt 0.760738 0.990625
vt 0.760738 1.000000
vt 0.750000 1.000000
vt 0.750000 0.987500
vt 0.765647 0.987500
vt 0.765647 1.000000
vt 0.750000 1.000000
vt 0.750000 0.987500
vt 0.765647 0.987500
vt 0.765647 1.000000
vt 0.750000 1.000000
vt 0.750000 0.990625
vt 0.765647 0.990625
vt 0.765647 1.000000
vt 0.750000 1.000000
vt 0.750000 0.990625
vt 0.760738 0.990625
vt 0.760738 1.000000
vt 0.750000 1.000000
vt 0.750000 0.987500
vt 0.765647 0.987500
vt 0.765647 1.000000
vt 0.750000 1.000000
vt 0.750000 0.987500
vt 0.765647 0.987500
vt 0.765647 1.000000
vt 0.750000 1.000000
vt 0.750000 0.990625
vt 0.765647 0.990625
vt 0.765647 1.000000
vt 0.750000 1.000000
vt 0.750000 0.990625
vt 0.760738 0.990625
vt 0.760738 1.000000
vt 0.750000 1.000000
vt 0.750000 0.987500
vt 0.765647 0.987500
vt 0.765647 1.000000
vt 0.750000 1.000000
vt 0.750000 0.987500
vt 0.765647 0.987500
vt 0.765647 1.000000
vt 0.750000 1.000000
vt 0.750000 0.990625
vt 0.765647 0.990625
vt 0.765647 1.000000
vt 0.750000 1.000000
vt 0.750000 0.990625
vt 0.760738 0.990625
vt 0.760738 1.000000
vt 0.750000 1.000000
vt 0.750000 0.987500
vt 0.765647 0.987500
vt 0.765647 1.000000
vt 0.750000 1.000000
vt 0.750000 0.987500
vt 0.765647 0.987500
vt 0.765647 1.000000
vt 0.750000 1.000000
vt 0.750000 0.990625
vt 0.765647 0.990625
vt 0.765647 1.000000
vt 0.750000 1.000000
vt 0.750000 0.990625
vt 0.760738 0.990625
vt 0.760738 1.000000
vt 0.750000 1.000000
vt 0.750000 0.987500
vt 0.765647 0.987500
vt 0.765647 1.000000
vt 0.750000 1.000000
vt 0.750000 0.987500
vt 0.765647 0.987500
vt 0.765647 1.000000
vt 0.750000 1.000000
vt 0.750000 0.990625
vt 0.765647 0.990625
vt 0.765647 1.000000
vt 0.750000 1.000000
vt 0.750000 0.990625
vt 0.760738 0.990625
vt 0.760738 1.000000
vt 0.750000 1.000000
vt 0.750000 0.987500
vt 0.765647 0.987500
vt 0.765647 1.000000
vt 0.750000 1.000000
vt 0.750000 0.987500
vt 0.765647 0.987500
vt 0.765647 1.000000
vt 0.750000 1.000000
vt 0.750000 0.990625
vt 0.765647 0.990625
vt 0.765647 1.000000
vt 0.750000 1.000000
vt 0.750000 0.990625
vt 0.760738 0.990625
vt 0.760738 1.000000
vt 0.750000 1.000000
vt 0.750000 0.987500
vt 0.765647 0.987500
vt 0.765647 1.000000
vt 0.750000 1.000000
vt 0.750000 0.987500
vt 0.765647 0.987500
vt 0.765647 1.000000
vt 0.750000 1.000000
vt 0.750000 0.990625
vt 0.765647 0.990625
vt 0.765647 1.000000
vt 0.750000 1.000000
vt 0.750000 0.990625
vt 0.760738 0.990625
vt 0.760738 1.000000
vt 0.750000 1.000000
vt 0.750000 0.987500
vt 0.765647 0.987500
vt 0.765647 1.000000
vt 0.750000 1.000000
vt 0.750000 0.987500
vt 0.765647 0.987500
vt 0.765647 1.000000
vt 0.750000 1.000000
vt 0.750000 0.990625
vt 0.765647 0.990625
vt 0.765647 1.000000
vt 0.750000 1.000000
vt 0.750000 0.990625
vt 0.760738 0.990625
vt 0.760738 1.000000
vt 0.750000 1.000000
vt 0.750000 0.987500
vt 0.765647 0.987500
vt 0.765647 1.000000
vt 0.750000 1.000000
vt 0.750000 0.987500
vt 0.765647 0.987500
vt 0.765647 1.000000
vt 0.750000 1.000000
vt 0.750000 0.990625
vt 0.765647 0.990625
vt 0.765647 1.000000
vt 0.750000 1.000000
vt 0.750000 0.990625
vt 0.760738 0.990625
vt 0.760738 1.000000
vt 0.750000 1.000000
vt 0.750000 0.987500
vt 0.765647 0.987500
vt 0.765647 1.000000
vt 0.750000 1.000000
vt 0.750000 0.987500
vt 0.765647 0.987500
vt 0.765647 1.000000
vt 0.750000 1.000000
vt 0.750000 0.990625
vt 0.765647 0.990625
vt 0.765647 1.000000
vt 0.750000 1.000000
vt 0.750000 0.990625
vt 0.760738 0.990625
vt 0.760738 1.000000
vt 0.750000 1.000000
vt 0.750000 0.987500
vt 0.765647 0.987500
vt 0.765647 1.000000
vt 0.750000 1.000000
vt 0.750000 0.987500
vt 0.765647 0.987500
vt 0.765647 1.000000
vt 0.750000 1.000000
vt 0.250000 0.992188
vt 0.261351 0.992188
vt 0.261351 1.000000
vt 0.250000 1.000000
vt 0.250000 0.992188
vt 0.261351 0.992188
vt 0.261351 1.000000
vt 0.250000 1.000000
vt 0.250000 0.992188
vt 0.261351 0.992188
vt 0.261351 1.000000
vt 0.250000 1.000000
vt 0.250000 0.992188
vt 0.261351 0.992188
vt 0.261351 1.000000
vt 0.250000 1.000000
vt 0.250000 0.992188
vt 0.261351 0.992188
vt 0.261351 1.000000
vt 0.250000 1.000000
vt 0.250000 0.992188
vt 0.261351 0.992188
vt 0.261351 1.000000
vt 0.250000 1.000000
vt 0.250000 0.992188
vt 0.261351 0.992188
vt 0.261351 1.000000
vt 0.250000 1.000000
vt 0.250000 0.992188
vt 0.261351 0.992188
vt 0.261351 1.000000
vt 0.250000 1.000000
vt 0.250000 0.992188
vt 0.261351 0.992188
vt 0.261351 1.000000
vt 0.250000 1.000000
vt 0.250000 0.992188
vt 0.261351 0.992188
vt 0.261351 1.000000
vt 0.250000 1.000000
vt 0.250000 0.992188
vt 0.261351 0.992188
vt 0.261351 1.000000
vt 0.250000 1.000000
vt 0.250000 0.992188
vt 0.261351 0.992188
vt 0.261351 1.000000
vt 0.250000 1.000000
vt 0.250000 0.992188
vt 0.261351 0.992188
vt 0.261351 1.000000
vt 0.250000 1.000000
vt 0.250000 0.992188
vt 0.261351 0.992188
vt 0.261351 1.000000
vt 0.250000 1.000000
vt 0.250000 0.992188
vt 0.261351 0.992188
vt 0.261351 1.000000
vt 0.250000 1.000000
vt 0.250000 0.992188
vt 0.261351 0.992188
vt 0.261351 1.000000
vt 0.250000 1.000000
vt 0.307812 0.971094
vt 0.305612 0.960032
vt 0.299346 0.950654
vt 0.289968 0.944388
vt 0.278906 0.942187
vt 0.267844 0.944388
vt 0.258466 0.950654
vt 0.252200 0.960032
vt 0.250000 0.971094
vt 0.252200 0.982156
vt 0.258466 0.991534
vt 0.267844 0.997800
vt 0.278906 1.000000
vt 0.289968 0.997800
vt 0.299346 0.991534
vt 0.305612 0.982156
vt 0.305612 0.982156
vt 0.299346 0.991534
vt 0.289968 0.997800
vt 0.278906 1.000000
vt 0.267844 0.997800
vt 0.258466 0.991534
vt 0.252200 0.982156
vt 0.250000 0.971094
vt 0.252200 0.960032
vt 0.258466 0.950654
vt 0.267844 0.944388
vt 0.278906 0.942187
vt 0.289968 0.944388
vt 0.299346 0.950654
vt 0.305612 0.960032
vt 0.307812 0.971094
vt 0.750000 0.995000
vt 0.753927 0.995000
vt 0.753927 1.000000
vt 0.750000 1.000000
vt 0.750000 0.995000
vt 0.753927 0.995000
vt 0.753927 1.000000
vt 0.750000 1.000000
vt 0.750000 0.995000
vt 0.753927 0.995000
vt 0.753927 1.000000
vt 0.750000 1.000000
vt 0.750000 0.995000
vt 0.753927 0.995000
vt 0.753927 1.000000
vt 0.750000 1.000000
vt 0.750000 0.995000
vt 0.753927 0.995000
vt 0.753927 1.000000
vt 0.750000 1.000000
vt 0.750000 0.995000
vt 0.753927 0.995000
vt 0.753927 1.000000
vt 0.750000 1.000000
vt 0.757500 0.996250
vt 0.755625 0.993002
vt 0.751875 0.993002
vt 0.750000 0.996250
vt 0.751875 0.999498
vt 0.755625 0.999498
vt 0.755625 0.999498
vt 0.751875 0.999498
vt 0.750000 0.996250
vt 0.751875 0.993002
vt 0.755625 0.993002
vt 0.757500 0.996250
vt 0.750000 0.995000
vt 0.753927 0.995000
vt 0.753927 1.000000
vt 0.750000 1.000000
vt 0.750000 0.995000
vt 0.753927 0.995000
vt 0.753927 1.000000
vt 0.750000 1.000000
vt 0.750000 0.995000
vt 0.753927 0.995000
vt 0.753927 1.000000
vt 0.750000 1.000000
vt 0.750000 0.995000
vt 0.753927 0.995000
vt 0.753927 1.000000
vt 0.750000 1.000000
vt 0.750000 0.995000
vt 0.753927 0.995000
vt 0.753927 1.000000
vt 0.750000 1.000000
vt 0.750000 0.995000
vt 0.753927 0.995000
vt 0.753927 1.000000
vt 0.750000 1.000000
vt 0.757500 0.996250
vt 0.755625 0.993002
vt 0.751875 0.993002
vt 0.750000 0.996250
vt 0.751875 0.999498
vt 0.755625 0.999498
vt 0.755625 0.999498
vt 0.751875 0.999498
vt 0.750000 0.996250
vt 0.751875 0.993002
vt 0.755625 0.993002
vt 0.757500 0.996250
vt 0.750000 0.995000
vt 0.753927 0.995000
vt 0.753927 1.000000
vt 0.750000 1.000000
vt 0.750000 0.995000
vt 0.753927 0.995000
vt 0.753927 1.000000
vt 0.750000 1.000000
vt 0.750000 0.995000
vt 0.753927 0.995000
vt 0.753927 1.000000
vt 0.750000 1.000000
vt 0.750000 0.995000
vt 0.753927 0.995000
vt 0.753927 1.000000
vt 0.750000 1.000000
vt 0.750000 0.995000
vt 0.753927 0.995000
vt 0.753927 1.000000
vt 0.750000 1.000000
vt 0.750000 0.995000
vt 0.753927 0.995000
vt 0.753927 1.000000
vt 0.750000 1.000000
vt 0.757500 0.996250
vt 0.755625 0.993002
vt 0.751875 0.993002
vt 0.750000 0.996250
vt 0.751875 0.999498
vt 0.755625 0.999498
vt 0.755625 0.999498
vt 0.751875 0.999498
vt 0.750000 0.996250
vt 0.751875 0.993002
vt 0.755625 0.993002
vt 0.757500 0.996250
vt 0.750000 0.995000
vt 0.753927 0.995000
vt 0.753927 1.000000
vt 0.750000 1.000000
vt 0.750000 0.995000
vt 0.753927 0.995000
vt 0.753927 1.000000
vt 0.750000 1.000000
vt 0.750000 0.995000
vt 0.753927 0.995000
vt 0.753927 1.000000
vt 0.750000 1.000000
vt 0.750000 0.995000
vt 0.753927 0.995000
vt 0.753927 1.000000
vt 0.750000 1.000000
vt 0.750000 0.995000
vt 0.753927 0.995000
vt 0.753927 1.000000
vt 0.750000 1.000000
vt 0.750000 0.995000
vt 0.753927 0.995000
vt 0.753927 1.000000
vt 0.750000 1.000000
vt 0.757500 0.996250
vt 0.755625 0.993002
vt 0.751875 0.993002
vt 0.750000 0.996250
vt 0.751875 0.999498
vt 0.755625 0.999498
vt 0.755625 0.999498
vt 0.751875 0.999498
vt 0.750000 0.996250
vt 0.751875 0.993002
vt 0.755625 0.993002
vt 0.757500 0.996250
vt 0.750000 0.995000
vt 0.753927 0.995000
vt 0.753927 1.000000
vt 0.750000 1.000000
vt 0.750000 0.995000
vt 0.753927 0.995000
vt 0.753927 1.000000
vt 0.750000 1.000000
vt 0.750000 0.995000
vt 0.753927 0.995000
vt 0.753927 1.000000
vt 0.750000 1.000000
vt 0.750000 0.995000
vt 0.753927 0.995000
vt 0.753927 1.000000
vt 0.750000 1.000000
vt 0.750000 0.995000
vt 0.753927 0.995000
vt 0.753927 1.000000
vt 0.750000 1.000000
vt 0.750000 0.995000
vt 0.753927 0.995000
vt 0.753927 1.000000
vt 0.750000 1.000000
vt 0.757500 0.996250
vt 0.755625 0.993002
vt 0.751875 0.993002
vt 0.750000 0.996250
vt 0.751875 0.999498
vt 0.755625 0.999498
vt 0.755625 0.999498
vt 0.751875 0.999498
vt 0.750000 0.996250
vt 0.751875 0.993002
vt 0.755625 0.993002
vt 0.757500 0.996250
vt 0.750000 0.995000
vt 0.753927 0.995000
vt 0.753927 1.000000
vt 0.750000 1.000000
vt 0.750000 0.995000
vt 0.753927 0.995000
vt 0.753927 1.000000
vt 0.750000 1.000000
vt 0.750000 0.995000
vt 0.753927 0.995000
vt 0.753927 1.000000
vt 0.750000 1.000000
vt 0.750000 0.995000
vt 0.753927 0.995000
vt 0.753927 1.000000
vt 0.750000 1.000000
vt 0.750000 0.995000
vt 0.753927 0.995000
vt 0.753927 1.000000
vt 0.750000 1.000000
vt 0.750000 0.995000
vt 0.753927 0.995000
vt 0.753927 1.000000
vt 0.750000 1.000000
vt 0.757500 0.996250
vt 0.755625 0.993002
vt 0.751875 0.993002
vt 0.750000 0.996250
vt 0.751875 0.999498
vt 0.755625 0.999498
vt 0.755625 0.999498
vt 0.751875 0.999498
vt 0.750000 0.996250
vt 0.751875 0.993002
vt 0.755625 0.993002
vt 0.757500 0.996250
vt 0.750000 0.995000
vt 0.753927 0.995000
vt 0.753927 1.000000
vt 0.750000 1.000000
vt 0.750000 0.995000
vt 0.753927 0.995000
vt 0.753927 1.000000
vt 0.750000 1.000000
vt 0.750000 0.995000
vt 0.753927 0.995000
vt 0.753927 1.000000
vt 0.750000 1.000000
vt 0.750000 0.995000
vt 0.753927 0.995000
vt 0.753927 1.000000
vt 0.750000 1.000000
vt 0.750000 0.995000
vt 0.753927 0.995000
vt 0.753927 1.000000
vt 0.750000 1.000000
vt 0.750000 0.995000
vt 0.753927 0.995000
vt 0.753927 1.000000
vt 0.750000 1.000000
vt 0.757500 0.996250
vt 0.755625 0.993002
vt 0.751875 0.993002
vt 0.750000 0.996250
vt 0.751875 0.999498
vt 0.755625 0.999498
vt 0.755625 0.999498
vt 0.751875 0.999498
vt 0.750000 0.996250
vt 0.751875 0.993002
vt 0.755625 0.993002
vt 0.757500 0.996250
vt 0.750000 0.995000
vt 0.753927 0.995000
vt 0.753927 1.000000
vt 0.750000 1.000000
vt 0.750000 0.995000
vt 0.753927 0.995000
vt 0.753927 1.000000
vt 0.750000 1.000000
vt 0.750000 0.995000
vt 0.753927 0.995000
vt 0.753927 1.000000
vt 0.750000 1.000000
vt 0.750000 0.995000
vt 0.753927 0.995000
vt 0.753927 1.000000
vt 0.750000 1.000000
vt 0.750000 0.995000
vt 0.753927 0.995000
vt 0.753927 1.000000
vt 0.750000 1.000000
vt 0.750000 0.995000
vt 0.753927 0.995000
vt 0.753927 1.000000
vt 0.750000 1.000000
vt 0.757500 0.996250
vt 0.755625 0.993002
vt 0.751875 0.993002
vt 0.750000 0.996250
vt 0.751875 0.999498
vt 0.755625 0.999498
vt 0.755625 0.999498
vt 0.751875 0.999498
vt 0.750000 0.996250
vt 0.751875 0.993002
vt 0.755625 0.993002
vt 0.757500 0.996250
vt 0.250000 0.993437
vt 0.255890 0.993437
vt 0.255890 1.000000
vt 0.250000 1.000000
vt 0.250000 0.993437
vt 0.255890 0.993437
vt 0.255890 1.000000
vt 0.250000 1.000000
vt 0.250000 0.993437
vt 0.255890 0.993437
vt 0.255890 1.000000
vt 0.250000 1.000000
vt 0.250000 0.993437
vt 0.255890 0.993437
vt 0.255890 1.000000
vt 0.250000 1.000000
vt 0.250000 0.993437
vt 0.255890 0.993437
vt 0.255890 1.000000
vt 0.250000 1.000000
vt 0.250000 0.993437
vt 0.255890 0.993437
vt 0.255890 1.000000
vt 0.250000 1.000000
vt 0.250000 0.993437
vt 0.255890 0.993437
vt 0.255890 1.000000
vt 0.250000 1.000000
vt 0.250000 0.993437
vt 0.255890 0.993437
vt 0.255890 1.000000
vt 0.250000 1.000000
vt 0.250000 0.993437
vt 0.255890 0.993437
vt 0.255890 1.000000
vt 0.250000 1.000000
vt 0.250000 0.993437
vt 0.255890 0.993437
vt 0.255890 1.000000
vt 0.250000 1.000000
vt 0.250000 0.993437
vt 0.255890 0.993437
vt 0.255890 1.000000
vt 0.250000 1.000000
vt 0.250000 0.993437
vt 0.255890 0.993437
vt 0.255890 1.000000
vt 0.250000 1.000000
vt 0.272500 0.988750
vt 0.270993 0.983125
vt 0.266875 0.979007
vt 0.261250 0.977500
vt 0.255625 0.979007
vt 0.251507 0.983125
vt 0.250000 0.988750
vt 0.251507 0.994375
vt 0.255625 0.998493
vt 0.261250 1.000000
vt 0.266875 0.998493
vt 0.270993 0.994375
vt 0.270993 0.994375
vt 0.266875 0.998493
vt 0.261250 1.000000
vt 0.255625 0.998493
vt 0.251507 0.994375
vt 0.250000 0.988750
vt 0.251507 0.983125
vt 0.255625 0.979007
vt 0.261250 0.977500
vt 0.266875 0.979007
vt 0.270993 0.983125
vt 0.272500 0.988750
vt 0.750000 0.992188
vt 0.774544 0.992188
vt 0.774544 1.000000
vt 0.750000 1.000000
vt 0.750000 0.992188
vt 0.756443 0.992188
vt 0.756443 1.000000
vt 0.750000 1.000000
vt 0.750000 0.953906
vt 0.774544 0.953906
vt 0.774544 1.000000
vt 0.750000 1.000000
vt 0.750000 0.953906
vt 0.774544 0.953906
vt 0.774544 1.000000
vt 0.750000 1.000000
vt 0.750000 0.992188
vt 0.774544 0.992188
vt 0.774544 1.000000
vt 0.750000 1.000000
vt 0.750000 0.992188
vt 0.756443 0.992188
vt 0.756443 1.000000
vt 0.750000 1.000000
vt 0.750000 0.953906
vt 0.774544 0.953906
vt 0.774544 1.000000
vt 0.750000 1.000000
vt 0.750000 0.953906
vt 0.774544 0.953906
vt 0.774544 1.000000
vt 0.750000 1.000000
vt 0.750000 0.992188
vt 0.774544 0.992188
vt 0.774544 1.000000
vt 0.750000 1.000000
vt 0.750000 0.992188
vt 0.756443 0.992188
vt 0.756443 1.000000
vt 0.750000 1.000000
vt 0.750000 0.953906
vt 0.774544 0.953906
vt 0.774544 1.000000
vt 0.750000 1.000000
vt 0.750000 0.953906
vt 0.774544 0.953906
vt 0.774544 1.000000
vt 0.750000 1.000000
vt 0.750000 0.992188
vt 0.774544 0.992188
vt 0.774544 1.000000
vt 0.750000 1.000000
vt 0.750000 0.992188
vt 0.756443 0.992188
vt 0.756443 1.000000
vt 0.750000 1.000000
vt 0.750000 0.953906
vt 0.774544 0.953906
vt 0.774544 1.000000
vt 0.750000 1.000000
vt 0.750000 0.953906
vt 0.774544 0.953906
vt 0.774544 1.000000
vt 0.750000 1.000000
vt 0.750000 0.992188
vt 0.774544 0.992188
vt 0.774544 1.000000
vt 0.750000 1.000000
vt 0.750000 0.992188
vt 0.756443 0.992188
vt 0.756443 1.000000
vt 0.750000 1.000000
vt 0.750000 0.953906
vt 0.774544 0.953906
vt 0.774544 1.000000
vt 0.750000 1.000000
vt 0.750000 0.953906
vt 0.774544 0.953906
vt 0.774544 1.000000
vt 0.750000 1.000000
vt 0.750000 0.992188
vt 0.774544 0.992188
vt 0.774544 1.000000
vt 0.750000 1.000000
vt 0.750000 0.992188
vt 0.756443 0.992188
vt 0.756443 1.000000
vt 0.750000 1.000000
vt 0.750000 0.953906
vt 0.774544 0.953906
vt 0.774544 1.000000
vt 0.750000 1.000000
vt 0.750000 0.953906
vt 0.774544 0.953906
vt 0.774544 1.000000
vt 0.750000 1.000000
vt 0.750000 0.992188
vt 0.774544 0.992188
vt 0.774544 1.000000
vt 0.750000 1.000000
vt 0.750000 0.992188
vt 0.756443 0.992188
vt 0.756443 1.000000
vt 0.750000 1.000000
vt 0.750000 0.953906
vt 0.774544 0.953906
vt 0.774544 1.000000
vt 0.750000 1.000000
vt 0.750000 0.953906
vt 0.774544 0.953906
vt 0.774544 1.000000
vt 0.750000 1.000000
vt 0.750000 0.992188
vt 0.774544 0.992188
vt 0.774544 1.000000
vt 0.750000 1.000000
vt 0.750000 0.992188
vt 0.756443 0.992188
vt 0.756443 1.000000
vt 0.750000 1.000000
vt 0.750000 0.953906
vt 0.774544 0.953906
vt 0.774544 1.000000
vt 0.750000 1.000000
vt 0.750000 0.953906
vt 0.774544 0.953906
vt 0.774544 1.000000
vt 0.750000 1.000000
vt 0.750000 0.992188
vt 0.774544 0.992188
vt 0.774544 1.000000
vt 0.750000 1.000000
vt 0.750000 0.992188
vt 0.756443 0.992188
vt 0.756443 1.000000
vt 0.750000 1.000000
vt 0.750000 0.953906
vt 0.774544 0.953906
vt 0.774544 1.000000
vt 0.750000 1.000000
vt 0.750000 0.953906
vt 0.774544 0.953906
vt 0.774544 1.000000
vt 0.750000 1.000000
vt 0.750000 0.992188
vt 0.774544 0.992188
vt 0.774544 1.000000
vt 0.750000 1.000000
vt 0.750000 0.992188
vt 0.756443 0.992188
vt 0.756443 1.000000
vt 0.750000 1.000000
vt 0.750000 0.953906
vt 0.774544 0.953906
vt 0.774544 1.000000
vt 0.750000 1.000000
vt 0.750000 0.953906
vt 0.774544 0.953906
vt 0.774544 1.000000
vt 0.750000 1.000000
vt 0.750000 0.992188
vt 0.774544 0.992188
vt 0.774544 1.000000
vt 0.750000 1.000000
vt 0.750000 0.992188
vt 0.756443 0.992188
vt 0.756443 1.000000
vt 0.750000 1.000000
vt 0.750000 0.953906
vt 0.774544 0.953906
vt 0.774544 1.000000
vt 0.750000 1.000000
vt 0.750000 0.953906
vt 0.774544 0.953906
vt 0.774544 1.000000
vt 0.750000 1.000000
vt 0.750000 0.992188
vt 0.774544 0.992188
vt 0.774544 1.000000
vt 0.750000 1.000000
vt 0.750000 0.992188
vt 0.756443 0.992188
vt 0.756443 1.000000
vt 0.750000 1.000000
vt 0.750000 0.953906
vt 0.774544 0.953906
vt 0.774544 1.000000
vt 0.750000 1.000000
vt 0.750000 0.953906
vt 0.774544 0.953906
vt 0.774544 1.000000
vt 0.750000 1.000000
vt 0.750000 0.992188
vt 0.774544 0.992188
vt 0.774544 1.000000
vt 0.750000 1.000000
vt 0.750000 0.992188
vt 0.756443 0.992188
vt 0.756443 1.000000
vt 0.750000 1.000000
vt 0.750000 0.953906
vt 0.774544 0.953906
vt 0.774544 1.000000
vt 0.750000 1.000000
vt 0.750000 0.953906
vt 0.774544 0.953906
vt 0.774544 1.000000
vt 0.750000 1.000000
vt 0.750000 0.992188
vt 0.774544 0.992188
vt 0.774544 1.000000
vt 0.750000 1.000000
vt 0.750000 0.992188
vt 0.756443 0.992188
vt 0.756443 1.000000
vt 0.750000 1.000000
vt 0.750000 0.953906
vt 0.774544 0.953906
vt 0.774544 1.000000
vt 0.750000 1.000000
vt 0.750000 0.953906
vt 0.774544 0.953906
vt 0.774544 1.000000
vt 0.750000 1.000000
vt 0.750000 0.992188
vt 0.774544 0.992188
vt 0.774544 1.000000
vt 0.750000 1.000000
vt 0.750000 0.992188
vt 0.756443 0.992188
vt 0.756443 1.000000
vt 0.750000 1.000000
vt 0.750000 0.953906
vt 0.774544 0.953906
vt 0.774544 1.000000
vt 0.750000 1.000000
vt 0.750000 0.953906
vt 0.774544 0.953906
vt 0.774544 1.000000
vt 0.750000 1.000000
vt 0.750000 0.992188
vt 0.774544 0.992188
vt 0.774544 1.000000
vt 0.750000 1.000000
vt 0.750000 0.992188
vt 0.756443 0.992188
vt 0.756443 1.000000
vt 0.750000 1.000000
vt 0.750000 0.953906
vt 0.774544 0.953906
vt 0.774544 1.000000
vt 0.750000 1.000000
vt 0.750000 0.953906
vt 0.774544 0.953906
vt 0.774544 1.000000
vt 0.750000 1.000000
vt 0.750000 0.988281
vt 0.759408 0.988281
vt 0.759408 1.000000
vt 0.750000 1.000000
vt 0.750000 0.988281
vt 0.759408 0.988281
vt 0.759408 1.000000
vt 0.750000 1.000000
vt 0.750000 0.988281
vt 0.759408 0.988281
vt 0.759408 1.000000
vt 0.750000 1.000000
vt 0.750000 0.988281
vt 0.759408 0.988281
vt 0.759408 1.000000
vt 0.750000 1.000000
vt 0.750000 0.988281
vt 0.759408 0.988281
vt 0.759408 1.000000
vt 0.750000 1.000000
vt 0.750000 0.988281
vt 0.759408 0.988281
vt 0.759408 1.000000
vt 0.750000 1.000000
vt 0.750000 0.988281
vt 0.759408 0.988281
vt 0.759408 1.000000
vt 0.750000 1.000000
vt 0.750000 0.988281
vt 0.759408 0.988281
vt 0.759408 1.000000
vt 0.750000 1.000000
vt 0.750000 0.988281
vt 0.759408 0.988281
vt 0.759408 1.000000
vt 0.750000 1.000000
vt 0.750000 0.988281
vt 0.759408 0.988281
vt 0.759408 1.000000
vt 0.750000 1.000000
vt 0.750000 0.988281
vt 0.759408 0.988281
vt 0.759408 1.000000
vt 0.750000 1.000000
vt 0.750000 0.988281
vt 0.759408 0.988281
vt 0.759408 1.000000
vt 0.750000 1.000000
vt 0.785937 0.982031
vt 0.783530 0.973047
vt 0.776953 0.966470
vt 0.767969 0.964063
vt 0.758984 0.966470
vt 0.752407 0.973047
vt 0.750000 0.982031
vt 0.752407 0.991016
vt 0.758984 0.997593
vt 0.767969 1.000000
vt 0.776953 0.997593
vt 0.783530 0.991016
vt 0.783530 0.991016
vt 0.776953 0.997593
vt 0.767969 1.000000
vt 0.758984 0.997593
vt 0.752407 0.991016
vt 0.750000 0.982031
vt 0.752407 0.973047
vt 0.758984 0.966470
vt 0.767969 0.964063
vt 0.776953 0.966470
vt 0.783530 0.973047
vt 0.785937 0.982031
vt 0.750000 0.995938
vt 0.754254 0.995938
vt 0.754254 1.000000
vt 0.750000 1.000000
vt 0.750000 0.995938
vt 0.754254 0.995938
vt 0.754254 1.000000
vt 0.750000 1.000000
vt 0.750000 0.995938
vt 0.754254 0.995938
vt 0.754254 1.000000
vt 0.750000 1.000000
vt 0.750000 0.995938
vt 0.754254 0.995938
vt 0.754254 1.000000
vt 0.750000 1.000000
vt 0.750000 0.995938
vt 0.754254 0.995938
vt 0.754254 1.000000
vt 0.750000 1.000000
vt 0.750000 0.995938
vt 0.754254 0.995938
vt 0.754254 1.000000
vt 0.750000 1.000000
vt 0.758125 0.995938
vt 0.756094 0.992419
vt 0.752031 0.992419
vt 0.750000 0.995938
vt 0.752031 0.999456
vt 0.756094 0.999456
vt 0.756094 0.999456
vt 0.752031 0.999456
vt 0.750000 0.995938
vt 0.752031 0.992419
vt 0.756094 0.992419
vt 0.758125 0.995938
vt 0.750000 0.995938
vt 0.754254 0.995938
vt 0.754254 1.000000
vt 0.750000 1.000000
vt 0.750000 0.995938
vt 0.754254 0.995938
vt 0.754254 1.000000
vt 0.750000 1.000000
vt 0.750000 0.995938
vt 0.754254 0.995938
vt 0.754254 1.000000
vt 0.750000 1.000000
vt 0.750000 0.995938
vt 0.754254 0.995938
vt 0.754254 1.000000
vt 0.750000 1.000000
vt 0.750000 0.995938
vt 0.754254 0.995938
vt 0.754254 1.000000
vt 0.750000 1.000000
vt 0.750000 0.995938
vt 0.754254 0.995938
vt 0.754254 1.000000
vt 0.750000 1.000000
vt 0.758125 0.995938
vt 0.756094 0.992419
vt 0.752031 0.992419
vt 0.750000 0.995938
vt 0.752031 0.999456
vt 0.756094 0.999456
vt 0.756094 0.999456
vt 0.752031 0.999456
vt 0.750000 0.995938
vt 0.752031 0.992419
vt 0.756094 0.992419
vt 0.758125 0.995938
vt 0.750000 0.995938
vt 0.754254 0.995938
vt 0.754254 1.000000
vt 0.750000 1.000000
vt 0.750000 0.995938
vt 0.754254 0.995938
vt 0.754254 1.000000
vt 0.750000 1.000000
vt 0.750000 0.995938
vt 0.754254 0.995938
vt 0.754254 1.000000
vt 0.750000 1.000000
vt 0.750000 0.995938
vt 0.754254 0.995938
vt 0.754254 1.000000
vt 0.750000 1.000000
vt 0.750000 0.995938
vt 0.754254 0.995938
vt 0.754254 1.000000
vt 0.750000 1.000000
vt 0.750000 0.995938
vt 0.754254 0.995938
vt 0.754254 1.000000
vt 0.750000 1.000000
vt 0.758125 0.995938
vt 0.756094 0.992419
vt 0.752031 0.992419
vt 0.750000 0.995938
vt 0.752031 0.999456
vt 0.756094 0.999456
vt 0.756094 0.999456
vt 0.752031 0.999456
vt 0.750000 0.995938
vt 0.752031 0.992419
vt 0.756094 0.992419
vt 0.758125 0.995938
vt 0.750000 0.995938
vt 0.754254 0.995938
vt 0.754254 1.000000
vt 0.750000 1.000000
vt 0.750000 0.995938
vt 0.754254 0.995938
vt 0.754254 1.000000
vt 0.750000 1.000000
vt 0.750000 0.995938
vt 0.754254 0.995938
vt 0.754254 1.000000
vt 0.750000 1.000000
vt 0.750000 0.995938
vt 0.754254 0.995938
vt 0.754254 1.000000
vt 0.750000 1.000000
vt 0.750000 0.995938
vt 0.754254 0.995938
vt 0.754254 1.000000
vt 0.750000 1.000000
vt 0.750000 0.995938
vt 0.754254 0.995938
vt 0.754254 1.000000
vt 0.750000 1.000000
vt 0.758125 0.995938
vt 0.756094 0.992419
vt 0.752031 0.992419
vt 0.750000 0.995938
vt 0.752031 0.999456
vt 0.756094 0.999456
vt 0.756094 0.999456
vt 0.752031 0.999456
vt 0.750000 0.995938
vt 0.752031 0.992419
vt 0.756094 0.992419
vt 0.758125 0.995938
vt 0.750000 0.995938
vt 0.754254 0.995938
vt 0.754254 1.000000
vt 0.750000 1.000000
vt 0.750000 0.995938
vt 0.754254 0.995938
vt 0.754254 1.000000
vt 0.750000 1.000000
vt 0.750000 0.995938
vt 0.754254 0.995938
vt 0.754254 1.000000
vt 0.750000 1.000000
vt 0.750000 0.995938
vt 0.754254 0.995938
vt 0.754254 1.000000
vt 0.750000 1.000000
vt 0.750000 0.995938
vt 0.754254 0.995938
vt 0.754254 1.000000
vt 0.750000 1.000000
vt 0.750000 0.995938
vt 0.754254 0.995938
vt 0.754254 1.000000
vt 0.750000 1.000000
vt 0.758125 0.995938
vt 0.756094 0.992419
vt 0.752031 0.992419
vt 0.750000 0.995938
vt 0.752031 0.999456
vt 0.756094 0.999456
vt 0.756094 0.999456
vt 0.752031 0.999456
vt 0.750000 0.995938
vt 0.752031 0.992419
vt 0.756094 0.992419
vt 0.758125 0.995938
vt 0.750000 0.995938
vt 0.754254 0.995938
vt 0.754254 1.000000
vt 0.750000 1.000000
vt 0.750000 0.995938
vt 0.754254 0.995938
vt 0.754254 1.000000
vt 0.750000 1.000000
vt 0.750000 0.995938
vt 0.754254 0.995938
vt 0.754254 1.000000
vt 0.750000 1.000000
vt 0.750000 0.995938
vt 0.754254 0.995938
vt 0.754254 1.000000
vt 0.750000 1.000000
vt 0.750000 0.995938
vt 0.754254 0.995938
vt 0.754254 1.000000
vt 0.750000 1.000000
vt 0.750000 0.995938
vt 0.754254 0.995938
vt 0.754254 1.000000
vt 0.750000 1.000000
vt 0.758125 0.995938
vt 0.756094 0.992419
vt 0.752031 0.992419
vt 0.750000 0.995938
vt 0.752031 0.999456
vt 0.756094 0.999456
vt 0.756094 0.999456
vt 0.752031 0.999456
vt 0.750000 0.995938
vt 0.752031 0.992419
vt 0.756094 0.992419
vt 0.758125 0.995938
vn 0.9914 0.0000 -0.1305
vn -0.9914 0.0000 0.1305
vn -0.0000 1.0000 0.0000
vn 0.0000 -1.0000 0.0000
vn 0.9239 0.0000 -0.3827
vn -0.9239 0.0000 0.3827
vn 0.0000 1.0000 0.0000
vn 0.0000 -1.0000 0.0000
vn 0.7934 0.0000 -0.6088
vn -0.7934 0.0000 0.6088
vn 0.0000 1.0000 0.0000
vn 0.0000 -1.0000 0.0000
vn 0.6088 0.0000 -0.7934
vn -0.6088 0.0000 0.7934
vn 0.0000 1.0000 0.0000
vn 0.0000 -1.0000 0.0000
vn 0.3827 0.0000 -0.9239
vn -0.3827 0.0000 0.9239
vn 0.0000 1.0000 0.0000
vn 0.0000 -1.0000 0.0000
vn 0.1305 0.0000 -0.9914
vn -0.1305 0.0000 0.9914
vn 0.0000 1.0000 0.0000
vn 0.0000 -1.0000 0.0000
vn -0.1305 0.0000 -0.9914
vn 0.1305 0.0000 0.9914
vn 0.0000 1.0000 0.0000
vn 0.0000 -1.0000 -0.0000
vn -0.3827 0.0000 -0.9239
vn 0.3827 0.0000 0.9239
vn 0.0000 1.0000 0.0000
vn 0.0000 -1.0000 -0.0000
vn -0.6088 0.0000 -0.7934
vn 0.6088 0.0000 0.7934
vn 0.0000 1.0000 0.0000
vn 0.0000 -1.0000 0.0000
vn -0.7934 0.0000 -0.6088
vn 0.7934 0.0000 0.6088
vn 0.0000 1.0000 0.0000
vn 0.0000 -1.0000 0.0000
vn -0.9239 0.0000 -0.3827
vn 0.9239 0.0000 0.3827
vn 0.0000 1.0000 0.0000
vn 0.0000 -1.0000 0.0000
vn -0.9914 0.0000 -0.1305
vn 0.9914 0.0000 0.1305
vn 0.0000 1.0000 0.0000
vn -0.0000 -1.0000 0.0000
vn -0.9914 0.0000 0.1305
vn 0.9914 0.0000 -0.1305
vn 0.0000 1.0000 0.0000
vn -0.0000 -1.0000 0.0000
vn -0.9239 0.0000 0.3827
vn 0.9239 0.0000 -0.3827
vn 0.0000 1.0000 0.0000
vn -0.0000 -1.0000 0.0000
vn -0.7934 0.0000 0.6088
vn 0.7934 0.0000 -0.6088
vn 0.0000 1.0000 0.0000
vn 0.0000 -1.0000 0.0000
vn -0.6088 0.0000 0.7934
vn 0.6088 0.0000 -0.7934
vn 0.0000 1.0000 0.0000
vn 0.0000 -1.0000 0.0000
vn -0.3827 0.0000 0.9239
vn 0.3827 0.0000 -0.9239
vn 0.0000 1.0000 -0.0000
vn 0.0000 -1.0000 0.0000
vn -0.1305 0.0000 0.9914
vn 0.1305 0.0000 -0.9914
vn 0.0000 1.0000 -0.0000
vn 0.0000 -1.0000 0.0000
vn 0.1305 0.0000 0.9914
vn -0.1305 0.0000 -0.9914
vn 0.0000 1.0000 0.0000
vn 0.0000 -1.0000 0.0000
vn 0.3827 0.0000 0.9239
vn -0.3827 0.0000 -0.9239
vn 0.0000 1.0000 0.0000
vn 0.0000 -1.0000 0.0000
vn 0.6088 0.0000 0.7934
vn -0.6088 0.0000 -0.7934
vn 0.0000 1.0000 0.0000
vn 0.0000 -1.0000 0.0000
vn 0.7934 0.0000 0.6088
vn -0.7934 0.0000 -0.6088
vn 0.0000 1.0000 0.0000
vn 0.0000 -1.0000 0.0000
vn 0.9239 0.0000 0.3827
vn -0.9239 0.0000 -0.3827
vn -0.0000 1.0000 0.0000
vn 0.0000 -1.0000 0.0000
vn 0.9914 0.0000 0.1305
vn -0.9914 0.0000 -0.1305
vn -0.0000 1.0000 0.0000
vn 0.0000 -1.0000 0.0000
vn 0.9914 0.0000 -0.1305
vn -0.9914 0.0000 0.1305
vn -0.0000 1.0000 0.0000
vn 0.0000 -1.0000 0.0000
vn 0.9239 0.0000 -0.3827
vn -0.9239 0.0000 0.3827
vn 0.0000 1.0000 0.0000
vn 0.0000 -1.0000 0.0000
vn 0.7934 0.0000 -0.6088
vn -0.7934 0.0000 0.6088
vn 0.0000 1.0000 0.0000
vn 0.0000 -1.0000 0.0000
vn 0.6088 0.0000 -0.7934
vn -0.6088 0.0000 0.7934
vn 0.0000 1.0000 0.0000
vn 0.0000 -1.0000 0.0000
vn 0.3827 0.0000 -0.9239
vn -0.3827 0.0000 0.9239
vn 0.0000 1.0000 0.0000
vn 0.0000 -1.0000 0.0000
vn 0.1305 0.0000 -0.9914
vn -0.1305 0.0000 0.9914
vn 0.0000 1.0000 0.0000
vn 0.0000 -1.0000 0.0000
vn -0.1305 0.0000 -0.9914
vn 0.1305 0.0000 0.9914
vn 0.0000 1.0000 0.0000
vn 0.0000 -1.0000 -0.0000
vn -0.3827 0.0000 -0.9239
vn 0.3827 0.0000 0.9239
vn 0.0000 1.0000 0.0000
vn 0.0000 -1.0000 -0.0000
vn -0.6088 0.0000 -0.7934
vn 0.6088 0.0000 0.7934
vn 0.0000 1.0000 0.0000
vn 0.0000 -1.0000 -0.0000
vn -0.7934 0.0000 -0.6088
vn 0.7934 0.0000 0.6088
vn 0.0000 1.0000 0.0000
vn 0.0000 -1.0000 -0.0000
vn -0.9239 0.0000 -0.3827
vn 0.9239 0.0000 0.3827
vn 0.0000 1.0000 0.0000
vn 0.0000 -1.0000 -0.0000
vn -0.9914 0.0000 -0.1305
vn 0.9914 0.0000 0.1305
vn 0.0000 1.0000 0.0000
vn 0.0000 -1.0000 0.0000
vn -0.9914 0.0000 0.1305
vn 0.9914 0.0000 -0.1305
vn 0.0000 1.0000 0.0000
vn -0.0000 -1.0000 0.0000
vn -0.9239 0.0000 0.3827
vn 0.9239 0.0000 -0.3827
vn 0.0000 1.0000 -0.0000
vn -0.0000 -1.0000 0.0000
vn -0.7934 0.0000 0.6088
vn 0.7934 0.0000 -0.6088
vn 0.0000 1.0000 -0.0000
vn -0.0000 -1.0000 0.0000
vn -0.6088 0.0000 0.7934
vn 0.6088 0.0000 -0.7934
vn 0.0000 1.0000 -0.0000
vn -0.0000 -1.0000 0.0000
vn -0.3827 0.0000 0.9239
vn 0.3827 0.0000 -0.9239
vn 0.0000 1.0000 -0.0000
vn -0.0000 -1.0000 0.0000
vn -0.1305 0.0000 0.9914
vn 0.1305 0.0000 -0.9914
vn 0.0000 1.0000 -0.0000
vn 0.0000 -1.0000 0.0000
vn 0.1305 0.0000 0.9914
vn -0.1305 0.0000 -0.9914
vn 0.0000 1.0000 -0.0000
vn 0.0000 -1.0000 0.0000
vn 0.3827 0.0000 0.9239
vn -0.3827 0.0000 -0.9239
vn -0.0000 1.0000 0.0000
vn 0.0000 -1.0000 0.0000
vn 0.6088 0.0000 0.7934
vn -0.6088 0.0000 -0.7934
vn -0.0000 1.0000 0.0000
vn 0.0000 -1.0000 0.0000
vn 0.7934 0.0000 0.6088
vn -0.7934 0.0000 -0.6088
vn -0.0000 1.0000 0.0000
vn 0.0000 -1.0000 0.0000
vn 0.9239 0.0000 0.3827
vn -0.9239 0.0000 -0.3827
vn -0.0000 1.0000 0.0000
vn 0.0000 -1.0000 0.0000
vn 0.9914 0.0000 0.1305
vn -0.9914 0.0000 -0.1305
vn -0.0000 1.0000 0.0000
vn 0.0000 -1.0000 0.0000
vn 0.9808 0.0000 -0.1951
vn -0.9808 0.0000 0.1951
vn -0.0000 1.0000 0.0000
vn 0.0000 -1.0000 0.0000
vn 0.8315 0.0000 -0.5556
vn -0.8315 0.0000 0.5556
vn 0.0000 1.0000 0.0000
vn 0.0000 -1.0000 0.0000
vn 0.5556 0.0000 -0.8315
vn -0.5556 0.0000 0.8315
vn 0.0000 1.0000 0.0000
vn 0.0000 -1.0000 0.0000
vn 0.1951 0.0000 -0.9808
vn -0.1951 0.0000 0.9808
vn 0.0000 1.0000 0.0000
vn 0.0000 -1.0000 0.0000
vn -0.1951 0.0000 -0.9808
vn 0.1951 0.0000 0.9808
vn 0.0000 1.0000 0.0000
vn 0.0000 -1.0000 -0.0000
vn -0.5556 0.0000 -0.8315
vn 0.5556 0.0000 0.8315
vn 0.0000 1.0000 0.0000
vn 0.0000 -1.0000 -0.0000
vn -0.8315 0.0000 -0.5556
vn 0.8315 0.0000 0.5556
vn 0.0000 1.0000 0.0000
vn 0.0000 -1.0000 0.0000
vn -0.9808 0.0000 -0.1951
vn 0.9808 0.0000 0.1951
vn 0.0000 1.0000 0.0000
vn -0.0000 -1.0000 0.0000
vn -0.9808 0.0000 0.1951
vn 0.9808 0.0000 -0.1951
vn 0.0000 1.0000 0.0000
vn -0.0000 -1.0000 0.0000
vn -0.8315 0.0000 0.5556
vn 0.8315 0.0000 -0.5556
vn 0.0000 1.0000 0.0000
vn -0.0000 -1.0000 0.0000
vn -0.5556 0.0000 0.8315
vn 0.5556 0.0000 -0.8315
vn 0.0000 1.0000 -0.0000
vn 0.0000 -1.0000 0.0000
vn -0.1951 0.0000 0.9808
vn 0.1951 0.0000 -0.9808
vn 0.0000 1.0000 -0.0000
vn 0.0000 -1.0000 0.0000
vn 0.1951 0.0000 0.9808
vn -0.1951 0.0000 -0.9808
vn 0.0000 1.0000 0.0000
vn 0.0000 -1.0000 0.0000
vn 0.5556 0.0000 0.8315
vn -0.5556 0.0000 -0.8315
vn 0.0000 1.0000 0.0000
vn 0.0000 -1.0000 0.0000
vn 0.8315 0.0000 0.5556
vn -0.8315 0.0000 -0.5556
vn -0.0000 1.0000 0.0000
vn 0.0000 -1.0000 0.0000
vn 0.9808 0.0000 0.1951
vn -0.9808 0.0000 -0.1951
vn -0.0000 1.0000 0.0000
vn 0.0000 -1.0000 0.0000
vn 0.9808 0.0000 -0.1951
vn -0.9808 0.0000 0.1951
vn -0.0000 1.0000 0.0000
vn 0.0000 -1.0000 0.0000
vn 0.8315 0.0000 -0.5556
vn -0.8315 0.0000 0.5556
vn 0.0000 1.0000 0.0000
vn 0.0000 -1.0000 0.0000
vn 0.5556 0.0000 -0.8315
vn -0.5556 0.0000 0.8315
vn 0.0000 1.0000 0.0000
vn 0.0000 -1.0000 0.0000
vn 0.1951 0.0000 -0.9808
vn -0.1951 0.0000 0.9808
vn 0.0000 1.0000 0.0000
vn 0.0000 -1.0000 0.0000
vn -0.1951 0.0000 -0.9808
vn 0.1951 0.0000 0.9808
vn 0.0000 1.0000 0.0000
vn 0.0000 -1.0000 -0.0000
vn -0.5556 0.0000 -0.8315
vn 0.5556 0.0000 0.8315
vn 0.0000 1.0000 0.0000
vn 0.0000 -1.0000 -0.0000
vn -0.8315 0.0000 -0.5556
vn 0.8315 0.0000 0.5556
vn 0.0000 1.0000 0.0000
vn 0.0000 -1.0000 0.0000
vn -0.9808 0.0000 -0.1951
vn 0.9808 0.0000 0.1951
vn 0.0000 1.0000 0.0000
vn -0.0000 -1.0000 0.0000
vn -0.9808 0.0000 0.1951
vn 0.9808 0.0000 -0.1951
vn 0.0000 1.0000 0.0000
vn -0.0000 -1.0000 0.0000
vn -0.8315 0.0000 0.5556
vn 0.8315 0.0000 -0.5556
vn 0.0000 1.0000 0.0000
vn -0.0000 -1.0000 0.0000
vn -0.5556 0.0000 0.8315
vn 0.5556 0.0000 -0.8315
vn 0.0000 1.0000 -0.0000
vn 0.0000 -1.0000 0.0000
vn -0.1951 0.0000 0.9808
vn 0.1951 0.0000 -0.9808
vn 0.0000 1.0000 -0.0000
vn 0.0000 -1.0000 0.0000
vn 0.1951 0.0000 0.9808
vn -0.1951 0.0000 -0.9808
vn 0.0000 1.0000 0.0000
vn 0.0000 -1.0000 0.0000
vn 0.5556 0.0000 0.8315
vn -0.5556 0.0000 -0.8315
vn 0.0000 1.0000 0.0000
vn 0.0000 -1.0000 0.0000
vn 0.8315 0.0000 0.5556
vn -0.8315 0.0000 -0.5556
vn -0.0000 1.0000 0.0000
vn 0.0000 -1.0000 0.0000
vn 0.9808 0.0000 0.1951
vn -0.9808 0.0000 -0.1951
vn -0.0000 1.0000 0.0000
vn 0.0000 -1.0000 0.0000
vn 0.0000 -1.0000 0.0000
vn -0.0000 1.0000 0.0000
vn 0.0000 0.0000 1.0000
vn 0.0000 0.0000 -1.0000
vn -1.0000 0.0000 0.0000
vn 1.0000 0.0000 0.0000
vn 0.0000 -1.0000 -0.0000
vn 0.0000 1.0000 0.0000
vn 0.1305 0.0000 0.9914
vn -0.1305 0.0000 -0.9914
vn -0.9914 0.0000 0.1305
vn 0.9914 0.0000 -0.1305
vn 0.0000 -1.0000 -0.0000
vn 0.0000 1.0000 0.0000
vn 0.2588 0.0000 0.9659
vn -0.2588 0.0000 -0.9659
vn -0.9659 0.0000 0.2588
vn 0.9659 0.0000 -0.2588
vn 0.0000 -1.0000 -0.0000
vn 0.0000 1.0000 0.0000
vn 0.3827 0.0000 0.9239
vn -0.3827 0.0000 -0.9239
vn -0.9239 0.0000 0.3827
vn 0.9239 0.0000 -0.3827
vn 0.0000 -1.0000 -0.0000
vn 0.0000 1.0000 0.0000
vn 0.5000 0.0000 0.8660
vn -0.5000 0.0000 -0.8660
vn -0.8660 0.0000 0.5000
vn 0.8660 0.0000 -0.5000
vn 0.0000 -1.0000 0.0000
vn -0.0000 1.0000 0.0000
vn 0.0000 0.0000 1.0000
vn 0.0000 0.0000 -1.0000
vn -1.0000 0.0000 0.0000
vn 1.0000 0.0000 0.0000
vn 0.0000 -1.0000 -0.0000
vn 0.0000 1.0000 0.0000
vn 0.1305 0.0000 0.9914
vn -0.1305 0.0000 -0.9914
vn -0.9914 0.0000 0.1305
vn 0.9914 0.0000 -0.1305
vn 0.0000 -1.0000 -0.0000
vn 0.0000 1.0000 0.0000
vn 0.2588 0.0000 0.9659
vn -0.2588 0.0000 -0.9659
vn -0.9659 0.0000 0.2588
vn 0.9659 0.0000 -0.2588
vn 0.0000 -1.0000 -0.0000
vn 0.0000 1.0000 0.0000
vn 0.3827 0.0000 0.9239
vn -0.3827 0.0000 -0.9239
vn -0.9239 0.0000 0.3827
vn 0.9239 0.0000 -0.3827
vn 0.0000 -1.0000 -0.0000
vn 0.0000 1.0000 0.0000
vn 0.5000 0.0000 0.8660
vn -0.5000 0.0000 -0.8660
vn -0.8660 0.0000 0.5000
vn 0.8660 0.0000 -0.5000
vn 0.0000 -1.0000 -0.0000
vn 0.0000 1.0000 0.0000
vn 0.5406 0.0000 0.8413
vn -0.5406 0.0000 -0.8413
vn -0.8413 0.0000 0.5406
vn 0.8413 0.0000 -0.5406
vn 0.0000 -1.0000 -0.0000
vn 0.0000 1.0000 0.0000
vn 0.6458 0.0000 0.7635
vn -0.6458 0.0000 -0.7635
vn -0.7635 0.0000 0.6458
vn 0.7635 0.0000 -0.6458
vn 0.0000 -1.0000 -0.0000
vn 0.0000 1.0000 0.0000
vn 0.7400 0.0000 0.6727
vn -0.7400 0.0000 -0.6727
vn -0.6727 0.0000 0.7400
vn 0.6727 0.0000 -0.7400
vn 0.0000 -1.0000 0.0000
vn 0.0000 1.0000 0.0000
vn 0.8214 0.0000 0.5703
vn -0.8214 0.0000 -0.5703
vn -0.5703 0.0000 0.8214
vn 0.5703 0.0000 -0.8214
vn 0.0000 -1.0000 0.0000
vn 0.0000 1.0000 0.0000
vn 0.8888 0.0000 0.4582
vn -0.8888 0.0000 -0.4582
vn -0.4582 0.0000 0.8888
vn 0.4582 0.0000 -0.8888
vn 0.0000 -1.0000 -0.0000
vn 0.0000 1.0000 0.0000
vn 0.5406 0.0000 0.8413
vn -0.5406 0.0000 -0.8413
vn -0.8413 0.0000 0.5406
vn 0.8413 0.0000 -0.5406
vn 0.0000 -1.0000 -0.0000
vn 0.0000 1.0000 0.0000
vn 0.6458 0.0000 0.7635
vn -0.6458 0.0000 -0.7635
vn -0.7635 0.0000 0.6458
vn 0.7635 0.0000 -0.6458
vn 0.0000 -1.0000 -0.0000
vn 0.0000 1.0000 0.0000
vn 0.7400 0.0000 0.6727
vn -0.7400 0.0000 -0.6727
vn -0.6727 0.0000 0.7400
vn 0.6727 0.0000 -0.7400
vn 0.0000 -1.0000 0.0000
vn 0.0000 1.0000 0.0000
vn 0.8214 0.0000 0.5703
vn -0.8214 0.0000 -0.5703
vn -0.5703 0.0000 0.8214
vn 0.5703 0.0000 -0.8214
vn 0.0000 -1.0000 0.0000
vn 0.0000 1.0000 0.0000
vn 0.8888 0.0000 0.4582
vn -0.8888 0.0000 -0.4582
vn -0.4582 0.0000 0.8888
vn 0.4582 0.0000 -0.8888
vn 0.0000 -1.0000 0.0000
vn 0.0000 1.0000 0.0000
vn 0.9096 0.0000 0.4154
vn -0.9096 0.0000 -0.4154
vn -0.4154 0.0000 0.9096
vn 0.4154 0.0000 -0.9096
vn 0.0000 -1.0000 0.0000
vn 0.0000 1.0000 0.0000
vn 0.9561 0.0000 0.2931
vn -0.9561 0.0000 -0.2931
vn -0.2931 0.0000 0.9561
vn 0.2931 0.0000 -0.9561
vn 0.0000 -1.0000 0.0000
vn 0.0000 1.0000 0.0000
vn 0.9862 0.0000 0.1658
vn -0.9862 0.0000 -0.1658
vn -0.1658 0.0000 0.9862
vn 0.1658 0.0000 -0.9862
vn 0.0000 -1.0000 0.0000
vn 0.0000 1.0000 0.0000
vn 0.9994 0.0000 0.0357
vn -0.9994 0.0000 -0.0357
vn -0.0357 0.0000 0.9994
vn 0.0357 0.0000 -0.9994
vn -0.0000 -1.0000 0.0000
vn 0.0000 1.0000 0.0000
vn 0.9955 0.0000 -0.0951
vn -0.9955 0.0000 0.0951
vn 0.0951 -0.0000 0.9955
vn -0.0951 0.0000 -0.9955
vn 0.0000 -1.0000 0.0000
vn 0.0000 1.0000 0.0000
vn 0.9096 0.0000 0.4154
vn -0.9096 0.0000 -0.4154
vn -0.4154 0.0000 0.9096
vn 0.4154 0.0000 -0.9096
vn 0.0000 -1.0000 0.0000
vn 0.0000 1.0000 0.0000
vn 0.9561 0.0000 0.2931
vn -0.9561 0.0000 -0.2931
vn -0.2931 0.0000 0.9561
vn 0.2931 0.0000 -0.9561
vn 0.0000 -1.0000 0.0000
vn 0.0000 1.0000 0.0000
vn 0.9862 0.0000 0.1658
vn -0.9862 0.0000 -0.1658
vn -0.1658 0.0000 0.9862
vn 0.1658 0.0000 -0.9862
vn 0.0000 -1.0000 0.0000
vn 0.0000 1.0000 0.0000
vn 0.9994 0.0000 0.0357
vn -0.9994 0.0000 -0.0357
vn -0.0357 0.0000 0.9994
vn 0.0357 0.0000 -0.9994
vn -0.0000 -1.0000 0.0000
vn 0.0000 1.0000 0.0000
vn 0.9955 0.0000 -0.0951
vn -0.9955 0.0000 0.0951
vn 0.0951 -0.0000 0.9955
vn -0.0951 0.0000 -0.9955
vn -0.0000 -1.0000 0.0000
vn 0.0000 1.0000 0.0000
vn 0.9898 0.0000 -0.1423
vn -0.9898 0.0000 0.1423
vn 0.1423 -0.0000 0.9898
vn -0.1423 0.0000 -0.9898
vn -0.0000 -1.0000 0.0000
vn 0.0000 1.0000 0.0000
vn 0.9628 0.0000 -0.2703
vn -0.9628 0.0000 0.2703
vn 0.2703 -0.0000 0.9628
vn -0.2703 0.0000 -0.9628
vn -0.0000 -1.0000 0.0000
vn 0.0000 1.0000 0.0000
vn 0.9193 0.0000 -0.3937
vn -0.9193 0.0000 0.3937
vn 0.3937 -0.0000 0.9193
vn -0.3937 0.0000 -0.9193
vn -0.0000 -1.0000 0.0000
vn 0.0000 1.0000 0.0000
vn 0.8600 0.0000 -0.5103
vn -0.8600 0.0000 0.5103
vn 0.5103 -0.0000 0.8600
vn -0.5103 0.0000 -0.8600
vn -0.0000 -1.0000 0.0000
vn 0.0000 1.0000 0.0000
vn 0.7861 0.0000 -0.6182
vn -0.7861 0.0000 0.6182
vn 0.6182 -0.0000 0.7861
vn -0.6182 0.0000 -0.7861
vn -0.0000 -1.0000 0.0000
vn 0.0000 1.0000 0.0000
vn 0.9898 0.0000 -0.1423
vn -0.9898 0.0000 0.1423
vn 0.1423 -0.0000 0.9898
vn -0.1423 0.0000 -0.9898
vn -0.0000 -1.0000 0.0000
vn 0.0000 1.0000 0.0000
vn 0.9628 0.0000 -0.2703
vn -0.9628 0.0000 0.2703
vn 0.2703 -0.0000 0.9628
vn -0.2703 0.0000 -0.9628
vn -0.0000 -1.0000 0.0000
vn 0.0000 1.0000 0.0000
vn 0.9193 0.0000 -0.3937
vn -0.9193 0.0000 0.3937
vn 0.3937 -0.0000 0.9193
vn -0.3937 0.0000 -0.9193
vn -0.0000 -1.0000 0.0000
vn 0.0000 1.0000 0.0000
vn 0.8600 0.0000 -0.5103
vn -0.8600 0.0000 0.5103
vn 0.5103 -0.0000 0.8600
vn -0.5103 0.0000 -0.8600
vn -0.0000 -1.0000 0.0000
vn 0.0000 1.0000 0.0000
vn 0.7861 0.0000 -0.6182
vn -0.7861 0.0000 0.6182
vn 0.6182 -0.0000 0.7861
vn -0.6182 0.0000 -0.7861
vn -0.0000 -1.0000 0.0000
vn 0.0000 1.0000 0.0000
vn 0.7557 0.0000 -0.6549
vn -0.7557 0.0000 0.6549
vn 0.6549 -0.0000 0.7557
vn -0.6549 0.0000 -0.7557
vn -0.0000 -1.0000 0.0000
vn 0.0000 1.0000 0.0000
vn 0.6638 0.0000 -0.7479
vn -0.6638 0.0000 0.7479
vn 0.7479 -0.0000 0.6638
vn -0.7479 0.0000 -0.6638
vn 0.0000 -1.0000 0.0000
vn 0.0000 1.0000 0.0000
vn 0.5605 0.0000 -0.8281
vn -0.5605 0.0000 0.8281
vn 0.8281 -0.0000 0.5605
vn -0.8281 0.0000 -0.5605
vn 0.0000 -1.0000 0.0000
vn 0.0000 1.0000 0.0000
vn 0.4476 0.0000 -0.8942
vn -0.4476 0.0000 0.8942
vn 0.8942 -0.0000 0.4476
vn -0.8942 0.0000 -0.4476
vn 0.0000 -1.0000 0.0000
vn 0.0000 1.0000 0.0000
vn 0.3271 0.0000 -0.9450
vn -0.3271 0.0000 0.9450
vn 0.9450 -0.0000 0.3271
vn -0.9450 0.0000 -0.3271
vn -0.0000 -1.0000 0.0000
vn 0.0000 1.0000 0.0000
vn 0.7557 0.0000 -0.6549
vn -0.7557 0.0000 0.6549
vn 0.6549 -0.0000 0.7557
vn -0.6549 0.0000 -0.7557
vn -0.0000 -1.0000 0.0000
vn 0.0000 1.0000 0.0000
vn 0.6638 0.0000 -0.7479
vn -0.6638 0.0000 0.7479
vn 0.7479 -0.0000 0.6638
vn -0.7479 0.0000 -0.6638
vn 0.0000 -1.0000 0.0000
vn 0.0000 1.0000 0.0000
vn 0.5605 0.0000 -0.8281
vn -0.5605 0.0000 0.8281
vn 0.8281 -0.0000 0.5605
vn -0.8281 0.0000 -0.5605
vn 0.0000 -1.0000 0.0000
vn 0.0000 1.0000 0.0000
vn 0.4476 0.0000 -0.8942
vn -0.4476 0.0000 0.8942
vn 0.8942 -0.0000 0.4476
vn -0.8942 0.0000 -0.4476
vn 0.0000 -1.0000 0.0000
vn 0.0000 1.0000 0.0000
vn 0.3271 0.0000 -0.9450
vn -0.3271 0.0000 0.9450
vn 0.9450 -0.0000 0.3271
vn -0.9450 0.0000 -0.3271
vn 0.0000 -1.0000 0.0000
vn 0.0000 1.0000 0.0000
vn 0.2817 0.0000 -0.9595
vn -0.2817 0.0000 0.9595
vn 0.9595 -0.0000 0.2817
vn -0.9595 0.0000 -0.2817
vn 0.0000 -1.0000 0.0000
vn 0.0000 1.0000 0.0000
vn 0.1541 0.0000 -0.9881
vn -0.1541 0.0000 0.9881
vn 0.9881 -0.0000 0.1541
vn -0.9881 0.0000 -0.1541
vn 0.0000 -1.0000 0.0000
vn 0.0000 1.0000 0.0000
vn 0.0238 0.0000 -0.9997
vn -0.0238 0.0000 0.9997
vn 0.9997 -0.0000 0.0238
vn -0.9997 0.0000 -0.0238
vn 0.0000 -1.0000 0.0000
vn 0.0000 1.0000 0.0000
vn -0.1069 0.0000 -0.9943
vn 0.1069 -0.0000 0.9943
vn 0.9943 0.0000 -0.1069
vn -0.9943 0.0000 0.1069
vn 0.0000 -1.0000 0.0000
vn 0.0000 1.0000 0.0000
vn -0.2358 0.0000 -0.9718
vn 0.2358 -0.0000 0.9718
vn 0.9718 0.0000 -0.2358
vn -0.9718 0.0000 0.2358
vn 0.0000 -1.0000 0.0000
vn 0.0000 1.0000 0.0000
vn 0.2817 0.0000 -0.9595
vn -0.2817 0.0000 0.9595
vn 0.9595 -0.0000 0.2817
vn -0.9595 0.0000 -0.2817
vn 0.0000 -1.0000 0.0000
vn 0.0000 1.0000 0.0000
vn 0.1541 0.0000 -0.9881
vn -0.1541 0.0000 0.9881
vn 0.9881 -0.0000 0.1541
vn -0.9881 0.0000 -0.1541
vn 0.0000 -1.0000 0.0000
vn 0.0000 1.0000 0.0000
vn 0.0238 0.0000 -0.9997
vn -0.0238 0.0000 0.9997
vn 0.9997 -0.0000 0.0238
vn -0.9997 0.0000 -0.0238
vn 0.0000 -1.0000 0.0000
vn 0.0000 1.0000 0.0000
vn -0.1069 0.0000 -0.9943
vn 0.1069 -0.0000 0.9943
vn 0.9943 0.0000 -0.1069
vn -0.9943 0.0000 0.1069
vn 0.0000 -1.0000 0.0000
vn 0.0000 1.0000 0.0000
vn -0.2358 0.0000 -0.9718
vn 0.2358 -0.0000 0.9718
vn 0.9718 0.0000 -0.2358
vn -0.9718 0.0000 0.2358
vn 0.0000 -1.0000 0.0000
vn 0.0000 1.0000 0.0000
vn -0.2817 0.0000 -0.9595
vn 0.2817 -0.0000 0.9595
vn 0.9595 0.0000 -0.2817
vn -0.9595 0.0000 0.2817
vn 0.0000 -1.0000 0.0000
vn 0.0000 1.0000 0.0000
vn -0.4046 0.0000 -0.9145
vn 0.4046 -0.0000 0.9145
vn 0.9145 0.0000 -0.4046
vn -0.9145 0.0000 0.4046
vn 0.0000 -1.0000 0.0000
vn 0.0000 1.0000 0.0000
vn -0.5205 0.0000 -0.8539
vn 0.5205 -0.0000 0.8539
vn 0.8539 0.0000 -0.5205
vn -0.8539 0.0000 0.5205
vn 0.0000 -1.0000 0.0000
vn 0.0000 1.0000 0.0000
vn -0.6275 0.0000 -0.7786
vn 0.6275 -0.0000 0.7786
vn 0.7786 0.0000 -0.6275
vn -0.7786 0.0000 0.6275
vn 0.0000 -1.0000 0.0000
vn 0.0000 1.0000 -0.0000
vn -0.7237 0.0000 -0.6901
vn 0.7237 -0.0000 0.6901
vn 0.6901 0.0000 -0.7237
vn -0.6901 0.0000 0.7237
vn 0.0000 -1.0000 0.0000
vn 0.0000 1.0000 0.0000
vn -0.2817 0.0000 -0.9595
vn 0.2817 -0.0000 0.9595
vn 0.9595 0.0000 -0.2817
vn -0.9595 0.0000 0.2817
vn 0.0000 -1.0000 0.0000
vn 0.0000 1.0000 0.0000
vn -0.4046 0.0000 -0.9145
vn 0.4046 -0.0000 0.9145
vn 0.9145 0.0000 -0.4046
vn -0.9145 0.0000 0.4046
vn 0.0000 -1.0000 0.0000
vn 0.0000 1.0000 0.0000
vn -0.5205 0.0000 -0.8539
vn 0.5205 -0.0000 0.8539
vn 0.8539 0.0000 -0.5205
vn -0.8539 0.0000 0.5205
vn 0.0000 -1.0000 0.0000
vn 0.0000 1.0000 0.0000
vn -0.6275 0.0000 -0.7786
vn 0.6275 -0.0000 0.7786
vn 0.7786 0.0000 -0.6275
vn -0.7786 0.0000 0.6275
vn 0.0000 -1.0000 0.0000
vn 0.0000 1.0000 -0.0000
vn -0.7237 0.0000 -0.6901
vn 0.7237 -0.0000 0.6901
vn 0.6901 0.0000 -0.7237
vn -0.6901 0.0000 0.7237
vn 0.0000 -1.0000 0.0000
vn 0.0000 1.0000 0.0000
vn -0.7557 0.0000 -0.6549
vn 0.7557 -0.0000 0.6549
vn 0.6549 0.0000 -0.7557
vn -0.6549 0.0000 0.7557
vn 0.0000 -1.0000 0.0000
vn 0.0000 1.0000 -0.0000
vn -0.8348 0.0000 -0.5506
vn 0.8348 -0.0000 0.5506
vn 0.5506 0.0000 -0.8348
vn -0.5506 0.0000 0.8348
vn 0.0000 -1.0000 0.0000
vn 0.0000 1.0000 -0.0000
vn -0.8995 0.0000 -0.4369
vn 0.8995 -0.0000 0.4369
vn 0.4369 0.0000 -0.8995
vn -0.4369 0.0000 0.8995
vn 0.0000 -1.0000 0.0000
vn 0.0000 1.0000 -0.0000
vn -0.9488 0.0000 -0.3158
vn 0.9488 -0.0000 0.3158
vn 0.3158 0.0000 -0.9488
vn -0.3158 0.0000 0.9488
vn 0.0000 -1.0000 0.0000
vn 0.0000 1.0000 -0.0000
vn -0.9819 0.0000 -0.1893
vn 0.9819 -0.0000 0.1893
vn 0.1893 0.0000 -0.9819
vn -0.1893 0.0000 0.9819
vn 0.0000 -1.0000 0.0000
vn 0.0000 1.0000 0.0000
vn -0.7557 0.0000 -0.6549
vn 0.7557 -0.0000 0.6549
vn 0.6549 0.0000 -0.7557
vn -0.6549 0.0000 0.7557
vn 0.0000 -1.0000 0.0000
vn 0.0000 1.0000 -0.0000
vn -0.8348 0.0000 -0.5506
vn 0.8348 -0.0000 0.5506
vn 0.5506 0.0000 -0.8348
vn -0.5506 0.0000 0.8348
vn 0.0000 -1.0000 0.0000
vn 0.0000 1.0000 -0.0000
vn -0.8995 0.0000 -0.4369
vn 0.8995 -0.0000 0.4369
vn 0.4369 0.0000 -0.8995
vn -0.4369 0.0000 0.8995
vn 0.0000 -1.0000 0.0000
vn 0.0000 1.0000 -0.0000
vn -0.9488 0.0000 -0.3158
vn 0.9488 -0.0000 0.3158
vn 0.3158 0.0000 -0.9488
vn -0.3158 0.0000 0.9488
vn 0.0000 -1.0000 0.0000
vn 0.0000 1.0000 -0.0000
vn -0.9819 0.0000 -0.1893
vn 0.9819 -0.0000 0.1893
vn 0.1893 0.0000 -0.9819
vn -0.1893 0.0000 0.9819
vn 0.0000 -1.0000 0.0000
vn 0.0000 1.0000 -0.0000
vn -0.9898 0.0000 -0.1423
vn 0.9898 -0.0000 0.1423
vn 0.1423 0.0000 -0.9898
vn -0.1423 0.0000 0.9898
vn 0.0000 -1.0000 0.0000
vn 0.0000 1.0000 -0.0000
vn -0.9999 0.0000 -0.0119
vn 0.9999 -0.0000 0.0119
vn 0.0119 0.0000 -0.9999
vn -0.0119 0.0000 0.9999
vn 0.0000 -1.0000 0.0000
vn 0.0000 1.0000 0.0000
vn -0.9929 0.0000 0.1187
vn 0.9929 0.0000 -0.1187
vn -0.1187 0.0000 -0.9929
vn 0.1187 0.0000 0.9929
vn 0.0000 -1.0000 0.0000
vn 0.0000 1.0000 0.0000
vn -0.9689 0.0000 0.2473
vn 0.9689 0.0000 -0.2473
vn -0.2473 0.0000 -0.9689
vn 0.2473 0.0000 0.9689
vn 0.0000 -1.0000 0.0000
vn 0.0000 1.0000 0.0000
vn -0.9284 0.0000 0.3717
vn 0.9284 0.0000 -0.3717
vn -0.3717 0.0000 -0.9284
vn 0.3717 0.0000 0.9284
vn 0.0000 -1.0000 0.0000
vn 0.0000 1.0000 -0.0000
vn -0.9898 0.0000 -0.1423
vn 0.9898 -0.0000 0.1423
vn 0.1423 0.0000 -0.9898
vn -0.1423 0.0000 0.9898
vn 0.0000 -1.0000 0.0000
vn 0.0000 1.0000 -0.0000
vn -0.9999 0.0000 -0.0119
vn 0.9999 -0.0000 0.0119
vn 0.0119 0.0000 -0.9999
vn -0.0119 0.0000 0.9999
vn 0.0000 -1.0000 0.0000
vn 0.0000 1.0000 0.0000
vn -0.9929 0.0000 0.1187
vn 0.9929 0.0000 -0.1187
vn -0.1187 0.0000 -0.9929
vn 0.1187 0.0000 0.9929
vn 0.0000 -1.0000 0.0000
vn 0.0000 1.0000 0.0000
vn -0.9689 0.0000 0.2473
vn 0.9689 0.0000 -0.2473
vn -0.2473 0.0000 -0.9689
vn 0.2473 0.0000 0.9689
vn 0.0000 -1.0000 0.0000
vn 0.0000 1.0000 0.0000
vn -0.9284 0.0000 0.3717
vn 0.9284 0.0000 -0.3717
vn -0.3717 0.0000 -0.9284
vn 0.3717 0.0000 0.9284
vn 0.0000 -1.0000 0.0000
vn 0.0000 1.0000 0.0000
vn -0.9096 0.0000 0.4154
vn 0.9096 0.0000 -0.4154
vn -0.4154 0.0000 -0.9096
vn 0.4154 0.0000 0.9096
vn 0.0000 -1.0000 0.0000
vn 0.0000 1.0000 0.0000
vn -0.8476 0.0000 0.5306
vn 0.8476 0.0000 -0.5306
vn -0.5306 0.0000 -0.8476
vn 0.5306 0.0000 0.8476
vn 0.0000 -1.0000 0.0000
vn 0.0000 1.0000 0.0000
vn -0.7711 0.0000 0.6367
vn 0.7711 0.0000 -0.6367
vn -0.6367 0.0000 -0.7711
vn 0.6367 0.0000 0.7711
vn 0.0000 -1.0000 0.0000
vn -0.0000 1.0000 0.0000
vn -0.6814 0.0000 0.7319
vn 0.6814 0.0000 -0.7319
vn -0.7319 0.0000 -0.6814
vn 0.7319 0.0000 0.6814
vn 0.0000 -1.0000 0.0000
vn -0.0000 1.0000 0.0000
vn -0.5801 0.0000 0.8146
vn 0.5801 0.0000 -0.8146
vn -0.8146 0.0000 -0.5801
vn 0.8146 0.0000 0.5801
vn 0.0000 -1.0000 0.0000
vn 0.0000 1.0000 0.0000
vn -0.9096 0.0000 0.4154
vn 0.9096 0.0000 -0.4154
vn -0.4154 0.0000 -0.9096
vn 0.4154 0.0000 0.9096
vn 0.0000 -1.0000 0.0000
vn 0.0000 1.0000 0.0000
vn -0.8476 0.0000 0.5306
vn 0.8476 0.0000 -0.5306
vn -0.5306 0.0000 -0.8476
vn 0.5306 0.0000 0.8476
vn 0.0000 -1.0000 0.0000
vn 0.0000 1.0000 0.0000
vn -0.7711 0.0000 0.6367
vn 0.7711 0.0000 -0.6367
vn -0.6367 0.0000 -0.7711
vn 0.6367 0.0000 0.7711
vn 0.0000 -1.0000 0.0000
vn -0.0000 1.0000 0.0000
vn -0.6814 0.0000 0.7319
vn 0.6814 0.0000 -0.7319
vn -0.7319 0.0000 -0.6814
vn 0.7319 0.0000 0.6814
vn 0.0000 -1.0000 0.0000
vn -0.0000 1.0000 0.0000
vn -0.5801 0.0000 0.8146
vn 0.5801 0.0000 -0.8146
vn -0.8146 0.0000 -0.5801
vn 0.8146 0.0000 0.5801
vn 0.0000 -1.0000 0.0000
vn -0.0000 1.0000 0.0000
vn -0.5406 0.0000 0.8413
vn 0.5406 0.0000 -0.8413
vn -0.8413 0.0000 -0.5406
vn 0.8413 0.0000 0.5406
vn 0.0000 -1.0000 0.0000
vn -0.0000 1.0000 0.0000
vn -0.4262 0.0000 0.9046
vn 0.4262 0.0000 -0.9046
vn -0.9046 0.0000 -0.4262
vn 0.9046 0.0000 0.4262
vn 0.0000 -1.0000 0.0000
vn -0.0000 1.0000 0.0000
vn -0.3045 0.0000 0.9525
vn 0.3045 0.0000 -0.9525
vn -0.9525 0.0000 -0.3045
vn 0.9525 0.0000 0.3045
vn 0.0000 -1.0000 0.0000
vn -0.0000 1.0000 0.0000
vn -0.1776 0.0000 0.9841
vn 0.1776 0.0000 -0.9841
vn -0.9841 0.0000 -0.1776
vn 0.9841 0.0000 0.1776
vn 0.0000 -1.0000 0.0000
vn -0.0000 1.0000 0.0000
vn -0.0476 0.0000 0.9989
vn 0.0476 0.0000 -0.9989
vn -0.9989 0.0000 -0.0476
vn 0.9989 0.0000 0.0476
vn 0.0000 -1.0000 0.0000
vn -0.0000 1.0000 0.0000
vn -0.5406 0.0000 0.8413
vn 0.5406 0.0000 -0.8413
vn -0.8413 0.0000 -0.5406
vn 0.8413 0.0000 0.5406
vn 0.0000 -1.0000 0.0000
vn -0.0000 1.0000 0.0000
vn -0.4262 0.0000 0.9046
vn 0.4262 0.0000 -0.9046
vn -0.9046 0.0000 -0.4262
vn 0.9046 0.0000 0.4262
vn 0.0000 -1.0000 0.0000
vn -0.0000 1.0000 0.0000
vn -0.3045 0.0000 0.9525
vn 0.3045 0.0000 -0.9525
vn -0.9525 0.0000 -0.3045
vn 0.9525 0.0000 0.3045
vn 0.0000 -1.0000 0.0000
vn -0.0000 1.0000 0.0000
vn -0.1776 0.0000 0.9841
vn 0.1776 0.0000 -0.9841
vn -0.9841 0.0000 -0.1776
vn 0.9841 0.0000 0.1776
vn 0.0000 -1.0000 0.0000
vn -0.0000 1.0000 0.0000
vn -0.0476 0.0000 0.9989
vn 0.0476 0.0000 -0.9989
vn -0.9989 0.0000 -0.0476
vn 0.9989 0.0000 0.0476
vn 0.9808 0.0000 -0.1951
vn -0.9808 0.0000 0.1951
vn -0.0000 1.0000 0.0000
vn 0.0000 -1.0000 0.0000
vn 0.8315 0.0000 -0.5556
vn -0.8315 0.0000 0.5556
vn 0.0000 1.0000 0.0000
vn 0.0000 -1.0000 0.0000
vn 0.5556 0.0000 -0.8315
vn -0.5556 0.0000 0.8315
vn 0.0000 1.0000 0.0000
vn 0.0000 -1.0000 0.0000
vn 0.1951 0.0000 -0.9808
vn -0.1951 0.0000 0.9808
vn 0.0000 1.0000 0.0000
vn 0.0000 -1.0000 0.0000
vn -0.1951 0.0000 -0.9808
vn 0.1951 0.0000 0.9808
vn 0.0000 1.0000 0.0000
vn 0.0000 -1.0000 -0.0000
vn -0.5556 0.0000 -0.8315
vn 0.5556 0.0000 0.8315
vn 0.0000 1.0000 0.0000
vn 0.0000 -1.0000 -0.0000
vn -0.8315 0.0000 -0.5556
vn 0.8315 0.0000 0.5556
vn 0.0000 1.0000 0.0000
vn 0.0000 -1.0000 -0.0000
vn -0.9808 0.0000 -0.1951
vn 0.9808 0.0000 0.1951
vn 0.0000 1.0000 0.0000
vn -0.0000 -1.0000 -0.0000
vn -0.9808 0.0000 0.1951
vn 0.9808 0.0000 -0.1951
vn 0.0000 1.0000 -0.0000
vn -0.0000 -1.0000 0.0000
vn -0.8315 0.0000 0.5556
vn 0.8315 0.0000 -0.5556
vn 0.0000 1.0000 -0.0000
vn -0.0000 -1.0000 0.0000
vn -0.5556 0.0000 0.8315
vn 0.5556 0.0000 -0.8315
vn 0.0000 1.0000 -0.0000
vn -0.0000 -1.0000 0.0000
vn -0.1951 0.0000 0.9808
vn 0.1951 0.0000 -0.9808
vn 0.0000 1.0000 -0.0000
vn -0.0000 -1.0000 0.0000
vn 0.1951 0.0000 0.9808
vn -0.1951 0.0000 -0.9808
vn -0.0000 1.0000 0.0000
vn 0.0000 -1.0000 0.0000
vn 0.5556 0.0000 0.8315
vn -0.5556 0.0000 -0.8315
vn -0.0000 1.0000 0.0000
vn 0.0000 -1.0000 0.0000
vn 0.8315 0.0000 0.5556
vn -0.8315 0.0000 -0.5556
vn -0.0000 1.0000 0.0000
vn 0.0000 -1.0000 0.0000
vn 0.9808 0.0000 0.1951
vn -0.9808 0.0000 -0.1951
vn -0.0000 1.0000 0.0000
vn 0.0000 -1.0000 0.0000
vn 0.9808 0.0000 -0.1951
vn -0.9808 0.0000 0.1951
vn -0.0000 1.0000 0.0000
vn 0.0000 -1.0000 0.0000
vn 0.8315 0.0000 -0.5556
vn -0.8315 0.0000 0.5556
vn 0.0000 1.0000 0.0000
vn 0.0000 -1.0000 0.0000
vn 0.5556 0.0000 -0.8315
vn -0.5556 0.0000 0.8315
vn 0.0000 1.0000 0.0000
vn 0.0000 -1.0000 0.0000
vn 0.1951 0.0000 -0.9808
vn -0.1951 0.0000 0.9808
vn 0.0000 1.0000 0.0000
vn 0.0000 -1.0000 0.0000
vn -0.1951 0.0000 -0.9808
vn 0.1951 0.0000 0.9808
vn 0.0000 1.0000 0.0000
vn 0.0000 -1.0000 -0.0000
vn -0.5556 0.0000 -0.8315
vn 0.5556 0.0000 0.8315
vn 0.0000 1.0000 0.0000
vn 0.0000 -1.0000 -0.0000
vn -0.8315 0.0000 -0.5556
vn 0.8315 0.0000 0.5556
vn 0.0000 1.0000 0.0000
vn 0.0000 -1.0000 -0.0000
vn -0.9808 0.0000 -0.1951
vn 0.9808 0.0000 0.1951
vn 0.0000 1.0000 0.0000
vn -0.0000 -1.0000 0.0000
vn -0.9808 0.0000 0.1951
vn 0.9808 0.0000 -0.1951
vn 0.0000 1.0000 0.0000
vn -0.0000 -1.0000 0.0000
vn -0.8315 0.0000 0.5556
vn 0.8315 0.0000 -0.5556
vn 0.0000 1.0000 -0.0000
vn -0.0000 -1.0000 0.0000
vn -0.5556 0.0000 0.8315
vn 0.5556 0.0000 -0.8315
vn 0.0000 1.0000 -0.0000
vn -0.0000 -1.0000 0.0000
vn -0.1951 0.0000 0.9808
vn 0.1951 0.0000 -0.9808
vn 0.0000 1.0000 -0.0000
vn 0.0000 -1.0000 0.0000
vn 0.1951 0.0000 0.9808
vn -0.1951 0.0000 -0.9808
vn 0.0000 1.0000 0.0000
vn 0.0000 -1.0000 0.0000
vn 0.5556 0.0000 0.8315
vn -0.5556 0.0000 -0.8315
vn -0.0000 1.0000 0.0000
vn 0.0000 -1.0000 0.0000
vn 0.8315 0.0000 0.5556
vn -0.8315 0.0000 -0.5556
vn -0.0000 1.0000 0.0000
vn 0.0000 -1.0000 0.0000
vn 0.9808 0.0000 0.1951
vn -0.9808 0.0000 -0.1951
vn -0.0000 1.0000 0.0000
vn 0.0000 -1.0000 0.0000
vn 0.9808 0.0000 -0.1951
vn -0.9808 0.0000 0.1951
vn -0.0000 1.0000 0.0000
vn 0.0000 -1.0000 0.0000
vn 0.8315 0.0000 -0.5556
vn -0.8315 0.0000 0.5556
vn 0.0000 1.0000 0.0000
vn 0.0000 -1.0000 0.0000
vn 0.5556 0.0000 -0.8315
vn -0.5556 0.0000 0.8315
vn 0.0000 1.0000 0.0000
vn 0.0000 -1.0000 0.0000
vn 0.1951 0.0000 -0.9808
vn -0.1951 0.0000 0.9808
vn 0.0000 1.0000 0.0000
vn 0.0000 -1.0000 0.0000
vn -0.1951 0.0000 -0.9808
vn 0.1951 0.0000 0.9808
vn 0.0000 1.0000 0.0000
vn 0.0000 -1.0000 -0.0000
vn -0.5556 0.0000 -0.8315
vn 0.5556 0.0000 0.8315
vn 0.0000 1.0000 0.0000
vn 0.0000 -1.0000 -0.0000
vn -0.8315 0.0000 -0.5556
vn 0.8315 0.0000 0.5556
vn 0.0000 1.0000 0.0000
vn 0.0000 -1.0000 -0.0000
vn -0.9808 0.0000 -0.1951
vn 0.9808 0.0000 0.1951
vn 0.0000 1.0000 0.0000
vn -0.0000 -1.0000 0.0000
vn -0.9808 0.0000 0.1951
vn 0.9808 0.0000 -0.1951
vn 0.0000 1.0000 0.0000
vn -0.0000 -1.0000 0.0000
vn -0.8315 0.0000 0.5556
vn 0.8315 0.0000 -0.5556
vn 0.0000 1.0000 -0.0000
vn -0.0000 -1.0000 0.0000
vn -0.5556 0.0000 0.8315
vn 0.5556 0.0000 -0.8315
vn 0.0000 1.0000 -0.0000
vn -0.0000 -1.0000 0.0000
vn -0.1951 0.0000 0.9808
vn 0.1951 0.0000 -0.9808
vn 0.0000 1.0000 -0.0000
vn 0.0000 -1.0000 0.0000
vn 0.1951 0.0000 0.9808
vn -0.1951 0.0000 -0.9808
vn 0.0000 1.0000 0.0000
vn 0.0000 -1.0000 0.0000
vn 0.5556 0.0000 0.8315
vn -0.5556 0.0000 -0.8315
vn -0.0000 1.0000 0.0000
vn 0.0000 -1.0000 0.0000
vn 0.8315 0.0000 0.5556
vn -0.8315 0.0000 -0.5556
vn -0.0000 1.0000 0.0000
vn 0.0000 -1.0000 0.0000
vn 0.9808 0.0000 0.1951
vn -0.9808 0.0000 -0.1951
vn -0.0000 1.0000 0.0000
vn 0.0000 -1.0000 0.0000
vn 0.9808 0.0000 -0.1951
vn -0.9808 0.0000 0.1951
vn -0.0000 1.0000 0.0000
vn 0.0000 -1.0000 0.0000
vn 0.8315 0.0000 -0.5556
vn -0.8315 0.0000 0.5556
vn 0.0000 1.0000 0.0000
vn 0.0000 -1.0000 0.0000
vn 0.5556 0.0000 -0.8315
vn -0.5556 0.0000 0.8315
vn 0.0000 1.0000 0.0000
vn 0.0000 -1.0000 0.0000
vn 0.1951 0.0000 -0.9808
vn -0.1951 0.0000 0.9808
vn 0.0000 1.0000 0.0000
vn 0.0000 -1.0000 0.0000
vn -0.1951 0.0000 -0.9808
vn 0.1951 0.0000 0.9808
vn 0.0000 1.0000 0.0000
vn 0.0000 -1.0000 -0.0000
vn -0.5556 0.0000 -0.8315
vn 0.5556 0.0000 0.8315
vn 0.0000 1.0000 0.0000
vn 0.0000 -1.0000 -0.0000
vn -0.8315 0.0000 -0.5556
vn 0.8315 0.0000 0.5556
vn 0.0000 1.0000 0.0000
vn 0.0000 -1.0000 -0.0000
vn -0.9808 0.0000 -0.1951
vn 0.9808 0.0000 0.1951
vn 0.0000 1.0000 0.0000
vn -0.0000 -1.0000 0.0000
vn -0.9808 0.0000 0.1951
vn 0.9808 0.0000 -0.1951
vn 0.0000 1.0000 0.0000
vn -0.0000 -1.0000 0.0000
vn -0.8315 0.0000 0.5556
vn 0.8315 0.0000 -0.5556
vn 0.0000 1.0000 -0.0000
vn -0.0000 -1.0000 0.0000
vn -0.5556 0.0000 0.8315
vn 0.5556 0.0000 -0.8315
vn 0.0000 1.0000 -0.0000
vn -0.0000 -1.0000 0.0000
vn -0.1951 0.0000 0.9808
vn 0.1951 0.0000 -0.9808
vn 0.0000 1.0000 -0.0000
vn 0.0000 -1.0000 0.0000
vn 0.1951 0.0000 0.9808
vn -0.1951 0.0000 -0.9808
vn 0.0000 1.0000 0.0000
vn 0.0000 -1.0000 0.0000
vn 0.5556 0.0000 0.8315
vn -0.5556 0.0000 -0.8315
vn -0.0000 1.0000 0.0000
vn 0.0000 -1.0000 0.0000
vn 0.8315 0.0000 0.5556
vn -0.8315 0.0000 -0.5556
vn -0.0000 1.0000 0.0000
vn 0.0000 -1.0000 0.0000
vn 0.9808 0.0000 0.1951
vn -0.9808 0.0000 -0.1951
vn -0.0000 1.0000 0.0000
vn 0.0000 -1.0000 0.0000
vn 0.9808 0.0000 -0.1951
vn -0.9808 0.0000 0.1951
vn -0.0000 1.0000 0.0000
vn 0.0000 -1.0000 0.0000
vn 0.8315 0.0000 -0.5556
vn -0.8315 0.0000 0.5556
vn 0.0000 1.0000 0.0000
vn 0.0000 -1.0000 0.0000
vn 0.5556 0.0000 -0.8315
vn -0.5556 0.0000 0.8315
vn 0.0000 1.0000 0.0000
vn 0.0000 -1.0000 0.0000
vn 0.1951 0.0000 -0.9808
vn -0.1951 0.0000 0.9808
vn 0.0000 1.0000 0.0000
vn 0.0000 -1.0000 0.0000
vn -0.1951 0.0000 -0.9808
vn 0.1951 0.0000 0.9808
vn 0.0000 1.0000 0.0000
vn 0.0000 -1.0000 -0.0000
vn -0.5556 0.0000 -0.8315
vn 0.5556 0.0000 0.8315
vn 0.0000 1.0000 0.0000
vn 0.0000 -1.0000 -0.0000
vn -0.8315 0.0000 -0.5556
vn 0.8315 0.0000 0.5556
vn 0.0000 1.0000 0.0000
vn 0.0000 -1.0000 0.0000
vn -0.9808 0.0000 -0.1951
vn 0.9808 0.0000 0.1951
vn 0.0000 1.0000 0.0000
vn -0.0000 -1.0000 0.0000
vn -0.9808 0.0000 0.1951
vn 0.9808 0.0000 -0.1951
vn 0.0000 1.0000 0.0000
vn -0.0000 -1.0000 0.0000
vn -0.8315 0.0000 0.5556
vn 0.8315 0.0000 -0.5556
vn 0.0000 1.0000 0.0000
vn -0.0000 -1.0000 0.0000
vn -0.5556 0.0000 0.8315
vn 0.5556 0.0000 -0.8315
vn 0.0000 1.0000 -0.0000
vn 0.0000 -1.0000 0.0000
vn -0.1951 0.0000 0.9808
vn 0.1951 0.0000 -0.9808
vn 0.0000 1.0000 -0.0000
vn 0.0000 -1.0000 0.0000
vn 0.1951 0.0000 0.9808
vn -0.1951 0.0000 -0.9808
vn 0.0000 1.0000 0.0000
vn 0.0000 -1.0000 0.0000
vn 0.5556 0.0000 0.8315
vn -0.5556 0.0000 -0.8315
vn 0.0000 1.0000 0.0000
vn 0.0000 -1.0000 0.0000
vn 0.8315 0.0000 0.5556
vn -0.8315 0.0000 -0.5556
vn -0.0000 1.0000 0.0000
vn 0.0000 -1.0000 0.0000
vn 0.9808 0.0000 0.1951
vn -0.9808 0.0000 -0.1951
vn -0.0000 1.0000 0.0000
vn 0.0000 -1.0000 0.0000
vn 0.9808 0.0000 -0.1951
vn -0.9808 0.0000 0.1951
vn -0.0000 1.0000 0.0000
vn 0.0000 -1.0000 0.0000
vn 0.8315 0.0000 -0.5556
vn -0.8315 0.0000 0.5556
vn 0.0000 1.0000 0.0000
vn 0.0000 -1.0000 0.0000
vn 0.5556 0.0000 -0.8315
vn -0.5556 0.0000 0.8315
vn 0.0000 1.0000 0.0000
vn 0.0000 -1.0000 0.0000
vn 0.1951 0.0000 -0.9808
vn -0.1951 0.0000 0.9808
vn 0.0000 1.0000 0.0000
vn 0.0000 -1.0000 0.0000
vn -0.1951 0.0000 -0.9808
vn 0.1951 0.0000 0.9808
vn 0.0000 1.0000 0.0000
vn 0.0000 -1.0000 -0.0000
vn -0.5556 0.0000 -0.8315
vn 0.5556 0.0000 0.8315
vn 0.0000 1.0000 0.0000
vn 0.0000 -1.0000 -0.0000
vn -0.8315 0.0000 -0.5556
vn 0.8315 0.0000 0.5556
vn 0.0000 1.0000 0.0000
vn 0.0000 -1.0000 0.0000
vn -0.9808 0.0000 -0.1951
vn 0.9808 0.0000 0.1951
vn 0.0000 1.0000 0.0000
vn -0.0000 -1.0000 0.0000
vn -0.9808 0.0000 0.1951
vn 0.9808 0.0000 -0.1951
vn 0.0000 1.0000 0.0000
vn -0.0000 -1.0000 0.0000
vn -0.8315 0.0000 0.5556
vn 0.8315 0.0000 -0.5556
vn 0.0000 1.0000 0.0000
vn -0.0000 -1.0000 0.0000
vn -0.5556 0.0000 0.8315
vn 0.5556 0.0000 -0.8315
vn 0.0000 1.0000 -0.0000
vn 0.0000 -1.0000 0.0000
vn -0.1951 0.0000 0.9808
vn 0.1951 0.0000 -0.9808
vn 0.0000 1.0000 -0.0000
vn 0.0000 -1.0000 0.0000
vn 0.1951 0.0000 0.9808
vn -0.1951 0.0000 -0.9808
vn 0.0000 1.0000 -0.0000
vn 0.0000 -1.0000 0.0000
vn 0.5556 0.0000 0.8315
vn -0.5556 0.0000 -0.8315
vn 0.0000 1.0000 0.0000
vn 0.0000 -1.0000 0.0000
vn 0.8315 0.0000 0.5556
vn -0.8315 0.0000 -0.5556
vn -0.0000 1.0000 0.0000
vn 0.0000 -1.0000 0.0000
vn 0.9808 0.0000 0.1951
vn -0.9808 0.0000 -0.1951
vn -0.0000 1.0000 0.0000
vn 0.0000 -1.0000 0.0000
vn 0.9808 0.0000 -0.1951
vn 0.8315 0.0000 -0.5556
vn 0.5556 0.0000 -0.8315
vn 0.1951 0.0000 -0.9808
vn -0.1951 0.0000 -0.9808
vn -0.5556 0.0000 -0.8315
vn -0.8315 0.0000 -0.5556
vn -0.9808 0.0000 -0.1951
vn -0.9808 0.0000 0.1951
vn -0.8315 0.0000 0.5556
vn -0.5556 0.0000 0.8315
vn -0.1951 0.0000 0.9808
vn 0.1951 0.0000 0.9808
vn 0.5556 0.0000 0.8315
vn 0.8315 0.0000 0.5556
vn 0.9808 0.0000 0.1951
vn 0.0000 1.0000 0.0000
vn 0.0000 1.0000 0.0000
vn 0.0000 1.0000 0.0000
vn 0.0000 1.0000 0.0000
vn 0.0000 1.0000 0.0000
vn 0.0000 1.0000 0.0000
vn 0.0000 1.0000 0.0000
vn 0.0000 -1.0000 0.0000
vn 0.0000 -1.0000 0.0000
vn -0.0000 -1.0000 0.0000
vn 0.0000 -1.0000 0.0000
vn 0.0000 -1.0000 0.0000
vn 0.0000 -1.0000 0.0000
vn 0.0000 -1.0000 -0.0000
vn 0.8660 0.0000 -0.5000
vn 0.0000 0.0000 -1.0000
vn -0.8660 0.0000 -0.5000
vn -0.8660 0.0000 0.5000
vn 0.0000 0.0000 1.0000
vn 0.8660 0.0000 0.5000
vn 0.0000 1.0000 0.0000
vn 0.0000 1.0000 0.0000
vn -0.0000 -1.0000 0.0000
vn 0.0000 -1.0000 -0.0000
vn 0.8660 0.0000 -0.5000
vn 0.0000 0.0000 -1.0000
vn -0.8660 0.0000 -0.5000
vn -0.8660 0.0000 0.5000
vn 0.0000 0.0000 1.0000
vn 0.8660 0.0000 0.5000
vn 0.0000 1.0000 0.0000
vn 0.0000 1.0000 0.0000
vn -0.0000 -1.0000 0.0000
vn 0.0000 -1.0000 -0.0000
vn 0.8660 0.0000 -0.5000
vn 0.0000 0.0000 -1.0000
vn -0.8660 0.0000 -0.5000
vn -0.8660 0.0000 0.5000
vn 0.0000 0.0000 1.0000
vn 0.8660 0.0000 0.5000
vn 0.0000 1.0000 0.0000
vn 0.0000 1.0000 0.0000
vn -0.0000 -1.0000 0.0000
vn 0.0000 -1.0000 -0.0000
vn 0.8660 0.0000 -0.5000
vn 0.0000 0.0000 -1.0000
vn -0.8660 0.0000 -0.5000
vn -0.8660 0.0000 0.5000
vn 0.0000 0.0000 1.0000
vn 0.8660 0.0000 0.5000
vn 0.0000 1.0000 0.0000
vn 0.0000 1.0000 0.0000
vn -0.0000 -1.0000 0.0000
vn 0.0000 -1.0000 -0.0000
vn 0.8660 0.0000 -0.5000
vn 0.0000 0.0000 -1.0000
vn -0.8660 0.0000 -0.5000
vn -0.8660 0.0000 0.5000
vn 0.0000 0.0000 1.0000
vn 0.8660 0.0000 0.5000
vn 0.0000 1.0000 0.0000
vn 0.0000 1.0000 0.0000
vn -0.0000 -1.0000 0.0000
vn 0.0000 -1.0000 -0.0000
vn 0.8660 0.0000 -0.5000
vn 0.0000 0.0000 -1.0000
vn -0.8660 0.0000 -0.5000
vn -0.8660 0.0000 0.5000
vn 0.0000 0.0000 1.0000
vn 0.8660 0.0000 0.5000
vn 0.0000 1.0000 0.0000
vn 0.0000 1.0000 0.0000
vn -0.0000 -1.0000 0.0000
vn 0.0000 -1.0000 -0.0000
vn 0.8660 0.0000 -0.5000
vn 0.0000 0.0000 -1.0000
vn -0.8660 0.0000 -0.5000
vn -0.8660 0.0000 0.5000
vn 0.0000 0.0000 1.0000
vn 0.8660 0.0000 0.5000
vn 0.0000 1.0000 0.0000
vn 0.0000 1.0000 0.0000
vn -0.0000 -1.0000 0.0000
vn 0.0000 -1.0000 -0.0000
vn 0.8660 0.0000 -0.5000
vn 0.0000 0.0000 -1.0000
vn -0.8660 0.0000 -0.5000
vn -0.8660 0.0000 0.5000
vn 0.0000 0.0000 1.0000
vn 0.8660 0.0000 0.5000
vn 0.0000 1.0000 0.0000
vn 0.0000 1.0000 0.0000
vn -0.0000 -1.0000 0.0000
vn 0.0000 -1.0000 -0.0000
vn 0.9659 0.0000 -0.2588
vn 0.7071 0.0000 -0.7071
vn 0.2588 0.0000 -0.9659
vn -0.2588 0.0000 -0.9659
vn -0.7071 0.0000 -0.7071
vn -0.9659 0.0000 -0.2588
vn -0.9659 0.0000 0.2588
vn -0.7071 0.0000 0.7071
vn -0.2588 0.0000 0.9659
vn 0.2588 0.0000 0.9659
vn 0.7071 0.0000 0.7071
vn 0.9659 0.0000 0.2588
vn 0.0000 1.0000 0.0000
vn 0.0000 1.0000 0.0000
vn 0.0000 1.0000 0.0000
vn 0.0000 1.0000 0.0000
vn 0.0000 1.0000 0.0000
vn 0.0000 -1.0000 0.0000
vn -0.0000 -1.0000 0.0000
vn 0.0000 -1.0000 0.0000
vn 0.0000 -1.0000 0.0000
vn 0.0000 -1.0000 -0.0000
vn 0.9808 0.0000 -0.1951
vn -0.9808 0.0000 0.1951
vn -0.0000 1.0000 0.0000
vn 0.0000 -1.0000 0.0000
vn 0.8315 0.0000 -0.5556
vn -0.8315 0.0000 0.5556
vn 0.0000 1.0000 0.0000
vn 0.0000 -1.0000 0.0000
vn 0.5556 0.0000 -0.8315
vn -0.5556 0.0000 0.8315
vn 0.0000 1.0000 0.0000
vn 0.0000 -1.0000 0.0000
vn 0.1951 0.0000 -0.9808
vn -0.1951 0.0000 0.9808
vn 0.0000 1.0000 0.0000
vn 0.0000 -1.0000 0.0000
vn -0.1951 0.0000 -0.9808
vn 0.1951 0.0000 0.9808
vn 0.0000 1.0000 0.0000
vn 0.0000 -1.0000 -0.0000
vn -0.5556 0.0000 -0.8315
vn 0.5556 0.0000 0.8315
vn 0.0000 1.0000 0.0000
vn 0.0000 -1.0000 0.0000
vn -0.8315 0.0000 -0.5556
vn 0.8315 0.0000 0.5556
vn 0.0000 1.0000 0.0000
vn 0.0000 -1.0000 0.0000
vn -0.9808 0.0000 -0.1951
vn 0.9808 0.0000 0.1951
vn 0.0000 1.0000 0.0000
vn -0.0000 -1.0000 0.0000
vn -0.9808 0.0000 0.1951
vn 0.9808 0.0000 -0.1951
vn 0.0000 1.0000 0.0000
vn -0.0000 -1.0000 0.0000
vn -0.8315 0.0000 0.5556
vn 0.8315 0.0000 -0.5556
vn 0.0000 1.0000 0.0000
vn 0.0000 -1.0000 0.0000
vn -0.5556 0.0000 0.8315
vn 0.5556 0.0000 -0.8315
vn 0.0000 1.0000 0.0000
vn 0.0000 -1.0000 0.0000
vn -0.1951 0.0000 0.9808
vn 0.1951 0.0000 -0.9808
vn 0.0000 1.0000 -0.0000
vn 0.0000 -1.0000 0.0000
vn 0.1951 0.0000 0.9808
vn -0.1951 0.0000 -0.9808
vn 0.0000 1.0000 -0.0000
vn 0.0000 -1.0000 0.0000
vn 0.5556 0.0000 0.8315
vn -0.5556 0.0000 -0.8315
vn 0.0000 1.0000 0.0000
vn 0.0000 -1.0000 0.0000
vn 0.8315 0.0000 0.5556
vn -0.8315 0.0000 -0.5556
vn 0.0000 1.0000 0.0000
vn 0.0000 -1.0000 0.0000
vn 0.9808 0.0000 0.1951
vn -0.9808 0.0000 -0.1951
vn -0.0000 1.0000 0.0000
vn 0.0000 -1.0000 0.0000
vn 0.9659 0.0000 -0.2588
vn 0.7071 0.0000 -0.7071
vn 0.2588 0.0000 -0.9659
vn -0.2588 0.0000 -0.9659
vn -0.7071 0.0000 -0.7071
vn -0.9659 0.0000 -0.2588
vn -0.9659 0.0000 0.2588
vn -0.7071 0.0000 0.7071
vn -0.2588 0.0000 0.9659
vn 0.2588 0.0000 0.9659
vn 0.7071 0.0000 0.7071
vn 0.9659 0.0000 0.2588
vn 0.0000 1.0000 0.0000
vn 0.0000 1.0000 0.0000
vn 0.0000 1.0000 0.0000
vn 0.0000 1.0000 0.0000
vn 0.0000 1.0000 0.0000
vn 0.0000 -1.0000 0.0000
vn 0.0000 -1.0000 0.0000
vn 0.0000 -1.0000 0.0000
vn 0.0000 -1.0000 0.0000
vn 0.0000 -1.0000 -0.0000
vn 0.8660 0.0000 -0.5000
vn 0.0000 0.0000 -1.0000
vn -0.8660 0.0000 -0.5000
vn -0.8660 0.0000 0.5000
vn 0.0000 0.0000 1.0000
vn 0.8660 0.0000 0.5000
vn 0.0000 1.0000 0.0000
vn 0.0000 1.0000 0.0000
vn -0.0000 -1.0000 0.0000
vn 0.0000 -1.0000 -0.0000
vn 0.8660 0.0000 -0.5000
vn 0.0000 0.0000 -1.0000
vn -0.8660 0.0000 -0.5000
vn -0.8660 0.0000 0.5000
vn 0.0000 0.0000 1.0000
vn 0.8660 0.0000 0.5000
vn 0.0000 1.0000 0.0000
vn 0.0000 1.0000 0.0000
vn -0.0000 -1.0000 0.0000
vn 0.0000 -1.0000 -0.0000
vn 0.8660 0.0000 -0.5000
vn 0.0000 0.0000 -1.0000
vn -0.8660 0.0000 -0.5000
vn -0.8660 0.0000 0.5000
vn 0.0000 0.0000 1.0000
vn 0.8660 0.0000 0.5000
vn 0.0000 1.0000 0.0000
vn 0.0000 1.0000 0.0000
vn -0.0000 -1.0000 0.0000
vn 0.0000 -1.0000 -0.0000
vn 0.8660 0.0000 -0.5000
vn 0.0000 0.0000 -1.0000
vn -0.8660 0.0000 -0.5000
vn -0.8660 0.0000 0.5000
vn 0.0000 0.0000 1.0000
vn 0.8660 0.0000 0.5000
vn 0.0000 1.0000 0.0000
vn 0.0000 1.0000 0.0000
vn -0.0000 -1.0000 0.0000
vn 0.0000 -1.0000 -0.0000
vn 0.8660 0.0000 -0.5000
vn 0.0000 0.0000 -1.0000
vn -0.8660 0.0000 -0.5000
vn -0.8660 0.0000 0.5000
vn 0.0000 0.0000 1.0000
vn 0.8660 0.0000 0.5000
vn 0.0000 1.0000 0.0000
vn 0.0000 1.0000 0.0000
vn -0.0000 -1.0000 0.0000
vn 0.0000 -1.0000 -0.0000
vn 0.8660 0.0000 -0.5000
vn 0.0000 0.0000 -1.0000
vn -0.8660 0.0000 -0.5000
vn -0.8660 0.0000 0.5000
vn 0.0000 0.0000 1.0000
vn 0.8660 0.0000 0.5000
vn 0.0000 1.0000 0.0000
vn 0.0000 1.0000 0.0000
vn -0.0000 -1.0000 0.0000
vn 0.0000 -1.0000 -0.0000
usemtl m_tire_0
g tyre_carcass
f 1/1/1 2/2/1 3/3/1 4/4/1
f 5/5/2 6/6/2 7/7/2 8/8/2
f 9/9/3 10/10/3 11/11/3 12/12/3
f 13/13/4 14/14/4 15/15/4 16/16/4
f 17/17/5 18/18/5 19/19/5 20/20/5
f 21/21/6 22/22/6 23/23/6 24/24/6
f 25/25/7 26/26/7 27/27/7 28/28/7
f 29/29/8 30/30/8 31/31/8 32/32/8
f 33/33/9 34/34/9 35/35/9 36/36/9
f 37/37/10 38/38/10 39/39/10 40/40/10
f 41/41/11 42/42/11 43/43/11 44/44/11
f 45/45/12 46/46/12 47/47/12 48/48/12
f 49/49/13 50/50/13 51/51/13 52/52/13
f 53/53/14 54/54/14 55/55/14 56/56/14
f 57/57/15 58/58/15 59/59/15 60/60/15
f 61/61/16 62/62/16 63/63/16 64/64/16
f 65/65/17 66/66/17 67/67/17 68/68/17
f 69/69/18 70/70/18 71/71/18 72/72/18
f 73/73/19 74/74/19 75/75/19 76/76/19
f 77/77/20 78/78/20 79/79/20 80/80/20
f 81/81/21 82/82/21 83/83/21 84/84/21
f 85/85/22 86/86/22 87/87/22 88/88/22
f 89/89/23 90/90/23 91/91/23 92/92/23
f 93/93/24 94/94/24 95/95/24 96/96/24
f 97/97/25 98/98/25 99/99/25 100/100/25
f 101/101/26 102/102/26 103/103/26 104/104/26
f 105/105/27 106/106/27 107/107/27 108/108/27
f 109/109/28 110/110/28 111/111/28 112/112/28
f 113/113/29 114/114/29 115/115/29 116/116/29
f 117/117/30 118/118/30 119/119/30 120/120/30
f 121/121/31 122/122/31 123/123/31 124/124/31
f 125/125/32 126/126/32 127/127/32 128/128/32
f 129/129/33 130/130/33 131/131/33 132/132/33
f 133/133/34 134/134/34 135/135/34 136/136/34
f 137/137/35 138/138/35 139/139/35 140/140/35
f 141/141/36 142/142/36 143/143/36 144/144/36
f 145/145/37 146/146/37 147/147/37 148/148/37
f 149/149/38 150/150/38 151/151/38 152/152/38
f 153/153/39 154/154/39 155/155/39 156/156/39
f 157/157/40 158/158/40 159/159/40 160/160/40
f 161/161/41 162/162/41 163/163/41 164/164/41
f 165/165/42 166/166/42 167/167/42 168/168/42
f 169/169/43 170/170/43 171/171/43 172/172/43
f 173/173/44 174/174/44 175/175/44 176/176/44
f 177/177/45 178/178/45 179/179/45 180/180/45
f 181/181/46 182/182/46 183/183/46 184/184/46
f 185/185/47 186/186/47 187/187/47 188/188/47
f 189/189/48 190/190/48 191/191/48 192/192/48
f 193/193/49 194/194/49 195/195/49 196/196/49
f 197/197/50 198/198/50 199/199/50 200/200/50
f 201/201/51 202/202/51 203/203/51 204/204/51
f 205/205/52 206/206/52 207/207/52 208/208/52
f 209/209/53 210/210/53 211/211/53 212/212/53
f 213/213/54 214/214/54 215/215/54 216/216/54
f 217/217/55 218/218/55 219/219/55 220/220/55
f 221/221/56 222/222/56 223/223/56 224/224/56
f 225/225/57 226/226/57 227/227/57 228/228/57
f 229/229/58 230/230/58 231/231/58 232/232/58
f 233/233/59 234/234/59 235/235/59 236/236/59
f 237/237/60 238/238/60 239/239/60 240/240/60
f 241/241/61 242/242/61 243/243/61 244/244/61
f 245/245/62 246/246/62 247/247/62 248/248/62
f 249/249/63 250/250/63 251/251/63 252/252/63
f 253/253/64 254/254/64 255/255/64 256/256/64
f 257/257/65 258/258/65 259/259/65 260/260/65
f 261/261/66 262/262/66 263/263/66 264/264/66
f 265/265/67 266/266/67 267/267/67 268/268/67
f 269/269/68 270/270/68 271/271/68 272/272/68
f 273/273/69 274/274/69 275/275/69 276/276/69
f 277/277/70 278/278/70 279/279/70 280/280/70
f 281/281/71 282/282/71 283/283/71 284/284/71
f 285/285/72 286/286/72 287/287/72 288/288/72
f 289/289/73 290/290/73 291/291/73 292/292/73
f 293/293/74 294/294/74 295/295/74 296/296/74
f 297/297/75 298/298/75 299/299/75 300/300/75
f 301/301/76 302/302/76 303/303/76 304/304/76
f 305/305/77 306/306/77 307/307/77 308/308/77
f 309/309/78 310/310/78 311/311/78 312/312/78
f 313/313/79 314/314/79 315/315/79 316/316/79
f 317/317/80 318/318/80 319/319/80 320/320/80
f 321/321/81 322/322/81 323/323/81 324/324/81
f 325/325/82 326/326/82 327/327/82 328/328/82
f 329/329/83 330/330/83 331/331/83 332/332/83
f 333/333/84 334/334/84 335/335/84 336/336/84
f 337/337/85 338/338/85 339/339/85 340/340/85
f 341/341/86 342/342/86 343/343/86 344/344/86
f 345/345/87 346/346/87 347/347/87 348/348/87
f 349/349/88 350/350/88 351/351/88 352/352/88
f 353/353/89 354/354/89 355/355/89 356/356/89
f 357/357/90 358/358/90 359/359/90 360/360/90
f 361/361/91 362/362/91 363/363/91 364/364/91
f 365/365/92 366/366/92 367/367/92 368/368/92
f 369/369/93 370/370/93 371/371/93 372/372/93
f 373/373/94 374/374/94 375/375/94 376/376/94
f 377/377/95 378/378/95 379/379/95 380/380/95
f 381/381/96 382/382/96 383/383/96 384/384/96
g tyre_tread_base
f 385/385/97 386/386/97 387/387/97 388/388/97
f 389/389/98 390/390/98 391/391/98 392/392/98
f 393/393/99 394/394/99 395/395/99 396/396/99
f 397/397/100 398/398/100 399/399/100 400/400/100
f 401/401/101 402/402/101 403/403/101 404/404/101
f 405/405/102 406/406/102 407/407/102 408/408/102
f 409/409/103 410/410/103 411/411/103 412/412/103
f 413/413/104 414/414/104 415/415/104 416/416/104
f 417/417/105 418/418/105 419/419/105 420/420/105
f 421/421/106 422/422/106 423/423/106 424/424/106
f 425/425/107 426/426/107 427/427/107 428/428/107
f 429/429/108 430/430/108 431/431/108 432/432/108
f 433/433/109 434/434/109 435/435/109 436/436/109
f 437/437/110 438/438/110 439/439/110 440/440/110
f 441/441/111 442/442/111 443/443/111 444/444/111
f 445/445/112 446/446/112 447/447/112 448/448/112
f 449/449/113 450/450/113 451/451/113 452/452/113
f 453/453/114 454/454/114 455/455/114 456/456/114
f 457/457/115 458/458/115 459/459/115 460/460/115
f 461/461/116 462/462/116 463/463/116 464/464/116
f 465/465/117 466/466/117 467/467/117 468/468/117
f 469/469/118 470/470/118 471/471/118 472/472/118
f 473/473/119 474/474/119 475/475/119 476/476/119
f 477/477/120 478/478/120 479/479/120 480/480/120
f 481/481/121 482/482/121 483/483/121 484/484/121
f 485/485/122 486/486/122 487/487/122 488/488/122
f 489/489/123 490/490/123 491/491/123 492/492/123
f 493/493/124 494/494/124 495/495/124 496/496/124
f 497/497/125 498/498/125 499/499/125 500/500/125
f 501/501/126 502/502/126 503/503/126 504/504/126
f 505/505/127 506/506/127 507/507/127 508/508/127
f 509/509/128 510/510/128 511/511/128 512/512/128
f 513/513/129 514/514/129 515/515/129 516/516/129
f 517/517/130 518/518/130 519/519/130 520/520/130
f 521/521/131 522/522/131 523/523/131 524/524/131
f 525/525/132 526/526/132 527/527/132 528/528/132
f 529/529/133 530/530/133 531/531/133 532/532/133
f 533/533/134 534/534/134 535/535/134 536/536/134
f 537/537/135 538/538/135 539/539/135 540/540/135
f 541/541/136 542/542/136 543/543/136 544/544/136
f 545/545/137 546/546/137 547/547/137 548/548/137
f 549/549/138 550/550/138 551/551/138 552/552/138
f 553/553/139 554/554/139 555/555/139 556/556/139
f 557/557/140 558/558/140 559/559/140 560/560/140
f 561/561/141 562/562/141 563/563/141 564/564/141
f 565/565/142 566/566/142 567/567/142 568/568/142
f 569/569/143 570/570/143 571/571/143 572/572/143
f 573/573/144 574/574/144 575/575/144 576/576/144
f 577/577/145 578/578/145 579/579/145 580/580/145
f 581/581/146 582/582/146 583/583/146 584/584/146
f 585/585/147 586/586/147 587/587/147 588/588/147
f 589/589/148 590/590/148 591/591/148 592/592/148
f 593/593/149 594/594/149 595/595/149 596/596/149
f 597/597/150 598/598/150 599/599/150 600/600/150
f 601/601/151 602/602/151 603/603/151 604/604/151
f 605/605/152 606/606/152 607/607/152 608/608/152
f 609/609/153 610/610/153 611/611/153 612/612/153
f 613/613/154 614/614/154 615/615/154 616/616/154
f 617/617/155 618/618/155 619/619/155 620/620/155
f 621/621/156 622/622/156 623/623/156 624/624/156
f 625/625/157 626/626/157 627/627/157 628/628/157
f 629/629/158 630/630/158 631/631/158 632/632/158
f 633/633/159 634/634/159 635/635/159 636/636/159
f 637/637/160 638/638/160 639/639/160 640/640/160
f 641/641/161 642/642/161 643/643/161 644/644/161
f 645/645/162 646/646/162 647/647/162 648/648/162
f 649/649/163 650/650/163 651/651/163 652/652/163
f 653/653/164 654/654/164 655/655/164 656/656/164
f 657/657/165 658/658/165 659/659/165 660/660/165
f 661/661/166 662/662/166 663/663/166 664/664/166
f 665/665/167 666/666/167 667/667/167 668/668/167
f 669/669/168 670/670/168 671/671/168 672/672/168
f 673/673/169 674/674/169 675/675/169 676/676/169
f 677/677/170 678/678/170 679/679/170 680/680/170
f 681/681/171 682/682/171 683/683/171 684/684/171
f 685/685/172 686/686/172 687/687/172 688/688/172
f 689/689/173 690/690/173 691/691/173 692/692/173
f 693/693/174 694/694/174 695/695/174 696/696/174
f 697/697/175 698/698/175 699/699/175 700/700/175
f 701/701/176 702/702/176 703/703/176 704/704/176
f 705/705/177 706/706/177 707/707/177 708/708/177
f 709/709/178 710/710/178 711/711/178 712/712/178
f 713/713/179 714/714/179 715/715/179 716/716/179
f 717/717/180 718/718/180 719/719/180 720/720/180
f 721/721/181 722/722/181 723/723/181 724/724/181
f 725/725/182 726/726/182 727/727/182 728/728/182
f 729/729/183 730/730/183 731/731/183 732/732/183
f 733/733/184 734/734/184 735/735/184 736/736/184
f 737/737/185 738/738/185 739/739/185 740/740/185
f 741/741/186 742/742/186 743/743/186 744/744/186
f 745/745/187 746/746/187 747/747/187 748/748/187
f 749/749/188 750/750/188 751/751/188 752/752/188
f 753/753/189 754/754/189 755/755/189 756/756/189
f 757/757/190 758/758/190 759/759/190 760/760/190
f 761/761/191 762/762/191 763/763/191 764/764/191
f 765/765/192 766/766/192 767/767/192 768/768/192
g tyre_band_back
f 769/769/193 770/770/193 771/771/193 772/772/193
f 773/773/194 774/774/194 775/775/194 776/776/194
f 777/777/195 778/778/195 779/779/195 780/780/195
f 781/781/196 782/782/196 783/783/196 784/784/196
f 785/785/197 786/786/197 787/787/197 788/788/197
f 789/789/198 790/790/198 791/791/198 792/792/198
f 793/793/199 794/794/199 795/795/199 796/796/199
f 797/797/200 798/798/200 799/799/200 800/800/200
f 801/801/201 802/802/201 803/803/201 804/804/201
f 805/805/202 806/806/202 807/807/202 808/808/202
f 809/809/203 810/810/203 811/811/203 812/812/203
f 813/813/204 814/814/204 815/815/204 816/816/204
f 817/817/205 818/818/205 819/819/205 820/820/205
f 821/821/206 822/822/206 823/823/206 824/824/206
f 825/825/207 826/826/207 827/827/207 828/828/207
f 829/829/208 830/830/208 831/831/208 832/832/208
f 833/833/209 834/834/209 835/835/209 836/836/209
f 837/837/210 838/838/210 839/839/210 840/840/210
f 841/841/211 842/842/211 843/843/211 844/844/211
f 845/845/212 846/846/212 847/847/212 848/848/212
f 849/849/213 850/850/213 851/851/213 852/852/213
f 853/853/214 854/854/214 855/855/214 856/856/214
f 857/857/215 858/858/215 859/859/215 860/860/215
f 861/861/216 862/862/216 863/863/216 864/864/216
f 865/865/217 866/866/217 867/867/217 868/868/217
f 869/869/218 870/870/218 871/871/218 872/872/218
f 873/873/219 874/874/219 875/875/219 876/876/219
f 877/877/220 878/878/220 879/879/220 880/880/220
f 881/881/221 882/882/221 883/883/221 884/884/221
f 885/885/222 886/886/222 887/887/222 888/888/222
f 889/889/223 890/890/223 891/891/223 892/892/223
f 893/893/224 894/894/224 895/895/224 896/896/224
f 897/897/225 898/898/225 899/899/225 900/900/225
f 901/901/226 902/902/226 903/903/226 904/904/226
f 905/905/227 906/906/227 907/907/227 908/908/227
f 909/909/228 910/910/228 911/911/228 912/912/228
f 913/913/229 914/914/229 915/915/229 916/916/229
f 917/917/230 918/918/230 919/919/230 920/920/230
f 921/921/231 922/922/231 923/923/231 924/924/231
f 925/925/232 926/926/232 927/927/232 928/928/232
f 929/929/233 930/930/233 931/931/233 932/932/233
f 933/933/234 934/934/234 935/935/234 936/936/234
f 937/937/235 938/938/235 939/939/235 940/940/235
f 941/941/236 942/942/236 943/943/236 944/944/236
f 945/945/237 946/946/237 947/947/237 948/948/237
f 949/949/238 950/950/238 951/951/238 952/952/238
f 953/953/239 954/954/239 955/955/239 956/956/239
f 957/957/240 958/958/240 959/959/240 960/960/240
f 961/961/241 962/962/241 963/963/241 964/964/241
f 965/965/242 966/966/242 967/967/242 968/968/242
f 969/969/243 970/970/243 971/971/243 972/972/243
f 973/973/244 974/974/244 975/975/244 976/976/244
f 977/977/245 978/978/245 979/979/245 980/980/245
f 981/981/246 982/982/246 983/983/246 984/984/246
f 985/985/247 986/986/247 987/987/247 988/988/247
f 989/989/248 990/990/248 991/991/248 992/992/248
f 993/993/249 994/994/249 995/995/249 996/996/249
f 997/997/250 998/998/250 999/999/250 1000/1000/250
f 1001/1001/251 1002/1002/251 1003/1003/251 1004/1004/251
f 1005/1005/252 1006/1006/252 1007/1007/252 1008/1008/252
f 1009/1009/253 1010/1010/253 1011/1011/253 1012/1012/253
f 1013/1013/254 1014/1014/254 1015/1015/254 1016/1016/254
f 1017/1017/255 1018/1018/255 1019/1019/255 1020/1020/255
f 1021/1021/256 1022/1022/256 1023/1023/256 1024/1024/256
g tyre_band_front
f 1025/1025/257 1026/1026/257 1027/1027/257 1028/1028/257
f 1029/1029/258 1030/1030/258 1031/1031/258 1032/1032/258
f 1033/1033/259 1034/1034/259 1035/1035/259 1036/1036/259
f 1037/1037/260 1038/1038/260 1039/1039/260 1040/1040/260
f 1041/1041/261 1042/1042/261 1043/1043/261 1044/1044/261
f 1045/1045/262 1046/1046/262 1047/1047/262 1048/1048/262
f 1049/1049/263 1050/1050/263 1051/1051/263 1052/1052/263
f 1053/1053/264 1054/1054/264 1055/1055/264 1056/1056/264
f 1057/1057/265 1058/1058/265 1059/1059/265 1060/1060/265
f 1061/1061/266 1062/1062/266 1063/1063/266 1064/1064/266
f 1065/1065/267 1066/1066/267 1067/1067/267 1068/1068/267
f 1069/1069/268 1070/1070/268 1071/1071/268 1072/1072/268
f 1073/1073/269 1074/1074/269 1075/1075/269 1076/1076/269
f 1077/1077/270 1078/1078/270 1079/1079/270 1080/1080/270
f 1081/1081/271 1082/1082/271 1083/1083/271 1084/1084/271
f 1085/1085/272 1086/1086/272 1087/1087/272 1088/1088/272
f 1089/1089/273 1090/1090/273 1091/1091/273 1092/1092/273
f 1093/1093/274 1094/1094/274 1095/1095/274 1096/1096/274
f 1097/1097/275 1098/1098/275 1099/1099/275 1100/1100/275
f 1101/1101/276 1102/1102/276 1103/1103/276 1104/1104/276
f 1105/1105/277 1106/1106/277 1107/1107/277 1108/1108/277
f 1109/1109/278 1110/1110/278 1111/1111/278 1112/1112/278
f 1113/1113/279 1114/1114/279 1115/1115/279 1116/1116/279
f 1117/1117/280 1118/1118/280 1119/1119/280 1120/1120/280
f 1121/1121/281 1122/1122/281 1123/1123/281 1124/1124/281
f 1125/1125/282 1126/1126/282 1127/1127/282 1128/1128/282
f 1129/1129/283 1130/1130/283 1131/1131/283 1132/1132/283
f 1133/1133/284 1134/1134/284 1135/1135/284 1136/1136/284
f 1137/1137/285 1138/1138/285 1139/1139/285 1140/1140/285
f 1141/1141/286 1142/1142/286 1143/1143/286 1144/1144/286
f 1145/1145/287 1146/1146/287 1147/1147/287 1148/1148/287
f 1149/1149/288 1150/1150/288 1151/1151/288 1152/1152/288
f 1153/1153/289 1154/1154/289 1155/1155/289 1156/1156/289
f 1157/1157/290 1158/1158/290 1159/1159/290 1160/1160/290
f 1161/1161/291 1162/1162/291 1163/1163/291 1164/1164/291
f 1165/1165/292 1166/1166/292 1167/1167/292 1168/1168/292
f 1169/1169/293 1170/1170/293 1171/1171/293 1172/1172/293
f 1173/1173/294 1174/1174/294 1175/1175/294 1176/1176/294
f 1177/1177/295 1178/1178/295 1179/1179/295 1180/1180/295
f 1181/1181/296 1182/1182/296 1183/1183/296 1184/1184/296
f 1185/1185/297 1186/1186/297 1187/1187/297 1188/1188/297
f 1189/1189/298 1190/1190/298 1191/1191/298 1192/1192/298
f 1193/1193/299 1194/1194/299 1195/1195/299 1196/1196/299
f 1197/1197/300 1198/1198/300 1199/1199/300 1200/1200/300
f 1201/1201/301 1202/1202/301 1203/1203/301 1204/1204/301
f 1205/1205/302 1206/1206/302 1207/1207/302 1208/1208/302
f 1209/1209/303 1210/1210/303 1211/1211/303 1212/1212/303
f 1213/1213/304 1214/1214/304 1215/1215/304 1216/1216/304
f 1217/1217/305 1218/1218/305 1219/1219/305 1220/1220/305
f 1221/1221/306 1222/1222/306 1223/1223/306 1224/1224/306
f 1225/1225/307 1226/1226/307 1227/1227/307 1228/1228/307
f 1229/1229/308 1230/1230/308 1231/1231/308 1232/1232/308
f 1233/1233/309 1234/1234/309 1235/1235/309 1236/1236/309
f 1237/1237/310 1238/1238/310 1239/1239/310 1240/1240/310
f 1241/1241/311 1242/1242/311 1243/1243/311 1244/1244/311
f 1245/1245/312 1246/1246/312 1247/1247/312 1248/1248/312
f 1249/1249/313 1250/1250/313 1251/1251/313 1252/1252/313
f 1253/1253/314 1254/1254/314 1255/1255/314 1256/1256/314
f 1257/1257/315 1258/1258/315 1259/1259/315 1260/1260/315
f 1261/1261/316 1262/1262/316 1263/1263/316 1264/1264/316
f 1265/1265/317 1266/1266/317 1267/1267/317 1268/1268/317
f 1269/1269/318 1270/1270/318 1271/1271/318 1272/1272/318
f 1273/1273/319 1274/1274/319 1275/1275/319 1276/1276/319
f 1277/1277/320 1278/1278/320 1279/1279/320 1280/1280/320
g tyre_lug
f 1281/1281/321 1282/1282/321 1283/1283/321 1284/1284/321
f 1285/1285/322 1286/1286/322 1287/1287/322 1288/1288/322
f 1289/1289/323 1290/1290/323 1291/1291/323 1292/1292/323
f 1293/1293/324 1294/1294/324 1295/1295/324 1296/1296/324
f 1297/1297/325 1298/1298/325 1299/1299/325 1300/1300/325
f 1301/1301/326 1302/1302/326 1303/1303/326 1304/1304/326
f 1305/1305/327 1306/1306/327 1307/1307/327 1308/1308/327
f 1309/1309/328 1310/1310/328 1311/1311/328 1312/1312/328
f 1313/1313/329 1314/1314/329 1315/1315/329 1316/1316/329
f 1317/1317/330 1318/1318/330 1319/1319/330 1320/1320/330
f 1321/1321/331 1322/1322/331 1323/1323/331 1324/1324/331
f 1325/1325/332 1326/1326/332 1327/1327/332 1328/1328/332
f 1329/1329/333 1330/1330/333 1331/1331/333 1332/1332/333
f 1333/1333/334 1334/1334/334 1335/1335/334 1336/1336/334
f 1337/1337/335 1338/1338/335 1339/1339/335 1340/1340/335
f 1341/1341/336 1342/1342/336 1343/1343/336 1344/1344/336
f 1345/1345/337 1346/1346/337 1347/1347/337 1348/1348/337
f 1349/1349/338 1350/1350/338 1351/1351/338 1352/1352/338
f 1353/1353/339 1354/1354/339 1355/1355/339 1356/1356/339
f 1357/1357/340 1358/1358/340 1359/1359/340 1360/1360/340
f 1361/1361/341 1362/1362/341 1363/1363/341 1364/1364/341
f 1365/1365/342 1366/1366/342 1367/1367/342 1368/1368/342
f 1369/1369/343 1370/1370/343 1371/1371/343 1372/1372/343
f 1373/1373/344 1374/1374/344 1375/1375/344 1376/1376/344
f 1377/1377/345 1378/1378/345 1379/1379/345 1380/1380/345
f 1381/1381/346 1382/1382/346 1383/1383/346 1384/1384/346
f 1385/1385/347 1386/1386/347 1387/1387/347 1388/1388/347
f 1389/1389/348 1390/1390/348 1391/1391/348 1392/1392/348
f 1393/1393/349 1394/1394/349 1395/1395/349 1396/1396/349
f 1397/1397/350 1398/1398/350 1399/1399/350 1400/1400/350
f 1401/1401/351 1402/1402/351 1403/1403/351 1404/1404/351
f 1405/1405/352 1406/1406/352 1407/1407/352 1408/1408/352
f 1409/1409/353 1410/1410/353 1411/1411/353 1412/1412/353
f 1413/1413/354 1414/1414/354 1415/1415/354 1416/1416/354
f 1417/1417/355 1418/1418/355 1419/1419/355 1420/1420/355
f 1421/1421/356 1422/1422/356 1423/1423/356 1424/1424/356
f 1425/1425/357 1426/1426/357 1427/1427/357 1428/1428/357
f 1429/1429/358 1430/1430/358 1431/1431/358 1432/1432/358
f 1433/1433/359 1434/1434/359 1435/1435/359 1436/1436/359
f 1437/1437/360 1438/1438/360 1439/1439/360 1440/1440/360
f 1441/1441/361 1442/1442/361 1443/1443/361 1444/1444/361
f 1445/1445/362 1446/1446/362 1447/1447/362 1448/1448/362
f 1449/1449/363 1450/1450/363 1451/1451/363 1452/1452/363
f 1453/1453/364 1454/1454/364 1455/1455/364 1456/1456/364
f 1457/1457/365 1458/1458/365 1459/1459/365 1460/1460/365
f 1461/1461/366 1462/1462/366 1463/1463/366 1464/1464/366
f 1465/1465/367 1466/1466/367 1467/1467/367 1468/1468/367
f 1469/1469/368 1470/1470/368 1471/1471/368 1472/1472/368
f 1473/1473/369 1474/1474/369 1475/1475/369 1476/1476/369
f 1477/1477/370 1478/1478/370 1479/1479/370 1480/1480/370
f 1481/1481/371 1482/1482/371 1483/1483/371 1484/1484/371
f 1485/1485/372 1486/1486/372 1487/1487/372 1488/1488/372
f 1489/1489/373 1490/1490/373 1491/1491/373 1492/1492/373
f 1493/1493/374 1494/1494/374 1495/1495/374 1496/1496/374
f 1497/1497/375 1498/1498/375 1499/1499/375 1500/1500/375
f 1501/1501/376 1502/1502/376 1503/1503/376 1504/1504/376
f 1505/1505/377 1506/1506/377 1507/1507/377 1508/1508/377
f 1509/1509/378 1510/1510/378 1511/1511/378 1512/1512/378
f 1513/1513/379 1514/1514/379 1515/1515/379 1516/1516/379
f 1517/1517/380 1518/1518/380 1519/1519/380 1520/1520/380
f 1521/1521/381 1522/1522/381 1523/1523/381 1524/1524/381
f 1525/1525/382 1526/1526/382 1527/1527/382 1528/1528/382
f 1529/1529/383 1530/1530/383 1531/1531/383 1532/1532/383
f 1533/1533/384 1534/1534/384 1535/1535/384 1536/1536/384
f 1537/1537/385 1538/1538/385 1539/1539/385 1540/1540/385
f 1541/1541/386 1542/1542/386 1543/1543/386 1544/1544/386
f 1545/1545/387 1546/1546/387 1547/1547/387 1548/1548/387
f 1549/1549/388 1550/1550/388 1551/1551/388 1552/1552/388
f 1553/1553/389 1554/1554/389 1555/1555/389 1556/1556/389
f 1557/1557/390 1558/1558/390 1559/1559/390 1560/1560/390
f 1561/1561/391 1562/1562/391 1563/1563/391 1564/1564/391
f 1565/1565/392 1566/1566/392 1567/1567/392 1568/1568/392
f 1569/1569/393 1570/1570/393 1571/1571/393 1572/1572/393
f 1573/1573/394 1574/1574/394 1575/1575/394 1576/1576/394
f 1577/1577/395 1578/1578/395 1579/1579/395 1580/1580/395
f 1581/1581/396 1582/1582/396 1583/1583/396 1584/1584/396
f 1585/1585/397 1586/1586/397 1587/1587/397 1588/1588/397
f 1589/1589/398 1590/1590/398 1591/1591/398 1592/1592/398
f 1593/1593/399 1594/1594/399 1595/1595/399 1596/1596/399
f 1597/1597/400 1598/1598/400 1599/1599/400 1600/1600/400
f 1601/1601/401 1602/1602/401 1603/1603/401 1604/1604/401
f 1605/1605/402 1606/1606/402 1607/1607/402 1608/1608/402
f 1609/1609/403 1610/1610/403 1611/1611/403 1612/1612/403
f 1613/1613/404 1614/1614/404 1615/1615/404 1616/1616/404
f 1617/1617/405 1618/1618/405 1619/1619/405 1620/1620/405
f 1621/1621/406 1622/1622/406 1623/1623/406 1624/1624/406
f 1625/1625/407 1626/1626/407 1627/1627/407 1628/1628/407
f 1629/1629/408 1630/1630/408 1631/1631/408 1632/1632/408
f 1633/1633/409 1634/1634/409 1635/1635/409 1636/1636/409
f 1637/1637/410 1638/1638/410 1639/1639/410 1640/1640/410
f 1641/1641/411 1642/1642/411 1643/1643/411 1644/1644/411
f 1645/1645/412 1646/1646/412 1647/1647/412 1648/1648/412
f 1649/1649/413 1650/1650/413 1651/1651/413 1652/1652/413
f 1653/1653/414 1654/1654/414 1655/1655/414 1656/1656/414
f 1657/1657/415 1658/1658/415 1659/1659/415 1660/1660/415
f 1661/1661/416 1662/1662/416 1663/1663/416 1664/1664/416
f 1665/1665/417 1666/1666/417 1667/1667/417 1668/1668/417
f 1669/1669/418 1670/1670/418 1671/1671/418 1672/1672/418
f 1673/1673/419 1674/1674/419 1675/1675/419 1676/1676/419
f 1677/1677/420 1678/1678/420 1679/1679/420 1680/1680/420
f 1681/1681/421 1682/1682/421 1683/1683/421 1684/1684/421
f 1685/1685/422 1686/1686/422 1687/1687/422 1688/1688/422
f 1689/1689/423 1690/1690/423 1691/1691/423 1692/1692/423
f 1693/1693/424 1694/1694/424 1695/1695/424 1696/1696/424
f 1697/1697/425 1698/1698/425 1699/1699/425 1700/1700/425
f 1701/1701/426 1702/1702/426 1703/1703/426 1704/1704/426
f 1705/1705/427 1706/1706/427 1707/1707/427 1708/1708/427
f 1709/1709/428 1710/1710/428 1711/1711/428 1712/1712/428
f 1713/1713/429 1714/1714/429 1715/1715/429 1716/1716/429
f 1717/1717/430 1718/1718/430 1719/1719/430 1720/1720/430
f 1721/1721/431 1722/1722/431 1723/1723/431 1724/1724/431
f 1725/1725/432 1726/1726/432 1727/1727/432 1728/1728/432
f 1729/1729/433 1730/1730/433 1731/1731/433 1732/1732/433
f 1733/1733/434 1734/1734/434 1735/1735/434 1736/1736/434
f 1737/1737/435 1738/1738/435 1739/1739/435 1740/1740/435
f 1741/1741/436 1742/1742/436 1743/1743/436 1744/1744/436
f 1745/1745/437 1746/1746/437 1747/1747/437 1748/1748/437
f 1749/1749/438 1750/1750/438 1751/1751/438 1752/1752/438
f 1753/1753/439 1754/1754/439 1755/1755/439 1756/1756/439
f 1757/1757/440 1758/1758/440 1759/1759/440 1760/1760/440
f 1761/1761/441 1762/1762/441 1763/1763/441 1764/1764/441
f 1765/1765/442 1766/1766/442 1767/1767/442 1768/1768/442
f 1769/1769/443 1770/1770/443 1771/1771/443 1772/1772/443
f 1773/1773/444 1774/1774/444 1775/1775/444 1776/1776/444
f 1777/1777/445 1778/1778/445 1779/1779/445 1780/1780/445
f 1781/1781/446 1782/1782/446 1783/1783/446 1784/1784/446
f 1785/1785/447 1786/1786/447 1787/1787/447 1788/1788/447
f 1789/1789/448 1790/1790/448 1791/1791/448 1792/1792/448
f 1793/1793/449 1794/1794/449 1795/1795/449 1796/1796/449
f 1797/1797/450 1798/1798/450 1799/1799/450 1800/1800/450
f 1801/1801/451 1802/1802/451 1803/1803/451 1804/1804/451
f 1805/1805/452 1806/1806/452 1807/1807/452 1808/1808/452
f 1809/1809/453 1810/1810/453 1811/1811/453 1812/1812/453
f 1813/1813/454 1814/1814/454 1815/1815/454 1816/1816/454
f 1817/1817/455 1818/1818/455 1819/1819/455 1820/1820/455
f 1821/1821/456 1822/1822/456 1823/1823/456 1824/1824/456
f 1825/1825/457 1826/1826/457 1827/1827/457 1828/1828/457
f 1829/1829/458 1830/1830/458 1831/1831/458 1832/1832/458
f 1833/1833/459 1834/1834/459 1835/1835/459 1836/1836/459
f 1837/1837/460 1838/1838/460 1839/1839/460 1840/1840/460
f 1841/1841/461 1842/1842/461 1843/1843/461 1844/1844/461
f 1845/1845/462 1846/1846/462 1847/1847/462 1848/1848/462
f 1849/1849/463 1850/1850/463 1851/1851/463 1852/1852/463
f 1853/1853/464 1854/1854/464 1855/1855/464 1856/1856/464
f 1857/1857/465 1858/1858/465 1859/1859/465 1860/1860/465
f 1861/1861/466 1862/1862/466 1863/1863/466 1864/1864/466
f 1865/1865/467 1866/1866/467 1867/1867/467 1868/1868/467
f 1869/1869/468 1870/1870/468 1871/1871/468 1872/1872/468
f 1873/1873/469 1874/1874/469 1875/1875/469 1876/1876/469
f 1877/1877/470 1878/1878/470 1879/1879/470 1880/1880/470
f 1881/1881/471 1882/1882/471 1883/1883/471 1884/1884/471
f 1885/1885/472 1886/1886/472 1887/1887/472 1888/1888/472
f 1889/1889/473 1890/1890/473 1891/1891/473 1892/1892/473
f 1893/1893/474 1894/1894/474 1895/1895/474 1896/1896/474
f 1897/1897/475 1898/1898/475 1899/1899/475 1900/1900/475
f 1901/1901/476 1902/1902/476 1903/1903/476 1904/1904/476
f 1905/1905/477 1906/1906/477 1907/1907/477 1908/1908/477
f 1909/1909/478 1910/1910/478 1911/1911/478 1912/1912/478
f 1913/1913/479 1914/1914/479 1915/1915/479 1916/1916/479
f 1917/1917/480 1918/1918/480 1919/1919/480 1920/1920/480
f 1921/1921/481 1922/1922/481 1923/1923/481 1924/1924/481
f 1925/1925/482 1926/1926/482 1927/1927/482 1928/1928/482
f 1929/1929/483 1930/1930/483 1931/1931/483 1932/1932/483
f 1933/1933/484 1934/1934/484 1935/1935/484 1936/1936/484
f 1937/1937/485 1938/1938/485 1939/1939/485 1940/1940/485
f 1941/1941/486 1942/1942/486 1943/1943/486 1944/1944/486
f 1945/1945/487 1946/1946/487 1947/1947/487 1948/1948/487
f 1949/1949/488 1950/1950/488 1951/1951/488 1952/1952/488
f 1953/1953/489 1954/1954/489 1955/1955/489 1956/1956/489
f 1957/1957/490 1958/1958/490 1959/1959/490 1960/1960/490
f 1961/1961/491 1962/1962/491 1963/1963/491 1964/1964/491
f 1965/1965/492 1966/1966/492 1967/1967/492 1968/1968/492
f 1969/1969/493 1970/1970/493 1971/1971/493 1972/1972/493
f 1973/1973/494 1974/1974/494 1975/1975/494 1976/1976/494
f 1977/1977/495 1978/1978/495 1979/1979/495 1980/1980/495
f 1981/1981/496 1982/1982/496 1983/1983/496 1984/1984/496
f 1985/1985/497 1986/1986/497 1987/1987/497 1988/1988/497
f 1989/1989/498 1990/1990/498 1991/1991/498 1992/1992/498
f 1993/1993/499 1994/1994/499 1995/1995/499 1996/1996/499
f 1997/1997/500 1998/1998/500 1999/1999/500 2000/2000/500
f 2001/2001/501 2002/2002/501 2003/2003/501 2004/2004/501
f 2005/2005/502 2006/2006/502 2007/2007/502 2008/2008/502
f 2009/2009/503 2010/2010/503 2011/2011/503 2012/2012/503
f 2013/2013/504 2014/2014/504 2015/2015/504 2016/2016/504
f 2017/2017/505 2018/2018/505 2019/2019/505 2020/2020/505
f 2021/2021/506 2022/2022/506 2023/2023/506 2024/2024/506
f 2025/2025/507 2026/2026/507 2027/2027/507 2028/2028/507
f 2029/2029/508 2030/2030/508 2031/2031/508 2032/2032/508
f 2033/2033/509 2034/2034/509 2035/2035/509 2036/2036/509
f 2037/2037/510 2038/2038/510 2039/2039/510 2040/2040/510
f 2041/2041/511 2042/2042/511 2043/2043/511 2044/2044/511
f 2045/2045/512 2046/2046/512 2047/2047/512 2048/2048/512
f 2049/2049/513 2050/2050/513 2051/2051/513 2052/2052/513
f 2053/2053/514 2054/2054/514 2055/2055/514 2056/2056/514
f 2057/2057/515 2058/2058/515 2059/2059/515 2060/2060/515
f 2061/2061/516 2062/2062/516 2063/2063/516 2064/2064/516
f 2065/2065/517 2066/2066/517 2067/2067/517 2068/2068/517
f 2069/2069/518 2070/2070/518 2071/2071/518 2072/2072/518
f 2073/2073/519 2074/2074/519 2075/2075/519 2076/2076/519
f 2077/2077/520 2078/2078/520 2079/2079/520 2080/2080/520
f 2081/2081/521 2082/2082/521 2083/2083/521 2084/2084/521
f 2085/2085/522 2086/2086/522 2087/2087/522 2088/2088/522
f 2089/2089/523 2090/2090/523 2091/2091/523 2092/2092/523
f 2093/2093/524 2094/2094/524 2095/2095/524 2096/2096/524
f 2097/2097/525 2098/2098/525 2099/2099/525 2100/2100/525
f 2101/2101/526 2102/2102/526 2103/2103/526 2104/2104/526
f 2105/2105/527 2106/2106/527 2107/2107/527 2108/2108/527
f 2109/2109/528 2110/2110/528 2111/2111/528 2112/2112/528
f 2113/2113/529 2114/2114/529 2115/2115/529 2116/2116/529
f 2117/2117/530 2118/2118/530 2119/2119/530 2120/2120/530
f 2121/2121/531 2122/2122/531 2123/2123/531 2124/2124/531
f 2125/2125/532 2126/2126/532 2127/2127/532 2128/2128/532
f 2129/2129/533 2130/2130/533 2131/2131/533 2132/2132/533
f 2133/2133/534 2134/2134/534 2135/2135/534 2136/2136/534
f 2137/2137/535 2138/2138/535 2139/2139/535 2140/2140/535
f 2141/2141/536 2142/2142/536 2143/2143/536 2144/2144/536
f 2145/2145/537 2146/2146/537 2147/2147/537 2148/2148/537
f 2149/2149/538 2150/2150/538 2151/2151/538 2152/2152/538
f 2153/2153/539 2154/2154/539 2155/2155/539 2156/2156/539
f 2157/2157/540 2158/2158/540 2159/2159/540 2160/2160/540
f 2161/2161/541 2162/2162/541 2163/2163/541 2164/2164/541
f 2165/2165/542 2166/2166/542 2167/2167/542 2168/2168/542
f 2169/2169/543 2170/2170/543 2171/2171/543 2172/2172/543
f 2173/2173/544 2174/2174/544 2175/2175/544 2176/2176/544
f 2177/2177/545 2178/2178/545 2179/2179/545 2180/2180/545
f 2181/2181/546 2182/2182/546 2183/2183/546 2184/2184/546
f 2185/2185/547 2186/2186/547 2187/2187/547 2188/2188/547
f 2189/2189/548 2190/2190/548 2191/2191/548 2192/2192/548
f 2193/2193/549 2194/2194/549 2195/2195/549 2196/2196/549
f 2197/2197/550 2198/2198/550 2199/2199/550 2200/2200/550
f 2201/2201/551 2202/2202/551 2203/2203/551 2204/2204/551
f 2205/2205/552 2206/2206/552 2207/2207/552 2208/2208/552
f 2209/2209/553 2210/2210/553 2211/2211/553 2212/2212/553
f 2213/2213/554 2214/2214/554 2215/2215/554 2216/2216/554
f 2217/2217/555 2218/2218/555 2219/2219/555 2220/2220/555
f 2221/2221/556 2222/2222/556 2223/2223/556 2224/2224/556
f 2225/2225/557 2226/2226/557 2227/2227/557 2228/2228/557
f 2229/2229/558 2230/2230/558 2231/2231/558 2232/2232/558
f 2233/2233/559 2234/2234/559 2235/2235/559 2236/2236/559
f 2237/2237/560 2238/2238/560 2239/2239/560 2240/2240/560
f 2241/2241/561 2242/2242/561 2243/2243/561 2244/2244/561
f 2245/2245/562 2246/2246/562 2247/2247/562 2248/2248/562
f 2249/2249/563 2250/2250/563 2251/2251/563 2252/2252/563
f 2253/2253/564 2254/2254/564 2255/2255/564 2256/2256/564
f 2257/2257/565 2258/2258/565 2259/2259/565 2260/2260/565
f 2261/2261/566 2262/2262/566 2263/2263/566 2264/2264/566
f 2265/2265/567 2266/2266/567 2267/2267/567 2268/2268/567
f 2269/2269/568 2270/2270/568 2271/2271/568 2272/2272/568
f 2273/2273/569 2274/2274/569 2275/2275/569 2276/2276/569
f 2277/2277/570 2278/2278/570 2279/2279/570 2280/2280/570
f 2281/2281/571 2282/2282/571 2283/2283/571 2284/2284/571
f 2285/2285/572 2286/2286/572 2287/2287/572 2288/2288/572
f 2289/2289/573 2290/2290/573 2291/2291/573 2292/2292/573
f 2293/2293/574 2294/2294/574 2295/2295/574 2296/2296/574
f 2297/2297/575 2298/2298/575 2299/2299/575 2300/2300/575
f 2301/2301/576 2302/2302/576 2303/2303/576 2304/2304/576
f 2305/2305/577 2306/2306/577 2307/2307/577 2308/2308/577
f 2309/2309/578 2310/2310/578 2311/2311/578 2312/2312/578
f 2313/2313/579 2314/2314/579 2315/2315/579 2316/2316/579
f 2317/2317/580 2318/2318/580 2319/2319/580 2320/2320/580
f 2321/2321/581 2322/2322/581 2323/2323/581 2324/2324/581
f 2325/2325/582 2326/2326/582 2327/2327/582 2328/2328/582
f 2329/2329/583 2330/2330/583 2331/2331/583 2332/2332/583
f 2333/2333/584 2334/2334/584 2335/2335/584 2336/2336/584
f 2337/2337/585 2338/2338/585 2339/2339/585 2340/2340/585
f 2341/2341/586 2342/2342/586 2343/2343/586 2344/2344/586
f 2345/2345/587 2346/2346/587 2347/2347/587 2348/2348/587
f 2349/2349/588 2350/2350/588 2351/2351/588 2352/2352/588
f 2353/2353/589 2354/2354/589 2355/2355/589 2356/2356/589
f 2357/2357/590 2358/2358/590 2359/2359/590 2360/2360/590
f 2361/2361/591 2362/2362/591 2363/2363/591 2364/2364/591
f 2365/2365/592 2366/2366/592 2367/2367/592 2368/2368/592
f 2369/2369/593 2370/2370/593 2371/2371/593 2372/2372/593
f 2373/2373/594 2374/2374/594 2375/2375/594 2376/2376/594
f 2377/2377/595 2378/2378/595 2379/2379/595 2380/2380/595
f 2381/2381/596 2382/2382/596 2383/2383/596 2384/2384/596
f 2385/2385/597 2386/2386/597 2387/2387/597 2388/2388/597
f 2389/2389/598 2390/2390/598 2391/2391/598 2392/2392/598
f 2393/2393/599 2394/2394/599 2395/2395/599 2396/2396/599
f 2397/2397/600 2398/2398/600 2399/2399/600 2400/2400/600
f 2401/2401/601 2402/2402/601 2403/2403/601 2404/2404/601
f 2405/2405/602 2406/2406/602 2407/2407/602 2408/2408/602
f 2409/2409/603 2410/2410/603 2411/2411/603 2412/2412/603
f 2413/2413/604 2414/2414/604 2415/2415/604 2416/2416/604
f 2417/2417/605 2418/2418/605 2419/2419/605 2420/2420/605
f 2421/2421/606 2422/2422/606 2423/2423/606 2424/2424/606
f 2425/2425/607 2426/2426/607 2427/2427/607 2428/2428/607
f 2429/2429/608 2430/2430/608 2431/2431/608 2432/2432/608
f 2433/2433/609 2434/2434/609 2435/2435/609 2436/2436/609
f 2437/2437/610 2438/2438/610 2439/2439/610 2440/2440/610
f 2441/2441/611 2442/2442/611 2443/2443/611 2444/2444/611
f 2445/2445/612 2446/2446/612 2447/2447/612 2448/2448/612
f 2449/2449/613 2450/2450/613 2451/2451/613 2452/2452/613
f 2453/2453/614 2454/2454/614 2455/2455/614 2456/2456/614
f 2457/2457/615 2458/2458/615 2459/2459/615 2460/2460/615
f 2461/2461/616 2462/2462/616 2463/2463/616 2464/2464/616
f 2465/2465/617 2466/2466/617 2467/2467/617 2468/2468/617
f 2469/2469/618 2470/2470/618 2471/2471/618 2472/2472/618
f 2473/2473/619 2474/2474/619 2475/2475/619 2476/2476/619
f 2477/2477/620 2478/2478/620 2479/2479/620 2480/2480/620
f 2481/2481/621 2482/2482/621 2483/2483/621 2484/2484/621
f 2485/2485/622 2486/2486/622 2487/2487/622 2488/2488/622
f 2489/2489/623 2490/2490/623 2491/2491/623 2492/2492/623
f 2493/2493/624 2494/2494/624 2495/2495/624 2496/2496/624
f 2497/2497/625 2498/2498/625 2499/2499/625 2500/2500/625
f 2501/2501/626 2502/2502/626 2503/2503/626 2504/2504/626
f 2505/2505/627 2506/2506/627 2507/2507/627 2508/2508/627
f 2509/2509/628 2510/2510/628 2511/2511/628 2512/2512/628
f 2513/2513/629 2514/2514/629 2515/2515/629 2516/2516/629
f 2517/2517/630 2518/2518/630 2519/2519/630 2520/2520/630
f 2521/2521/631 2522/2522/631 2523/2523/631 2524/2524/631
f 2525/2525/632 2526/2526/632 2527/2527/632 2528/2528/632
f 2529/2529/633 2530/2530/633 2531/2531/633 2532/2532/633
f 2533/2533/634 2534/2534/634 2535/2535/634 2536/2536/634
f 2537/2537/635 2538/2538/635 2539/2539/635 2540/2540/635
f 2541/2541/636 2542/2542/636 2543/2543/636 2544/2544/636
f 2545/2545/637 2546/2546/637 2547/2547/637 2548/2548/637
f 2549/2549/638 2550/2550/638 2551/2551/638 2552/2552/638
f 2553/2553/639 2554/2554/639 2555/2555/639 2556/2556/639
f 2557/2557/640 2558/2558/640 2559/2559/640 2560/2560/640
f 2561/2561/641 2562/2562/641 2563/2563/641 2564/2564/641
f 2565/2565/642 2566/2566/642 2567/2567/642 2568/2568/642
f 2569/2569/643 2570/2570/643 2571/2571/643 2572/2572/643
f 2573/2573/644 2574/2574/644 2575/2575/644 2576/2576/644
f 2577/2577/645 2578/2578/645 2579/2579/645 2580/2580/645
f 2581/2581/646 2582/2582/646 2583/2583/646 2584/2584/646
f 2585/2585/647 2586/2586/647 2587/2587/647 2588/2588/647
f 2589/2589/648 2590/2590/648 2591/2591/648 2592/2592/648
f 2593/2593/649 2594/2594/649 2595/2595/649 2596/2596/649
f 2597/2597/650 2598/2598/650 2599/2599/650 2600/2600/650
f 2601/2601/651 2602/2602/651 2603/2603/651 2604/2604/651
f 2605/2605/652 2606/2606/652 2607/2607/652 2608/2608/652
f 2609/2609/653 2610/2610/653 2611/2611/653 2612/2612/653
f 2613/2613/654 2614/2614/654 2615/2615/654 2616/2616/654
f 2617/2617/655 2618/2618/655 2619/2619/655 2620/2620/655
f 2621/2621/656 2622/2622/656 2623/2623/656 2624/2624/656
f 2625/2625/657 2626/2626/657 2627/2627/657 2628/2628/657
f 2629/2629/658 2630/2630/658 2631/2631/658 2632/2632/658
f 2633/2633/659 2634/2634/659 2635/2635/659 2636/2636/659
f 2637/2637/660 2638/2638/660 2639/2639/660 2640/2640/660
f 2641/2641/661 2642/2642/661 2643/2643/661 2644/2644/661
f 2645/2645/662 2646/2646/662 2647/2647/662 2648/2648/662
f 2649/2649/663 2650/2650/663 2651/2651/663 2652/2652/663
f 2653/2653/664 2654/2654/664 2655/2655/664 2656/2656/664
f 2657/2657/665 2658/2658/665 2659/2659/665 2660/2660/665
f 2661/2661/666 2662/2662/666 2663/2663/666 2664/2664/666
f 2665/2665/667 2666/2666/667 2667/2667/667 2668/2668/667
f 2669/2669/668 2670/2670/668 2671/2671/668 2672/2672/668
f 2673/2673/669 2674/2674/669 2675/2675/669 2676/2676/669
f 2677/2677/670 2678/2678/670 2679/2679/670 2680/2680/670
f 2681/2681/671 2682/2682/671 2683/2683/671 2684/2684/671
f 2685/2685/672 2686/2686/672 2687/2687/672 2688/2688/672
f 2689/2689/673 2690/2690/673 2691/2691/673 2692/2692/673
f 2693/2693/674 2694/2694/674 2695/2695/674 2696/2696/674
f 2697/2697/675 2698/2698/675 2699/2699/675 2700/2700/675
f 2701/2701/676 2702/2702/676 2703/2703/676 2704/2704/676
f 2705/2705/677 2706/2706/677 2707/2707/677 2708/2708/677
f 2709/2709/678 2710/2710/678 2711/2711/678 2712/2712/678
f 2713/2713/679 2714/2714/679 2715/2715/679 2716/2716/679
f 2717/2717/680 2718/2718/680 2719/2719/680 2720/2720/680
f 2721/2721/681 2722/2722/681 2723/2723/681 2724/2724/681
f 2725/2725/682 2726/2726/682 2727/2727/682 2728/2728/682
f 2729/2729/683 2730/2730/683 2731/2731/683 2732/2732/683
f 2733/2733/684 2734/2734/684 2735/2735/684 2736/2736/684
f 2737/2737/685 2738/2738/685 2739/2739/685 2740/2740/685
f 2741/2741/686 2742/2742/686 2743/2743/686 2744/2744/686
f 2745/2745/687 2746/2746/687 2747/2747/687 2748/2748/687
f 2749/2749/688 2750/2750/688 2751/2751/688 2752/2752/688
f 2753/2753/689 2754/2754/689 2755/2755/689 2756/2756/689
f 2757/2757/690 2758/2758/690 2759/2759/690 2760/2760/690
f 2761/2761/691 2762/2762/691 2763/2763/691 2764/2764/691
f 2765/2765/692 2766/2766/692 2767/2767/692 2768/2768/692
f 2769/2769/693 2770/2770/693 2771/2771/693 2772/2772/693
f 2773/2773/694 2774/2774/694 2775/2775/694 2776/2776/694
f 2777/2777/695 2778/2778/695 2779/2779/695 2780/2780/695
f 2781/2781/696 2782/2782/696 2783/2783/696 2784/2784/696
f 2785/2785/697 2786/2786/697 2787/2787/697 2788/2788/697
f 2789/2789/698 2790/2790/698 2791/2791/698 2792/2792/698
f 2793/2793/699 2794/2794/699 2795/2795/699 2796/2796/699
f 2797/2797/700 2798/2798/700 2799/2799/700 2800/2800/700
f 2801/2801/701 2802/2802/701 2803/2803/701 2804/2804/701
f 2805/2805/702 2806/2806/702 2807/2807/702 2808/2808/702
f 2809/2809/703 2810/2810/703 2811/2811/703 2812/2812/703
f 2813/2813/704 2814/2814/704 2815/2815/704 2816/2816/704
f 2817/2817/705 2818/2818/705 2819/2819/705 2820/2820/705
f 2821/2821/706 2822/2822/706 2823/2823/706 2824/2824/706
f 2825/2825/707 2826/2826/707 2827/2827/707 2828/2828/707
f 2829/2829/708 2830/2830/708 2831/2831/708 2832/2832/708
f 2833/2833/709 2834/2834/709 2835/2835/709 2836/2836/709
f 2837/2837/710 2838/2838/710 2839/2839/710 2840/2840/710
f 2841/2841/711 2842/2842/711 2843/2843/711 2844/2844/711
f 2845/2845/712 2846/2846/712 2847/2847/712 2848/2848/712
f 2849/2849/713 2850/2850/713 2851/2851/713 2852/2852/713
f 2853/2853/714 2854/2854/714 2855/2855/714 2856/2856/714
f 2857/2857/715 2858/2858/715 2859/2859/715 2860/2860/715
f 2861/2861/716 2862/2862/716 2863/2863/716 2864/2864/716
f 2865/2865/717 2866/2866/717 2867/2867/717 2868/2868/717
f 2869/2869/718 2870/2870/718 2871/2871/718 2872/2872/718
f 2873/2873/719 2874/2874/719 2875/2875/719 2876/2876/719
f 2877/2877/720 2878/2878/720 2879/2879/720 2880/2880/720
f 2881/2881/721 2882/2882/721 2883/2883/721 2884/2884/721
f 2885/2885/722 2886/2886/722 2887/2887/722 2888/2888/722
f 2889/2889/723 2890/2890/723 2891/2891/723 2892/2892/723
f 2893/2893/724 2894/2894/724 2895/2895/724 2896/2896/724
f 2897/2897/725 2898/2898/725 2899/2899/725 2900/2900/725
f 2901/2901/726 2902/2902/726 2903/2903/726 2904/2904/726
f 2905/2905/727 2906/2906/727 2907/2907/727 2908/2908/727
f 2909/2909/728 2910/2910/728 2911/2911/728 2912/2912/728
f 2913/2913/729 2914/2914/729 2915/2915/729 2916/2916/729
f 2917/2917/730 2918/2918/730 2919/2919/730 2920/2920/730
f 2921/2921/731 2922/2922/731 2923/2923/731 2924/2924/731
f 2925/2925/732 2926/2926/732 2927/2927/732 2928/2928/732
f 2929/2929/733 2930/2930/733 2931/2931/733 2932/2932/733
f 2933/2933/734 2934/2934/734 2935/2935/734 2936/2936/734
f 2937/2937/735 2938/2938/735 2939/2939/735 2940/2940/735
f 2941/2941/736 2942/2942/736 2943/2943/736 2944/2944/736
f 2945/2945/737 2946/2946/737 2947/2947/737 2948/2948/737
f 2949/2949/738 2950/2950/738 2951/2951/738 2952/2952/738
f 2953/2953/739 2954/2954/739 2955/2955/739 2956/2956/739
f 2957/2957/740 2958/2958/740 2959/2959/740 2960/2960/740
f 2961/2961/741 2962/2962/741 2963/2963/741 2964/2964/741
f 2965/2965/742 2966/2966/742 2967/2967/742 2968/2968/742
f 2969/2969/743 2970/2970/743 2971/2971/743 2972/2972/743
f 2973/2973/744 2974/2974/744 2975/2975/744 2976/2976/744
f 2977/2977/745 2978/2978/745 2979/2979/745 2980/2980/745
f 2981/2981/746 2982/2982/746 2983/2983/746 2984/2984/746
f 2985/2985/747 2986/2986/747 2987/2987/747 2988/2988/747
f 2989/2989/748 2990/2990/748 2991/2991/748 2992/2992/748
f 2993/2993/749 2994/2994/749 2995/2995/749 2996/2996/749
f 2997/2997/750 2998/2998/750 2999/2999/750 3000/3000/750
f 3001/3001/751 3002/3002/751 3003/3003/751 3004/3004/751
f 3005/3005/752 3006/3006/752 3007/3007/752 3008/3008/752
f 3009/3009/753 3010/3010/753 3011/3011/753 3012/3012/753
f 3013/3013/754 3014/3014/754 3015/3015/754 3016/3016/754
f 3017/3017/755 3018/3018/755 3019/3019/755 3020/3020/755
f 3021/3021/756 3022/3022/756 3023/3023/756 3024/3024/756
f 3025/3025/757 3026/3026/757 3027/3027/757 3028/3028/757
f 3029/3029/758 3030/3030/758 3031/3031/758 3032/3032/758
f 3033/3033/759 3034/3034/759 3035/3035/759 3036/3036/759
f 3037/3037/760 3038/3038/760 3039/3039/760 3040/3040/760
f 3041/3041/761 3042/3042/761 3043/3043/761 3044/3044/761
f 3045/3045/762 3046/3046/762 3047/3047/762 3048/3048/762
f 3049/3049/763 3050/3050/763 3051/3051/763 3052/3052/763
f 3053/3053/764 3054/3054/764 3055/3055/764 3056/3056/764
f 3057/3057/765 3058/3058/765 3059/3059/765 3060/3060/765
f 3061/3061/766 3062/3062/766 3063/3063/766 3064/3064/766
f 3065/3065/767 3066/3066/767 3067/3067/767 3068/3068/767
f 3069/3069/768 3070/3070/768 3071/3071/768 3072/3072/768
f 3073/3073/769 3074/3074/769 3075/3075/769 3076/3076/769
f 3077/3077/770 3078/3078/770 3079/3079/770 3080/3080/770
f 3081/3081/771 3082/3082/771 3083/3083/771 3084/3084/771
f 3085/3085/772 3086/3086/772 3087/3087/772 3088/3088/772
f 3089/3089/773 3090/3090/773 3091/3091/773 3092/3092/773
f 3093/3093/774 3094/3094/774 3095/3095/774 3096/3096/774
f 3097/3097/775 3098/3098/775 3099/3099/775 3100/3100/775
f 3101/3101/776 3102/3102/776 3103/3103/776 3104/3104/776
f 3105/3105/777 3106/3106/777 3107/3107/777 3108/3108/777
f 3109/3109/778 3110/3110/778 3111/3111/778 3112/3112/778
f 3113/3113/779 3114/3114/779 3115/3115/779 3116/3116/779
f 3117/3117/780 3118/3118/780 3119/3119/780 3120/3120/780
f 3121/3121/781 3122/3122/781 3123/3123/781 3124/3124/781
f 3125/3125/782 3126/3126/782 3127/3127/782 3128/3128/782
f 3129/3129/783 3130/3130/783 3131/3131/783 3132/3132/783
f 3133/3133/784 3134/3134/784 3135/3135/784 3136/3136/784
f 3137/3137/785 3138/3138/785 3139/3139/785 3140/3140/785
f 3141/3141/786 3142/3142/786 3143/3143/786 3144/3144/786
f 3145/3145/787 3146/3146/787 3147/3147/787 3148/3148/787
f 3149/3149/788 3150/3150/788 3151/3151/788 3152/3152/788
f 3153/3153/789 3154/3154/789 3155/3155/789 3156/3156/789
f 3157/3157/790 3158/3158/790 3159/3159/790 3160/3160/790
f 3161/3161/791 3162/3162/791 3163/3163/791 3164/3164/791
f 3165/3165/792 3166/3166/792 3167/3167/792 3168/3168/792
f 3169/3169/793 3170/3170/793 3171/3171/793 3172/3172/793
f 3173/3173/794 3174/3174/794 3175/3175/794 3176/3176/794
f 3177/3177/795 3178/3178/795 3179/3179/795 3180/3180/795
f 3181/3181/796 3182/3182/796 3183/3183/796 3184/3184/796
f 3185/3185/797 3186/3186/797 3187/3187/797 3188/3188/797
f 3189/3189/798 3190/3190/798 3191/3191/798 3192/3192/798
f 3193/3193/799 3194/3194/799 3195/3195/799 3196/3196/799
f 3197/3197/800 3198/3198/800 3199/3199/800 3200/3200/800
f 3201/3201/801 3202/3202/801 3203/3203/801 3204/3204/801
f 3205/3205/802 3206/3206/802 3207/3207/802 3208/3208/802
f 3209/3209/803 3210/3210/803 3211/3211/803 3212/3212/803
f 3213/3213/804 3214/3214/804 3215/3215/804 3216/3216/804
f 3217/3217/805 3218/3218/805 3219/3219/805 3220/3220/805
f 3221/3221/806 3222/3222/806 3223/3223/806 3224/3224/806
f 3225/3225/807 3226/3226/807 3227/3227/807 3228/3228/807
f 3229/3229/808 3230/3230/808 3231/3231/808 3232/3232/808
f 3233/3233/809 3234/3234/809 3235/3235/809 3236/3236/809
f 3237/3237/810 3238/3238/810 3239/3239/810 3240/3240/810
f 3241/3241/811 3242/3242/811 3243/3243/811 3244/3244/811
f 3245/3245/812 3246/3246/812 3247/3247/812 3248/3248/812
f 3249/3249/813 3250/3250/813 3251/3251/813 3252/3252/813
f 3253/3253/814 3254/3254/814 3255/3255/814 3256/3256/814
f 3257/3257/815 3258/3258/815 3259/3259/815 3260/3260/815
f 3261/3261/816 3262/3262/816 3263/3263/816 3264/3264/816
f 3265/3265/817 3266/3266/817 3267/3267/817 3268/3268/817
f 3269/3269/818 3270/3270/818 3271/3271/818 3272/3272/818
f 3273/3273/819 3274/3274/819 3275/3275/819 3276/3276/819
f 3277/3277/820 3278/3278/820 3279/3279/820 3280/3280/820
f 3281/3281/821 3282/3282/821 3283/3283/821 3284/3284/821
f 3285/3285/822 3286/3286/822 3287/3287/822 3288/3288/822
f 3289/3289/823 3290/3290/823 3291/3291/823 3292/3292/823
f 3293/3293/824 3294/3294/824 3295/3295/824 3296/3296/824
f 3297/3297/825 3298/3298/825 3299/3299/825 3300/3300/825
f 3301/3301/826 3302/3302/826 3303/3303/826 3304/3304/826
f 3305/3305/827 3306/3306/827 3307/3307/827 3308/3308/827
f 3309/3309/828 3310/3310/828 3311/3311/828 3312/3312/828
f 3313/3313/829 3314/3314/829 3315/3315/829 3316/3316/829
f 3317/3317/830 3318/3318/830 3319/3319/830 3320/3320/830
f 3321/3321/831 3322/3322/831 3323/3323/831 3324/3324/831
f 3325/3325/832 3326/3326/832 3327/3327/832 3328/3328/832
f 3329/3329/833 3330/3330/833 3331/3331/833 3332/3332/833
f 3333/3333/834 3334/3334/834 3335/3335/834 3336/3336/834
f 3337/3337/835 3338/3338/835 3339/3339/835 3340/3340/835
f 3341/3341/836 3342/3342/836 3343/3343/836 3344/3344/836
f 3345/3345/837 3346/3346/837 3347/3347/837 3348/3348/837
f 3349/3349/838 3350/3350/838 3351/3351/838 3352/3352/838
f 3353/3353/839 3354/3354/839 3355/3355/839 3356/3356/839
f 3357/3357/840 3358/3358/840 3359/3359/840 3360/3360/840
f 3361/3361/841 3362/3362/841 3363/3363/841 3364/3364/841
f 3365/3365/842 3366/3366/842 3367/3367/842 3368/3368/842
f 3369/3369/843 3370/3370/843 3371/3371/843 3372/3372/843
f 3373/3373/844 3374/3374/844 3375/3375/844 3376/3376/844
f 3377/3377/845 3378/3378/845 3379/3379/845 3380/3380/845
f 3381/3381/846 3382/3382/846 3383/3383/846 3384/3384/846
f 3385/3385/847 3386/3386/847 3387/3387/847 3388/3388/847
f 3389/3389/848 3390/3390/848 3391/3391/848 3392/3392/848
f 3393/3393/849 3394/3394/849 3395/3395/849 3396/3396/849
f 3397/3397/850 3398/3398/850 3399/3399/850 3400/3400/850
f 3401/3401/851 3402/3402/851 3403/3403/851 3404/3404/851
f 3405/3405/852 3406/3406/852 3407/3407/852 3408/3408/852
f 3409/3409/853 3410/3410/853 3411/3411/853 3412/3412/853
f 3413/3413/854 3414/3414/854 3415/3415/854 3416/3416/854
f 3417/3417/855 3418/3418/855 3419/3419/855 3420/3420/855
f 3421/3421/856 3422/3422/856 3423/3423/856 3424/3424/856
f 3425/3425/857 3426/3426/857 3427/3427/857 3428/3428/857
f 3429/3429/858 3430/3430/858 3431/3431/858 3432/3432/858
f 3433/3433/859 3434/3434/859 3435/3435/859 3436/3436/859
f 3437/3437/860 3438/3438/860 3439/3439/860 3440/3440/860
f 3441/3441/861 3442/3442/861 3443/3443/861 3444/3444/861
f 3445/3445/862 3446/3446/862 3447/3447/862 3448/3448/862
f 3449/3449/863 3450/3450/863 3451/3451/863 3452/3452/863
f 3453/3453/864 3454/3454/864 3455/3455/864 3456/3456/864
f 3457/3457/865 3458/3458/865 3459/3459/865 3460/3460/865
f 3461/3461/866 3462/3462/866 3463/3463/866 3464/3464/866
f 3465/3465/867 3466/3466/867 3467/3467/867 3468/3468/867
f 3469/3469/868 3470/3470/868 3471/3471/868 3472/3472/868
f 3473/3473/869 3474/3474/869 3475/3475/869 3476/3476/869
f 3477/3477/870 3478/3478/870 3479/3479/870 3480/3480/870
f 3481/3481/871 3482/3482/871 3483/3483/871 3484/3484/871
f 3485/3485/872 3486/3486/872 3487/3487/872 3488/3488/872
f 3489/3489/873 3490/3490/873 3491/3491/873 3492/3492/873
f 3493/3493/874 3494/3494/874 3495/3495/874 3496/3496/874
f 3497/3497/875 3498/3498/875 3499/3499/875 3500/3500/875
f 3501/3501/876 3502/3502/876 3503/3503/876 3504/3504/876
f 3505/3505/877 3506/3506/877 3507/3507/877 3508/3508/877
f 3509/3509/878 3510/3510/878 3511/3511/878 3512/3512/878
f 3513/3513/879 3514/3514/879 3515/3515/879 3516/3516/879
f 3517/3517/880 3518/3518/880 3519/3519/880 3520/3520/880
f 3521/3521/881 3522/3522/881 3523/3523/881 3524/3524/881
f 3525/3525/882 3526/3526/882 3527/3527/882 3528/3528/882
f 3529/3529/883 3530/3530/883 3531/3531/883 3532/3532/883
f 3533/3533/884 3534/3534/884 3535/3535/884 3536/3536/884
f 3537/3537/885 3538/3538/885 3539/3539/885 3540/3540/885
f 3541/3541/886 3542/3542/886 3543/3543/886 3544/3544/886
f 3545/3545/887 3546/3546/887 3547/3547/887 3548/3548/887
f 3549/3549/888 3550/3550/888 3551/3551/888 3552/3552/888
f 3553/3553/889 3554/3554/889 3555/3555/889 3556/3556/889
f 3557/3557/890 3558/3558/890 3559/3559/890 3560/3560/890
f 3561/3561/891 3562/3562/891 3563/3563/891 3564/3564/891
f 3565/3565/892 3566/3566/892 3567/3567/892 3568/3568/892
f 3569/3569/893 3570/3570/893 3571/3571/893 3572/3572/893
f 3573/3573/894 3574/3574/894 3575/3575/894 3576/3576/894
f 3577/3577/895 3578/3578/895 3579/3579/895 3580/3580/895
f 3581/3581/896 3582/3582/896 3583/3583/896 3584/3584/896
f 3585/3585/897 3586/3586/897 3587/3587/897 3588/3588/897
f 3589/3589/898 3590/3590/898 3591/3591/898 3592/3592/898
f 3593/3593/899 3594/3594/899 3595/3595/899 3596/3596/899
f 3597/3597/900 3598/3598/900 3599/3599/900 3600/3600/900
f 3601/3601/901 3602/3602/901 3603/3603/901 3604/3604/901
f 3605/3605/902 3606/3606/902 3607/3607/902 3608/3608/902
f 3609/3609/903 3610/3610/903 3611/3611/903 3612/3612/903
f 3613/3613/904 3614/3614/904 3615/3615/904 3616/3616/904
f 3617/3617/905 3618/3618/905 3619/3619/905 3620/3620/905
f 3621/3621/906 3622/3622/906 3623/3623/906 3624/3624/906
f 3625/3625/907 3626/3626/907 3627/3627/907 3628/3628/907
f 3629/3629/908 3630/3630/908 3631/3631/908 3632/3632/908
f 3633/3633/909 3634/3634/909 3635/3635/909 3636/3636/909
f 3637/3637/910 3638/3638/910 3639/3639/910 3640/3640/910
f 3641/3641/911 3642/3642/911 3643/3643/911 3644/3644/911
f 3645/3645/912 3646/3646/912 3647/3647/912 3648/3648/912
f 3649/3649/913 3650/3650/913 3651/3651/913 3652/3652/913
f 3653/3653/914 3654/3654/914 3655/3655/914 3656/3656/914
f 3657/3657/915 3658/3658/915 3659/3659/915 3660/3660/915
f 3661/3661/916 3662/3662/916 3663/3663/916 3664/3664/916
f 3665/3665/917 3666/3666/917 3667/3667/917 3668/3668/917
f 3669/3669/918 3670/3670/918 3671/3671/918 3672/3672/918
f 3673/3673/919 3674/3674/919 3675/3675/919 3676/3676/919
f 3677/3677/920 3678/3678/920 3679/3679/920 3680/3680/920
f 3681/3681/921 3682/3682/921 3683/3683/921 3684/3684/921
f 3685/3685/922 3686/3686/922 3687/3687/922 3688/3688/922
f 3689/3689/923 3690/3690/923 3691/3691/923 3692/3692/923
f 3693/3693/924 3694/3694/924 3695/3695/924 3696/3696/924
f 3697/3697/925 3698/3698/925 3699/3699/925 3700/3700/925
f 3701/3701/926 3702/3702/926 3703/3703/926 3704/3704/926
f 3705/3705/927 3706/3706/927 3707/3707/927 3708/3708/927
f 3709/3709/928 3710/3710/928 3711/3711/928 3712/3712/928
f 3713/3713/929 3714/3714/929 3715/3715/929 3716/3716/929
f 3717/3717/930 3718/3718/930 3719/3719/930 3720/3720/930
f 3721/3721/931 3722/3722/931 3723/3723/931 3724/3724/931
f 3725/3725/932 3726/3726/932 3727/3727/932 3728/3728/932
f 3729/3729/933 3730/3730/933 3731/3731/933 3732/3732/933
f 3733/3733/934 3734/3734/934 3735/3735/934 3736/3736/934
f 3737/3737/935 3738/3738/935 3739/3739/935 3740/3740/935
f 3741/3741/936 3742/3742/936 3743/3743/936 3744/3744/936
f 3745/3745/937 3746/3746/937 3747/3747/937 3748/3748/937
f 3749/3749/938 3750/3750/938 3751/3751/938 3752/3752/938
f 3753/3753/939 3754/3754/939 3755/3755/939 3756/3756/939
f 3757/3757/940 3758/3758/940 3759/3759/940 3760/3760/940
f 3761/3761/941 3762/3762/941 3763/3763/941 3764/3764/941
f 3765/3765/942 3766/3766/942 3767/3767/942 3768/3768/942
f 3769/3769/943 3770/3770/943 3771/3771/943 3772/3772/943
f 3773/3773/944 3774/3774/944 3775/3775/944 3776/3776/944
f 3777/3777/945 3778/3778/945 3779/3779/945 3780/3780/945
f 3781/3781/946 3782/3782/946 3783/3783/946 3784/3784/946
f 3785/3785/947 3786/3786/947 3787/3787/947 3788/3788/947
f 3789/3789/948 3790/3790/948 3791/3791/948 3792/3792/948
f 3793/3793/949 3794/3794/949 3795/3795/949 3796/3796/949
f 3797/3797/950 3798/3798/950 3799/3799/950 3800/3800/950
f 3801/3801/951 3802/3802/951 3803/3803/951 3804/3804/951
f 3805/3805/952 3806/3806/952 3807/3807/952 3808/3808/952
f 3809/3809/953 3810/3810/953 3811/3811/953 3812/3812/953
f 3813/3813/954 3814/3814/954 3815/3815/954 3816/3816/954
f 3817/3817/955 3818/3818/955 3819/3819/955 3820/3820/955
f 3821/3821/956 3822/3822/956 3823/3823/956 3824/3824/956
f 3825/3825/957 3826/3826/957 3827/3827/957 3828/3828/957
f 3829/3829/958 3830/3830/958 3831/3831/958 3832/3832/958
f 3833/3833/959 3834/3834/959 3835/3835/959 3836/3836/959
f 3837/3837/960 3838/3838/960 3839/3839/960 3840/3840/960
f 3841/3841/961 3842/3842/961 3843/3843/961 3844/3844/961
f 3845/3845/962 3846/3846/962 3847/3847/962 3848/3848/962
f 3849/3849/963 3850/3850/963 3851/3851/963 3852/3852/963
f 3853/3853/964 3854/3854/964 3855/3855/964 3856/3856/964
f 3857/3857/965 3858/3858/965 3859/3859/965 3860/3860/965
f 3861/3861/966 3862/3862/966 3863/3863/966 3864/3864/966
f 3865/3865/967 3866/3866/967 3867/3867/967 3868/3868/967
f 3869/3869/968 3870/3870/968 3871/3871/968 3872/3872/968
f 3873/3873/969 3874/3874/969 3875/3875/969 3876/3876/969
f 3877/3877/970 3878/3878/970 3879/3879/970 3880/3880/970
f 3881/3881/971 3882/3882/971 3883/3883/971 3884/3884/971
f 3885/3885/972 3886/3886/972 3887/3887/972 3888/3888/972
f 3889/3889/973 3890/3890/973 3891/3891/973 3892/3892/973
f 3893/3893/974 3894/3894/974 3895/3895/974 3896/3896/974
f 3897/3897/975 3898/3898/975 3899/3899/975 3900/3900/975
f 3901/3901/976 3902/3902/976 3903/3903/976 3904/3904/976
f 3905/3905/977 3906/3906/977 3907/3907/977 3908/3908/977
f 3909/3909/978 3910/3910/978 3911/3911/978 3912/3912/978
f 3913/3913/979 3914/3914/979 3915/3915/979 3916/3916/979
f 3917/3917/980 3918/3918/980 3919/3919/980 3920/3920/980
g rim_barrel
f 3921/3921/981 3922/3922/981 3923/3923/981 3924/3924/981
f 3925/3925/982 3926/3926/982 3927/3927/982 3928/3928/982
f 3929/3929/983 3930/3930/983 3931/3931/983 3932/3932/983
f 3933/3933/984 3934/3934/984 3935/3935/984 3936/3936/984
f 3937/3937/985 3938/3938/985 3939/3939/985 3940/3940/985
f 3941/3941/986 3942/3942/986 3943/3943/986 3944/3944/986
f 3945/3945/987 3946/3946/987 3947/3947/987 3948/3948/987
f 3949/3949/988 3950/3950/988 3951/3951/988 3952/3952/988
f 3953/3953/989 3954/3954/989 3955/3955/989 3956/3956/989
f 3957/3957/990 3958/3958/990 3959/3959/990 3960/3960/990
f 3961/3961/991 3962/3962/991 3963/3963/991 3964/3964/991
f 3965/3965/992 3966/3966/992 3967/3967/992 3968/3968/992
f 3969/3969/993 3970/3970/993 3971/3971/993 3972/3972/993
f 3973/3973/994 3974/3974/994 3975/3975/994 3976/3976/994
f 3977/3977/995 3978/3978/995 3979/3979/995 3980/3980/995
f 3981/3981/996 3982/3982/996 3983/3983/996 3984/3984/996
f 3985/3985/997 3986/3986/997 3987/3987/997 3988/3988/997
f 3989/3989/998 3990/3990/998 3991/3991/998 3992/3992/998
f 3993/3993/999 3994/3994/999 3995/3995/999 3996/3996/999
f 3997/3997/1000 3998/3998/1000 3999/3999/1000 4000/4000/1000
f 4001/4001/1001 4002/4002/1001 4003/4003/1001 4004/4004/1001
f 4005/4005/1002 4006/4006/1002 4007/4007/1002 4008/4008/1002
f 4009/4009/1003 4010/4010/1003 4011/4011/1003 4012/4012/1003
f 4013/4013/1004 4014/4014/1004 4015/4015/1004 4016/4016/1004
f 4017/4017/1005 4018/4018/1005 4019/4019/1005 4020/4020/1005
f 4021/4021/1006 4022/4022/1006 4023/4023/1006 4024/4024/1006
f 4025/4025/1007 4026/4026/1007 4027/4027/1007 4028/4028/1007
f 4029/4029/1008 4030/4030/1008 4031/4031/1008 4032/4032/1008
f 4033/4033/1009 4034/4034/1009 4035/4035/1009 4036/4036/1009
f 4037/4037/1010 4038/4038/1010 4039/4039/1010 4040/4040/1010
f 4041/4041/1011 4042/4042/1011 4043/4043/1011 4044/4044/1011
f 4045/4045/1012 4046/4046/1012 4047/4047/1012 4048/4048/1012
f 4049/4049/1013 4050/4050/1013 4051/4051/1013 4052/4052/1013
f 4053/4053/1014 4054/4054/1014 4055/4055/1014 4056/4056/1014
f 4057/4057/1015 4058/4058/1015 4059/4059/1015 4060/4060/1015
f 4061/4061/1016 4062/4062/1016 4063/4063/1016 4064/4064/1016
f 4065/4065/1017 4066/4066/1017 4067/4067/1017 4068/4068/1017
f 4069/4069/1018 4070/4070/1018 4071/4071/1018 4072/4072/1018
f 4073/4073/1019 4074/4074/1019 4075/4075/1019 4076/4076/1019
f 4077/4077/1020 4078/4078/1020 4079/4079/1020 4080/4080/1020
f 4081/4081/1021 4082/4082/1021 4083/4083/1021 4084/4084/1021
f 4085/4085/1022 4086/4086/1022 4087/4087/1022 4088/4088/1022
f 4089/4089/1023 4090/4090/1023 4091/4091/1023 4092/4092/1023
f 4093/4093/1024 4094/4094/1024 4095/4095/1024 4096/4096/1024
f 4097/4097/1025 4098/4098/1025 4099/4099/1025 4100/4100/1025
f 4101/4101/1026 4102/4102/1026 4103/4103/1026 4104/4104/1026
f 4105/4105/1027 4106/4106/1027 4107/4107/1027 4108/4108/1027
f 4109/4109/1028 4110/4110/1028 4111/4111/1028 4112/4112/1028
f 4113/4113/1029 4114/4114/1029 4115/4115/1029 4116/4116/1029
f 4117/4117/1030 4118/4118/1030 4119/4119/1030 4120/4120/1030
f 4121/4121/1031 4122/4122/1031 4123/4123/1031 4124/4124/1031
f 4125/4125/1032 4126/4126/1032 4127/4127/1032 4128/4128/1032
f 4129/4129/1033 4130/4130/1033 4131/4131/1033 4132/4132/1033
f 4133/4133/1034 4134/4134/1034 4135/4135/1034 4136/4136/1034
f 4137/4137/1035 4138/4138/1035 4139/4139/1035 4140/4140/1035
f 4141/4141/1036 4142/4142/1036 4143/4143/1036 4144/4144/1036
f 4145/4145/1037 4146/4146/1037 4147/4147/1037 4148/4148/1037
f 4149/4149/1038 4150/4150/1038 4151/4151/1038 4152/4152/1038
f 4153/4153/1039 4154/4154/1039 4155/4155/1039 4156/4156/1039
f 4157/4157/1040 4158/4158/1040 4159/4159/1040 4160/4160/1040
f 4161/4161/1041 4162/4162/1041 4163/4163/1041 4164/4164/1041
f 4165/4165/1042 4166/4166/1042 4167/4167/1042 4168/4168/1042
f 4169/4169/1043 4170/4170/1043 4171/4171/1043 4172/4172/1043
f 4173/4173/1044 4174/4174/1044 4175/4175/1044 4176/4176/1044
g rim_flange_front
f 4177/4177/1045 4178/4178/1045 4179/4179/1045 4180/4180/1045
f 4181/4181/1046 4182/4182/1046 4183/4183/1046 4184/4184/1046
f 4185/4185/1047 4186/4186/1047 4187/4187/1047 4188/4188/1047
f 4189/4189/1048 4190/4190/1048 4191/4191/1048 4192/4192/1048
f 4193/4193/1049 4194/4194/1049 4195/4195/1049 4196/4196/1049
f 4197/4197/1050 4198/4198/1050 4199/4199/1050 4200/4200/1050
f 4201/4201/1051 4202/4202/1051 4203/4203/1051 4204/4204/1051
f 4205/4205/1052 4206/4206/1052 4207/4207/1052 4208/4208/1052
f 4209/4209/1053 4210/4210/1053 4211/4211/1053 4212/4212/1053
f 4213/4213/1054 4214/4214/1054 4215/4215/1054 4216/4216/1054
f 4217/4217/1055 4218/4218/1055 4219/4219/1055 4220/4220/1055
f 4221/4221/1056 4222/4222/1056 4223/4223/1056 4224/4224/1056
f 4225/4225/1057 4226/4226/1057 4227/4227/1057 4228/4228/1057
f 4229/4229/1058 4230/4230/1058 4231/4231/1058 4232/4232/1058
f 4233/4233/1059 4234/4234/1059 4235/4235/1059 4236/4236/1059
f 4237/4237/1060 4238/4238/1060 4239/4239/1060 4240/4240/1060
f 4241/4241/1061 4242/4242/1061 4243/4243/1061 4244/4244/1061
f 4245/4245/1062 4246/4246/1062 4247/4247/1062 4248/4248/1062
f 4249/4249/1063 4250/4250/1063 4251/4251/1063 4252/4252/1063
f 4253/4253/1064 4254/4254/1064 4255/4255/1064 4256/4256/1064
f 4257/4257/1065 4258/4258/1065 4259/4259/1065 4260/4260/1065
f 4261/4261/1066 4262/4262/1066 4263/4263/1066 4264/4264/1066
f 4265/4265/1067 4266/4266/1067 4267/4267/1067 4268/4268/1067
f 4269/4269/1068 4270/4270/1068 4271/4271/1068 4272/4272/1068
f 4273/4273/1069 4274/4274/1069 4275/4275/1069 4276/4276/1069
f 4277/4277/1070 4278/4278/1070 4279/4279/1070 4280/4280/1070
f 4281/4281/1071 4282/4282/1071 4283/4283/1071 4284/4284/1071
f 4285/4285/1072 4286/4286/1072 4287/4287/1072 4288/4288/1072
f 4289/4289/1073 4290/4290/1073 4291/4291/1073 4292/4292/1073
f 4293/4293/1074 4294/4294/1074 4295/4295/1074 4296/4296/1074
f 4297/4297/1075 4298/4298/1075 4299/4299/1075 4300/4300/1075
f 4301/4301/1076 4302/4302/1076 4303/4303/1076 4304/4304/1076
f 4305/4305/1077 4306/4306/1077 4307/4307/1077 4308/4308/1077
f 4309/4309/1078 4310/4310/1078 4311/4311/1078 4312/4312/1078
f 4313/4313/1079 4314/4314/1079 4315/4315/1079 4316/4316/1079
f 4317/4317/1080 4318/4318/1080 4319/4319/1080 4320/4320/1080
f 4321/4321/1081 4322/4322/1081 4323/4323/1081 4324/4324/1081
f 4325/4325/1082 4326/4326/1082 4327/4327/1082 4328/4328/1082
f 4329/4329/1083 4330/4330/1083 4331/4331/1083 4332/4332/1083
f 4333/4333/1084 4334/4334/1084 4335/4335/1084 4336/4336/1084
f 4337/4337/1085 4338/4338/1085 4339/4339/1085 4340/4340/1085
f 4341/4341/1086 4342/4342/1086 4343/4343/1086 4344/4344/1086
f 4345/4345/1087 4346/4346/1087 4347/4347/1087 4348/4348/1087
f 4349/4349/1088 4350/4350/1088 4351/4351/1088 4352/4352/1088
f 4353/4353/1089 4354/4354/1089 4355/4355/1089 4356/4356/1089
f 4357/4357/1090 4358/4358/1090 4359/4359/1090 4360/4360/1090
f 4361/4361/1091 4362/4362/1091 4363/4363/1091 4364/4364/1091
f 4365/4365/1092 4366/4366/1092 4367/4367/1092 4368/4368/1092
f 4369/4369/1093 4370/4370/1093 4371/4371/1093 4372/4372/1093
f 4373/4373/1094 4374/4374/1094 4375/4375/1094 4376/4376/1094
f 4377/4377/1095 4378/4378/1095 4379/4379/1095 4380/4380/1095
f 4381/4381/1096 4382/4382/1096 4383/4383/1096 4384/4384/1096
f 4385/4385/1097 4386/4386/1097 4387/4387/1097 4388/4388/1097
f 4389/4389/1098 4390/4390/1098 4391/4391/1098 4392/4392/1098
f 4393/4393/1099 4394/4394/1099 4395/4395/1099 4396/4396/1099
f 4397/4397/1100 4398/4398/1100 4399/4399/1100 4400/4400/1100
f 4401/4401/1101 4402/4402/1101 4403/4403/1101 4404/4404/1101
f 4405/4405/1102 4406/4406/1102 4407/4407/1102 4408/4408/1102
f 4409/4409/1103 4410/4410/1103 4411/4411/1103 4412/4412/1103
f 4413/4413/1104 4414/4414/1104 4415/4415/1104 4416/4416/1104
f 4417/4417/1105 4418/4418/1105 4419/4419/1105 4420/4420/1105
f 4421/4421/1106 4422/4422/1106 4423/4423/1106 4424/4424/1106
f 4425/4425/1107 4426/4426/1107 4427/4427/1107 4428/4428/1107
f 4429/4429/1108 4430/4430/1108 4431/4431/1108 4432/4432/1108
g rim_flange_back
f 4433/4433/1109 4434/4434/1109 4435/4435/1109 4436/4436/1109
f 4437/4437/1110 4438/4438/1110 4439/4439/1110 4440/4440/1110
f 4441/4441/1111 4442/4442/1111 4443/4443/1111 4444/4444/1111
f 4445/4445/1112 4446/4446/1112 4447/4447/1112 4448/4448/1112
f 4449/4449/1113 4450/4450/1113 4451/4451/1113 4452/4452/1113
f 4453/4453/1114 4454/4454/1114 4455/4455/1114 4456/4456/1114
f 4457/4457/1115 4458/4458/1115 4459/4459/1115 4460/4460/1115
f 4461/4461/1116 4462/4462/1116 4463/4463/1116 4464/4464/1116
f 4465/4465/1117 4466/4466/1117 4467/4467/1117 4468/4468/1117
f 4469/4469/1118 4470/4470/1118 4471/4471/1118 4472/4472/1118
f 4473/4473/1119 4474/4474/1119 4475/4475/1119 4476/4476/1119
f 4477/4477/1120 4478/4478/1120 4479/4479/1120 4480/4480/1120
f 4481/4481/1121 4482/4482/1121 4483/4483/1121 4484/4484/1121
f 4485/4485/1122 4486/4486/1122 4487/4487/1122 4488/4488/1122
f 4489/4489/1123 4490/4490/1123 4491/4491/1123 4492/4492/1123
f 4493/4493/1124 4494/4494/1124 4495/4495/1124 4496/4496/1124
f 4497/4497/1125 4498/4498/1125 4499/4499/1125 4500/4500/1125
f 4501/4501/1126 4502/4502/1126 4503/4503/1126 4504/4504/1126
f 4505/4505/1127 4506/4506/1127 4507/4507/1127 4508/4508/1127
f 4509/4509/1128 4510/4510/1128 4511/4511/1128 4512/4512/1128
f 4513/4513/1129 4514/4514/1129 4515/4515/1129 4516/4516/1129
f 4517/4517/1130 4518/4518/1130 4519/4519/1130 4520/4520/1130
f 4521/4521/1131 4522/4522/1131 4523/4523/1131 4524/4524/1131
f 4525/4525/1132 4526/4526/1132 4527/4527/1132 4528/4528/1132
f 4529/4529/1133 4530/4530/1133 4531/4531/1133 4532/4532/1133
f 4533/4533/1134 4534/4534/1134 4535/4535/1134 4536/4536/1134
f 4537/4537/1135 4538/4538/1135 4539/4539/1135 4540/4540/1135
f 4541/4541/1136 4542/4542/1136 4543/4543/1136 4544/4544/1136
f 4545/4545/1137 4546/4546/1137 4547/4547/1137 4548/4548/1137
f 4549/4549/1138 4550/4550/1138 4551/4551/1138 4552/4552/1138
f 4553/4553/1139 4554/4554/1139 4555/4555/1139 4556/4556/1139
f 4557/4557/1140 4558/4558/1140 4559/4559/1140 4560/4560/1140
f 4561/4561/1141 4562/4562/1141 4563/4563/1141 4564/4564/1141
f 4565/4565/1142 4566/4566/1142 4567/4567/1142 4568/4568/1142
f 4569/4569/1143 4570/4570/1143 4571/4571/1143 4572/4572/1143
f 4573/4573/1144 4574/4574/1144 4575/4575/1144 4576/4576/1144
f 4577/4577/1145 4578/4578/1145 4579/4579/1145 4580/4580/1145
f 4581/4581/1146 4582/4582/1146 4583/4583/1146 4584/4584/1146
f 4585/4585/1147 4586/4586/1147 4587/4587/1147 4588/4588/1147
f 4589/4589/1148 4590/4590/1148 4591/4591/1148 4592/4592/1148
f 4593/4593/1149 4594/4594/1149 4595/4595/1149 4596/4596/1149
f 4597/4597/1150 4598/4598/1150 4599/4599/1150 4600/4600/1150
f 4601/4601/1151 4602/4602/1151 4603/4603/1151 4604/4604/1151
f 4605/4605/1152 4606/4606/1152 4607/4607/1152 4608/4608/1152
f 4609/4609/1153 4610/4610/1153 4611/4611/1153 4612/4612/1153
f 4613/4613/1154 4614/4614/1154 4615/4615/1154 4616/4616/1154
f 4617/4617/1155 4618/4618/1155 4619/4619/1155 4620/4620/1155
f 4621/4621/1156 4622/4622/1156 4623/4623/1156 4624/4624/1156
f 4625/4625/1157 4626/4626/1157 4627/4627/1157 4628/4628/1157
f 4629/4629/1158 4630/4630/1158 4631/4631/1158 4632/4632/1158
f 4633/4633/1159 4634/4634/1159 4635/4635/1159 4636/4636/1159
f 4637/4637/1160 4638/4638/1160 4639/4639/1160 4640/4640/1160
f 4641/4641/1161 4642/4642/1161 4643/4643/1161 4644/4644/1161
f 4645/4645/1162 4646/4646/1162 4647/4647/1162 4648/4648/1162
f 4649/4649/1163 4650/4650/1163 4651/4651/1163 4652/4652/1163
f 4653/4653/1164 4654/4654/1164 4655/4655/1164 4656/4656/1164
f 4657/4657/1165 4658/4658/1165 4659/4659/1165 4660/4660/1165
f 4661/4661/1166 4662/4662/1166 4663/4663/1166 4664/4664/1166
f 4665/4665/1167 4666/4666/1167 4667/4667/1167 4668/4668/1167
f 4669/4669/1168 4670/4670/1168 4671/4671/1168 4672/4672/1168
f 4673/4673/1169 4674/4674/1169 4675/4675/1169 4676/4676/1169
f 4677/4677/1170 4678/4678/1170 4679/4679/1170 4680/4680/1170
f 4681/4681/1171 4682/4682/1171 4683/4683/1171 4684/4684/1171
f 4685/4685/1172 4686/4686/1172 4687/4687/1172 4688/4688/1172
g rim_step_a
f 4689/4689/1173 4690/4690/1173 4691/4691/1173 4692/4692/1173
f 4693/4693/1174 4694/4694/1174 4695/4695/1174 4696/4696/1174
f 4697/4697/1175 4698/4698/1175 4699/4699/1175 4700/4700/1175
f 4701/4701/1176 4702/4702/1176 4703/4703/1176 4704/4704/1176
f 4705/4705/1177 4706/4706/1177 4707/4707/1177 4708/4708/1177
f 4709/4709/1178 4710/4710/1178 4711/4711/1178 4712/4712/1178
f 4713/4713/1179 4714/4714/1179 4715/4715/1179 4716/4716/1179
f 4717/4717/1180 4718/4718/1180 4719/4719/1180 4720/4720/1180
f 4721/4721/1181 4722/4722/1181 4723/4723/1181 4724/4724/1181
f 4725/4725/1182 4726/4726/1182 4727/4727/1182 4728/4728/1182
f 4729/4729/1183 4730/4730/1183 4731/4731/1183 4732/4732/1183
f 4733/4733/1184 4734/4734/1184 4735/4735/1184 4736/4736/1184
f 4737/4737/1185 4738/4738/1185 4739/4739/1185 4740/4740/1185
f 4741/4741/1186 4742/4742/1186 4743/4743/1186 4744/4744/1186
f 4745/4745/1187 4746/4746/1187 4747/4747/1187 4748/4748/1187
f 4749/4749/1188 4750/4750/1188 4751/4751/1188 4752/4752/1188
f 4753/4753/1189 4754/4754/1189 4755/4755/1189 4756/4756/1189
f 4757/4757/1190 4758/4758/1190 4759/4759/1190 4760/4760/1190
f 4761/4761/1191 4762/4762/1191 4763/4763/1191 4764/4764/1191
f 4765/4765/1192 4766/4766/1192 4767/4767/1192 4768/4768/1192
f 4769/4769/1193 4770/4770/1193 4771/4771/1193 4772/4772/1193
f 4773/4773/1194 4774/4774/1194 4775/4775/1194 4776/4776/1194
f 4777/4777/1195 4778/4778/1195 4779/4779/1195 4780/4780/1195
f 4781/4781/1196 4782/4782/1196 4783/4783/1196 4784/4784/1196
f 4785/4785/1197 4786/4786/1197 4787/4787/1197 4788/4788/1197
f 4789/4789/1198 4790/4790/1198 4791/4791/1198 4792/4792/1198
f 4793/4793/1199 4794/4794/1199 4795/4795/1199 4796/4796/1199
f 4797/4797/1200 4798/4798/1200 4799/4799/1200 4800/4800/1200
f 4801/4801/1201 4802/4802/1201 4803/4803/1201 4804/4804/1201
f 4805/4805/1202 4806/4806/1202 4807/4807/1202 4808/4808/1202
f 4809/4809/1203 4810/4810/1203 4811/4811/1203 4812/4812/1203
f 4813/4813/1204 4814/4814/1204 4815/4815/1204 4816/4816/1204
f 4817/4817/1205 4818/4818/1205 4819/4819/1205 4820/4820/1205
f 4821/4821/1206 4822/4822/1206 4823/4823/1206 4824/4824/1206
f 4825/4825/1207 4826/4826/1207 4827/4827/1207 4828/4828/1207
f 4829/4829/1208 4830/4830/1208 4831/4831/1208 4832/4832/1208
f 4833/4833/1209 4834/4834/1209 4835/4835/1209 4836/4836/1209
f 4837/4837/1210 4838/4838/1210 4839/4839/1210 4840/4840/1210
f 4841/4841/1211 4842/4842/1211 4843/4843/1211 4844/4844/1211
f 4845/4845/1212 4846/4846/1212 4847/4847/1212 4848/4848/1212
f 4849/4849/1213 4850/4850/1213 4851/4851/1213 4852/4852/1213
f 4853/4853/1214 4854/4854/1214 4855/4855/1214 4856/4856/1214
f 4857/4857/1215 4858/4858/1215 4859/4859/1215 4860/4860/1215
f 4861/4861/1216 4862/4862/1216 4863/4863/1216 4864/4864/1216
f 4865/4865/1217 4866/4866/1217 4867/4867/1217 4868/4868/1217
f 4869/4869/1218 4870/4870/1218 4871/4871/1218 4872/4872/1218
f 4873/4873/1219 4874/4874/1219 4875/4875/1219 4876/4876/1219
f 4877/4877/1220 4878/4878/1220 4879/4879/1220 4880/4880/1220
f 4881/4881/1221 4882/4882/1221 4883/4883/1221 4884/4884/1221
f 4885/4885/1222 4886/4886/1222 4887/4887/1222 4888/4888/1222
f 4889/4889/1223 4890/4890/1223 4891/4891/1223 4892/4892/1223
f 4893/4893/1224 4894/4894/1224 4895/4895/1224 4896/4896/1224
f 4897/4897/1225 4898/4898/1225 4899/4899/1225 4900/4900/1225
f 4901/4901/1226 4902/4902/1226 4903/4903/1226 4904/4904/1226
f 4905/4905/1227 4906/4906/1227 4907/4907/1227 4908/4908/1227
f 4909/4909/1228 4910/4910/1228 4911/4911/1228 4912/4912/1228
f 4913/4913/1229 4914/4914/1229 4915/4915/1229 4916/4916/1229
f 4917/4917/1230 4918/4918/1230 4919/4919/1230 4920/4920/1230
f 4921/4921/1231 4922/4922/1231 4923/4923/1231 4924/4924/1231
f 4925/4925/1232 4926/4926/1232 4927/4927/1232 4928/4928/1232
f 4929/4929/1233 4930/4930/1233 4931/4931/1233 4932/4932/1233
f 4933/4933/1234 4934/4934/1234 4935/4935/1234 4936/4936/1234
f 4937/4937/1235 4938/4938/1235 4939/4939/1235 4940/4940/1235
f 4941/4941/1236 4942/4942/1236 4943/4943/1236 4944/4944/1236
g rim_step_b
f 4945/4945/1237 4946/4946/1237 4947/4947/1237 4948/4948/1237
f 4949/4949/1238 4950/4950/1238 4951/4951/1238 4952/4952/1238
f 4953/4953/1239 4954/4954/1239 4955/4955/1239 4956/4956/1239
f 4957/4957/1240 4958/4958/1240 4959/4959/1240 4960/4960/1240
f 4961/4961/1241 4962/4962/1241 4963/4963/1241 4964/4964/1241
f 4965/4965/1242 4966/4966/1242 4967/4967/1242 4968/4968/1242
f 4969/4969/1243 4970/4970/1243 4971/4971/1243 4972/4972/1243
f 4973/4973/1244 4974/4974/1244 4975/4975/1244 4976/4976/1244
f 4977/4977/1245 4978/4978/1245 4979/4979/1245 4980/4980/1245
f 4981/4981/1246 4982/4982/1246 4983/4983/1246 4984/4984/1246
f 4985/4985/1247 4986/4986/1247 4987/4987/1247 4988/4988/1247
f 4989/4989/1248 4990/4990/1248 4991/4991/1248 4992/4992/1248
f 4993/4993/1249 4994/4994/1249 4995/4995/1249 4996/4996/1249
f 4997/4997/1250 4998/4998/1250 4999/4999/1250 5000/5000/1250
f 5001/5001/1251 5002/5002/1251 5003/5003/1251 5004/5004/1251
f 5005/5005/1252 5006/5006/1252 5007/5007/1252 5008/5008/1252
f 5009/5009/1253 5010/5010/1253 5011/5011/1253 5012/5012/1253
f 5013/5013/1254 5014/5014/1254 5015/5015/1254 5016/5016/1254
f 5017/5017/1255 5018/5018/1255 5019/5019/1255 5020/5020/1255
f 5021/5021/1256 5022/5022/1256 5023/5023/1256 5024/5024/1256
f 5025/5025/1257 5026/5026/1257 5027/5027/1257 5028/5028/1257
f 5029/5029/1258 5030/5030/1258 5031/5031/1258 5032/5032/1258
f 5033/5033/1259 5034/5034/1259 5035/5035/1259 5036/5036/1259
f 5037/5037/1260 5038/5038/1260 5039/5039/1260 5040/5040/1260
f 5041/5041/1261 5042/5042/1261 5043/5043/1261 5044/5044/1261
f 5045/5045/1262 5046/5046/1262 5047/5047/1262 5048/5048/1262
f 5049/5049/1263 5050/5050/1263 5051/5051/1263 5052/5052/1263
f 5053/5053/1264 5054/5054/1264 5055/5055/1264 5056/5056/1264
f 5057/5057/1265 5058/5058/1265 5059/5059/1265 5060/5060/1265
f 5061/5061/1266 5062/5062/1266 5063/5063/1266 5064/5064/1266
f 5065/5065/1267 5066/5066/1267 5067/5067/1267 5068/5068/1267
f 5069/5069/1268 5070/5070/1268 5071/5071/1268 5072/5072/1268
f 5073/5073/1269 5074/5074/1269 5075/5075/1269 5076/5076/1269
f 5077/5077/1270 5078/5078/1270 5079/5079/1270 5080/5080/1270
f 5081/5081/1271 5082/5082/1271 5083/5083/1271 5084/5084/1271
f 5085/5085/1272 5086/5086/1272 5087/5087/1272 5088/5088/1272
f 5089/5089/1273 5090/5090/1273 5091/5091/1273 5092/5092/1273
f 5093/5093/1274 5094/5094/1274 5095/5095/1274 5096/5096/1274
f 5097/5097/1275 5098/5098/1275 5099/5099/1275 5100/5100/1275
f 5101/5101/1276 5102/5102/1276 5103/5103/1276 5104/5104/1276
f 5105/5105/1277 5106/5106/1277 5107/5107/1277 5108/5108/1277
f 5109/5109/1278 5110/5110/1278 5111/5111/1278 5112/5112/1278
f 5113/5113/1279 5114/5114/1279 5115/5115/1279 5116/5116/1279
f 5117/5117/1280 5118/5118/1280 5119/5119/1280 5120/5120/1280
f 5121/5121/1281 5122/5122/1281 5123/5123/1281 5124/5124/1281
f 5125/5125/1282 5126/5126/1282 5127/5127/1282 5128/5128/1282
f 5129/5129/1283 5130/5130/1283 5131/5131/1283 5132/5132/1283
f 5133/5133/1284 5134/5134/1284 5135/5135/1284 5136/5136/1284
f 5137/5137/1285 5138/5138/1285 5139/5139/1285 5140/5140/1285
f 5141/5141/1286 5142/5142/1286 5143/5143/1286 5144/5144/1286
f 5145/5145/1287 5146/5146/1287 5147/5147/1287 5148/5148/1287
f 5149/5149/1288 5150/5150/1288 5151/5151/1288 5152/5152/1288
f 5153/5153/1289 5154/5154/1289 5155/5155/1289 5156/5156/1289
f 5157/5157/1290 5158/5158/1290 5159/5159/1290 5160/5160/1290
f 5161/5161/1291 5162/5162/1291 5163/5163/1291 5164/5164/1291
f 5165/5165/1292 5166/5166/1292 5167/5167/1292 5168/5168/1292
f 5169/5169/1293 5170/5170/1293 5171/5171/1293 5172/5172/1293
f 5173/5173/1294 5174/5174/1294 5175/5175/1294 5176/5176/1294
f 5177/5177/1295 5178/5178/1295 5179/5179/1295 5180/5180/1295
f 5181/5181/1296 5182/5182/1296 5183/5183/1296 5184/5184/1296
f 5185/5185/1297 5186/5186/1297 5187/5187/1297 5188/5188/1297
f 5189/5189/1298 5190/5190/1298 5191/5191/1298 5192/5192/1298
f 5193/5193/1299 5194/5194/1299 5195/5195/1299 5196/5196/1299
f 5197/5197/1300 5198/5198/1300 5199/5199/1300 5200/5200/1300
g rim_step_c
f 5201/5201/1301 5202/5202/1301 5203/5203/1301 5204/5204/1301
f 5205/5205/1302 5206/5206/1302 5207/5207/1302 5208/5208/1302
f 5209/5209/1303 5210/5210/1303 5211/5211/1303 5212/5212/1303
f 5213/5213/1304 5214/5214/1304 5215/5215/1304 5216/5216/1304
f 5217/5217/1305 5218/5218/1305 5219/5219/1305 5220/5220/1305
f 5221/5221/1306 5222/5222/1306 5223/5223/1306 5224/5224/1306
f 5225/5225/1307 5226/5226/1307 5227/5227/1307 5228/5228/1307
f 5229/5229/1308 5230/5230/1308 5231/5231/1308 5232/5232/1308
f 5233/5233/1309 5234/5234/1309 5235/5235/1309 5236/5236/1309
f 5237/5237/1310 5238/5238/1310 5239/5239/1310 5240/5240/1310
f 5241/5241/1311 5242/5242/1311 5243/5243/1311 5244/5244/1311
f 5245/5245/1312 5246/5246/1312 5247/5247/1312 5248/5248/1312
f 5249/5249/1313 5250/5250/1313 5251/5251/1313 5252/5252/1313
f 5253/5253/1314 5254/5254/1314 5255/5255/1314 5256/5256/1314
f 5257/5257/1315 5258/5258/1315 5259/5259/1315 5260/5260/1315
f 5261/5261/1316 5262/5262/1316 5263/5263/1316 5264/5264/1316
f 5265/5265/1317 5266/5266/1317 5267/5267/1317 5268/5268/1317
f 5269/5269/1318 5270/5270/1318 5271/5271/1318 5272/5272/1318
f 5273/5273/1319 5274/5274/1319 5275/5275/1319 5276/5276/1319
f 5277/5277/1320 5278/5278/1320 5279/5279/1320 5280/5280/1320
f 5281/5281/1321 5282/5282/1321 5283/5283/1321 5284/5284/1321
f 5285/5285/1322 5286/5286/1322 5287/5287/1322 5288/5288/1322
f 5289/5289/1323 5290/5290/1323 5291/5291/1323 5292/5292/1323
f 5293/5293/1324 5294/5294/1324 5295/5295/1324 5296/5296/1324
f 5297/5297/1325 5298/5298/1325 5299/5299/1325 5300/5300/1325
f 5301/5301/1326 5302/5302/1326 5303/5303/1326 5304/5304/1326
f 5305/5305/1327 5306/5306/1327 5307/5307/1327 5308/5308/1327
f 5309/5309/1328 5310/5310/1328 5311/5311/1328 5312/5312/1328
f 5313/5313/1329 5314/5314/1329 5315/5315/1329 5316/5316/1329
f 5317/5317/1330 5318/5318/1330 5319/5319/1330 5320/5320/1330
f 5321/5321/1331 5322/5322/1331 5323/5323/1331 5324/5324/1331
f 5325/5325/1332 5326/5326/1332 5327/5327/1332 5328/5328/1332
f 5329/5329/1333 5330/5330/1333 5331/5331/1333 5332/5332/1333
f 5333/5333/1334 5334/5334/1334 5335/5335/1334 5336/5336/1334
f 5337/5337/1335 5338/5338/1335 5339/5339/1335 5340/5340/1335
f 5341/5341/1336 5342/5342/1336 5343/5343/1336 5344/5344/1336
f 5345/5345/1337 5346/5346/1337 5347/5347/1337 5348/5348/1337
f 5349/5349/1338 5350/5350/1338 5351/5351/1338 5352/5352/1338
f 5353/5353/1339 5354/5354/1339 5355/5355/1339 5356/5356/1339
f 5357/5357/1340 5358/5358/1340 5359/5359/1340 5360/5360/1340
f 5361/5361/1341 5362/5362/1341 5363/5363/1341 5364/5364/1341
f 5365/5365/1342 5366/5366/1342 5367/5367/1342 5368/5368/1342
f 5369/5369/1343 5370/5370/1343 5371/5371/1343 5372/5372/1343
f 5373/5373/1344 5374/5374/1344 5375/5375/1344 5376/5376/1344
f 5377/5377/1345 5378/5378/1345 5379/5379/1345 5380/5380/1345
f 5381/5381/1346 5382/5382/1346 5383/5383/1346 5384/5384/1346
f 5385/5385/1347 5386/5386/1347 5387/5387/1347 5388/5388/1347
f 5389/5389/1348 5390/5390/1348 5391/5391/1348 5392/5392/1348
f 5393/5393/1349 5394/5394/1349 5395/5395/1349 5396/5396/1349
f 5397/5397/1350 5398/5398/1350 5399/5399/1350 5400/5400/1350
f 5401/5401/1351 5402/5402/1351 5403/5403/1351 5404/5404/1351
f 5405/5405/1352 5406/5406/1352 5407/5407/1352 5408/5408/1352
f 5409/5409/1353 5410/5410/1353 5411/5411/1353 5412/5412/1353
f 5413/5413/1354 5414/5414/1354 5415/5415/1354 5416/5416/1354
f 5417/5417/1355 5418/5418/1355 5419/5419/1355 5420/5420/1355
f 5421/5421/1356 5422/5422/1356 5423/5423/1356 5424/5424/1356
f 5425/5425/1357 5426/5426/1357 5427/5427/1357 5428/5428/1357
f 5429/5429/1358 5430/5430/1358 5431/5431/1358 5432/5432/1358
f 5433/5433/1359 5434/5434/1359 5435/5435/1359 5436/5436/1359
f 5437/5437/1360 5438/5438/1360 5439/5439/1360 5440/5440/1360
f 5441/5441/1361 5442/5442/1361 5443/5443/1361 5444/5444/1361
f 5445/5445/1362 5446/5446/1362 5447/5447/1362 5448/5448/1362
f 5449/5449/1363 5450/5450/1363 5451/5451/1363 5452/5452/1363
f 5453/5453/1364 5454/5454/1364 5455/5455/1364 5456/5456/1364
g rim_centre
f 5457/5457/1365 5458/5458/1365 5459/5459/1365 5460/5460/1365
f 5461/5461/1366 5462/5462/1366 5463/5463/1366 5464/5464/1366
f 5465/5465/1367 5466/5466/1367 5467/5467/1367 5468/5468/1367
f 5469/5469/1368 5470/5470/1368 5471/5471/1368 5472/5472/1368
f 5473/5473/1369 5474/5474/1369 5475/5475/1369 5476/5476/1369
f 5477/5477/1370 5478/5478/1370 5479/5479/1370 5480/5480/1370
f 5481/5481/1371 5482/5482/1371 5483/5483/1371 5484/5484/1371
f 5485/5485/1372 5486/5486/1372 5487/5487/1372 5488/5488/1372
f 5489/5489/1373 5490/5490/1373 5491/5491/1373 5492/5492/1373
f 5493/5493/1374 5494/5494/1374 5495/5495/1374 5496/5496/1374
f 5497/5497/1375 5498/5498/1375 5499/5499/1375 5500/5500/1375
f 5501/5501/1376 5502/5502/1376 5503/5503/1376 5504/5504/1376
f 5505/5505/1377 5506/5506/1377 5507/5507/1377 5508/5508/1377
f 5509/5509/1378 5510/5510/1378 5511/5511/1378 5512/5512/1378
f 5513/5513/1379 5514/5514/1379 5515/5515/1379 5516/5516/1379
f 5517/5517/1380 5518/5518/1380 5519/5519/1380 5520/5520/1380
f 5521/5521/1381 5522/5522/1381 5523/5523/1381 5524/5524/1381
f 5521/5521/1382 5524/5524/1382 5525/5525/1382 5526/5526/1382
f 5521/5521/1383 5526/5526/1383 5527/5527/1383 5528/5528/1383
f 5521/5521/1384 5528/5528/1384 5529/5529/1384 5530/5530/1384
f 5521/5521/1385 5530/5530/1385 5531/5531/1385 5532/5532/1385
f 5521/5521/1386 5532/5532/1386 5533/5533/1386 5534/5534/1386
f 5521/5521/1387 5534/5534/1387 5535/5535/1387 5536/5536/1387
f 5537/5537/1388 5538/5538/1388 5539/5539/1388 5540/5540/1388
f 5537/5537/1389 5540/5540/1389 5541/5541/1389 5542/5542/1389
f 5537/5537/1390 5542/5542/1390 5543/5543/1390 5544/5544/1390
f 5537/5537/1391 5544/5544/1391 5545/5545/1391 5546/5546/1391
f 5537/5537/1392 5546/5546/1392 5547/5547/1392 5548/5548/1392
f 5537/5537/1393 5548/5548/1393 5549/5549/1393 5550/5550/1393
f 5537/5537/1394 5550/5550/1394 5551/5551/1394 5552/5552/1394
g rim_bolt
f 5553/5553/1395 5554/5554/1395 5555/5555/1395 5556/5556/1395
f 5557/5557/1396 5558/5558/1396 5559/5559/1396 5560/5560/1396
f 5561/5561/1397 5562/5562/1397 5563/5563/1397 5564/5564/1397
f 5565/5565/1398 5566/5566/1398 5567/5567/1398 5568/5568/1398
f 5569/5569/1399 5570/5570/1399 5571/5571/1399 5572/5572/1399
f 5573/5573/1400 5574/5574/1400 5575/5575/1400 5576/5576/1400
f 5577/5577/1401 5578/5578/1401 5579/5579/1401 5580/5580/1401
f 5577/5577/1402 5580/5580/1402 5581/5581/1402 5582/5582/1402
f 5583/5583/1403 5584/5584/1403 5585/5585/1403 5586/5586/1403
f 5583/5583/1404 5586/5586/1404 5587/5587/1404 5588/5588/1404
f 5589/5589/1405 5590/5590/1405 5591/5591/1405 5592/5592/1405
f 5593/5593/1406 5594/5594/1406 5595/5595/1406 5596/5596/1406
f 5597/5597/1407 5598/5598/1407 5599/5599/1407 5600/5600/1407
f 5601/5601/1408 5602/5602/1408 5603/5603/1408 5604/5604/1408
f 5605/5605/1409 5606/5606/1409 5607/5607/1409 5608/5608/1409
f 5609/5609/1410 5610/5610/1410 5611/5611/1410 5612/5612/1410
f 5613/5613/1411 5614/5614/1411 5615/5615/1411 5616/5616/1411
f 5613/5613/1412 5616/5616/1412 5617/5617/1412 5618/5618/1412
f 5619/5619/1413 5620/5620/1413 5621/5621/1413 5622/5622/1413
f 5619/5619/1414 5622/5622/1414 5623/5623/1414 5624/5624/1414
f 5625/5625/1415 5626/5626/1415 5627/5627/1415 5628/5628/1415
f 5629/5629/1416 5630/5630/1416 5631/5631/1416 5632/5632/1416
f 5633/5633/1417 5634/5634/1417 5635/5635/1417 5636/5636/1417
f 5637/5637/1418 5638/5638/1418 5639/5639/1418 5640/5640/1418
f 5641/5641/1419 5642/5642/1419 5643/5643/1419 5644/5644/1419
f 5645/5645/1420 5646/5646/1420 5647/5647/1420 5648/5648/1420
f 5649/5649/1421 5650/5650/1421 5651/5651/1421 5652/5652/1421
f 5649/5649/1422 5652/5652/1422 5653/5653/1422 5654/5654/1422
f 5655/5655/1423 5656/5656/1423 5657/5657/1423 5658/5658/1423
f 5655/5655/1424 5658/5658/1424 5659/5659/1424 5660/5660/1424
f 5661/5661/1425 5662/5662/1425 5663/5663/1425 5664/5664/1425
f 5665/5665/1426 5666/5666/1426 5667/5667/1426 5668/5668/1426
f 5669/5669/1427 5670/5670/1427 5671/5671/1427 5672/5672/1427
f 5673/5673/1428 5674/5674/1428 5675/5675/1428 5676/5676/1428
f 5677/5677/1429 5678/5678/1429 5679/5679/1429 5680/5680/1429
f 5681/5681/1430 5682/5682/1430 5683/5683/1430 5684/5684/1430
f 5685/5685/1431 5686/5686/1431 5687/5687/1431 5688/5688/1431
f 5685/5685/1432 5688/5688/1432 5689/5689/1432 5690/5690/1432
f 5691/5691/1433 5692/5692/1433 5693/5693/1433 5694/5694/1433
f 5691/5691/1434 5694/5694/1434 5695/5695/1434 5696/5696/1434
f 5697/5697/1435 5698/5698/1435 5699/5699/1435 5700/5700/1435
f 5701/5701/1436 5702/5702/1436 5703/5703/1436 5704/5704/1436
f 5705/5705/1437 5706/5706/1437 5707/5707/1437 5708/5708/1437
f 5709/5709/1438 5710/5710/1438 5711/5711/1438 5712/5712/1438
f 5713/5713/1439 5714/5714/1439 5715/5715/1439 5716/5716/1439
f 5717/5717/1440 5718/5718/1440 5719/5719/1440 5720/5720/1440
f 5721/5721/1441 5722/5722/1441 5723/5723/1441 5724/5724/1441
f 5721/5721/1442 5724/5724/1442 5725/5725/1442 5726/5726/1442
f 5727/5727/1443 5728/5728/1443 5729/5729/1443 5730/5730/1443
f 5727/5727/1444 5730/5730/1444 5731/5731/1444 5732/5732/1444
f 5733/5733/1445 5734/5734/1445 5735/5735/1445 5736/5736/1445
f 5737/5737/1446 5738/5738/1446 5739/5739/1446 5740/5740/1446
f 5741/5741/1447 5742/5742/1447 5743/5743/1447 5744/5744/1447
f 5745/5745/1448 5746/5746/1448 5747/5747/1448 5748/5748/1448
f 5749/5749/1449 5750/5750/1449 5751/5751/1449 5752/5752/1449
f 5753/5753/1450 5754/5754/1450 5755/5755/1450 5756/5756/1450
f 5757/5757/1451 5758/5758/1451 5759/5759/1451 5760/5760/1451
f 5757/5757/1452 5760/5760/1452 5761/5761/1452 5762/5762/1452
f 5763/5763/1453 5764/5764/1453 5765/5765/1453 5766/5766/1453
f 5763/5763/1454 5766/5766/1454 5767/5767/1454 5768/5768/1454
f 5769/5769/1455 5770/5770/1455 5771/5771/1455 5772/5772/1455
f 5773/5773/1456 5774/5774/1456 5775/5775/1456 5776/5776/1456
f 5777/5777/1457 5778/5778/1457 5779/5779/1457 5780/5780/1457
f 5781/5781/1458 5782/5782/1458 5783/5783/1458 5784/5784/1458
f 5785/5785/1459 5786/5786/1459 5787/5787/1459 5788/5788/1459
f 5789/5789/1460 5790/5790/1460 5791/5791/1460 5792/5792/1460
f 5793/5793/1461 5794/5794/1461 5795/5795/1461 5796/5796/1461
f 5793/5793/1462 5796/5796/1462 5797/5797/1462 5798/5798/1462
f 5799/5799/1463 5800/5800/1463 5801/5801/1463 5802/5802/1463
f 5799/5799/1464 5802/5802/1464 5803/5803/1464 5804/5804/1464
f 5805/5805/1465 5806/5806/1465 5807/5807/1465 5808/5808/1465
f 5809/5809/1466 5810/5810/1466 5811/5811/1466 5812/5812/1466
f 5813/5813/1467 5814/5814/1467 5815/5815/1467 5816/5816/1467
f 5817/5817/1468 5818/5818/1468 5819/5819/1468 5820/5820/1468
f 5821/5821/1469 5822/5822/1469 5823/5823/1469 5824/5824/1469
f 5825/5825/1470 5826/5826/1470 5827/5827/1470 5828/5828/1470
f 5829/5829/1471 5830/5830/1471 5831/5831/1471 5832/5832/1471
f 5829/5829/1472 5832/5832/1472 5833/5833/1472 5834/5834/1472
f 5835/5835/1473 5836/5836/1473 5837/5837/1473 5838/5838/1473
f 5835/5835/1474 5838/5838/1474 5839/5839/1474 5840/5840/1474
g hub_cap
f 5841/5841/1475 5842/5842/1475 5843/5843/1475 5844/5844/1475
f 5845/5845/1476 5846/5846/1476 5847/5847/1476 5848/5848/1476
f 5849/5849/1477 5850/5850/1477 5851/5851/1477 5852/5852/1477
f 5853/5853/1478 5854/5854/1478 5855/5855/1478 5856/5856/1478
f 5857/5857/1479 5858/5858/1479 5859/5859/1479 5860/5860/1479
f 5861/5861/1480 5862/5862/1480 5863/5863/1480 5864/5864/1480
f 5865/5865/1481 5866/5866/1481 5867/5867/1481 5868/5868/1481
f 5869/5869/1482 5870/5870/1482 5871/5871/1482 5872/5872/1482
f 5873/5873/1483 5874/5874/1483 5875/5875/1483 5876/5876/1483
f 5877/5877/1484 5878/5878/1484 5879/5879/1484 5880/5880/1484
f 5881/5881/1485 5882/5882/1485 5883/5883/1485 5884/5884/1485
f 5885/5885/1486 5886/5886/1486 5887/5887/1486 5888/5888/1486
f 5889/5889/1487 5890/5890/1487 5891/5891/1487 5892/5892/1487
f 5889/5889/1488 5892/5892/1488 5893/5893/1488 5894/5894/1488
f 5889/5889/1489 5894/5894/1489 5895/5895/1489 5896/5896/1489
f 5889/5889/1490 5896/5896/1490 5897/5897/1490 5898/5898/1490
f 5889/5889/1491 5898/5898/1491 5899/5899/1491 5900/5900/1491
f 5901/5901/1492 5902/5902/1492 5903/5903/1492 5904/5904/1492
f 5901/5901/1493 5904/5904/1493 5905/5905/1493 5906/5906/1493
f 5901/5901/1494 5906/5906/1494 5907/5907/1494 5908/5908/1494
f 5901/5901/1495 5908/5908/1495 5909/5909/1495 5910/5910/1495
f 5901/5901/1496 5910/5910/1496 5911/5911/1496 5912/5912/1496
g rim_back_web
f 5913/5913/1497 5914/5914/1497 5915/5915/1497 5916/5916/1497
f 5917/5917/1498 5918/5918/1498 5919/5919/1498 5920/5920/1498
f 5921/5921/1499 5922/5922/1499 5923/5923/1499 5924/5924/1499
f 5925/5925/1500 5926/5926/1500 5927/5927/1500 5928/5928/1500
f 5929/5929/1501 5930/5930/1501 5931/5931/1501 5932/5932/1501
f 5933/5933/1502 5934/5934/1502 5935/5935/1502 5936/5936/1502
f 5937/5937/1503 5938/5938/1503 5939/5939/1503 5940/5940/1503
f 5941/5941/1504 5942/5942/1504 5943/5943/1504 5944/5944/1504
f 5945/5945/1505 5946/5946/1505 5947/5947/1505 5948/5948/1505
f 5949/5949/1506 5950/5950/1506 5951/5951/1506 5952/5952/1506
f 5953/5953/1507 5954/5954/1507 5955/5955/1507 5956/5956/1507
f 5957/5957/1508 5958/5958/1508 5959/5959/1508 5960/5960/1508
f 5961/5961/1509 5962/5962/1509 5963/5963/1509 5964/5964/1509
f 5965/5965/1510 5966/5966/1510 5967/5967/1510 5968/5968/1510
f 5969/5969/1511 5970/5970/1511 5971/5971/1511 5972/5972/1511
f 5973/5973/1512 5974/5974/1512 5975/5975/1512 5976/5976/1512
f 5977/5977/1513 5978/5978/1513 5979/5979/1513 5980/5980/1513
f 5981/5981/1514 5982/5982/1514 5983/5983/1514 5984/5984/1514
f 5985/5985/1515 5986/5986/1515 5987/5987/1515 5988/5988/1515
f 5989/5989/1516 5990/5990/1516 5991/5991/1516 5992/5992/1516
f 5993/5993/1517 5994/5994/1517 5995/5995/1517 5996/5996/1517
f 5997/5997/1518 5998/5998/1518 5999/5999/1518 6000/6000/1518
f 6001/6001/1519 6002/6002/1519 6003/6003/1519 6004/6004/1519
f 6005/6005/1520 6006/6006/1520 6007/6007/1520 6008/6008/1520
f 6009/6009/1521 6010/6010/1521 6011/6011/1521 6012/6012/1521
f 6013/6013/1522 6014/6014/1522 6015/6015/1522 6016/6016/1522
f 6017/6017/1523 6018/6018/1523 6019/6019/1523 6020/6020/1523
f 6021/6021/1524 6022/6022/1524 6023/6023/1524 6024/6024/1524
f 6025/6025/1525 6026/6026/1525 6027/6027/1525 6028/6028/1525
f 6029/6029/1526 6030/6030/1526 6031/6031/1526 6032/6032/1526
f 6033/6033/1527 6034/6034/1527 6035/6035/1527 6036/6036/1527
f 6037/6037/1528 6038/6038/1528 6039/6039/1528 6040/6040/1528
f 6041/6041/1529 6042/6042/1529 6043/6043/1529 6044/6044/1529
f 6045/6045/1530 6046/6046/1530 6047/6047/1530 6048/6048/1530
f 6049/6049/1531 6050/6050/1531 6051/6051/1531 6052/6052/1531
f 6053/6053/1532 6054/6054/1532 6055/6055/1532 6056/6056/1532
f 6057/6057/1533 6058/6058/1533 6059/6059/1533 6060/6060/1533
f 6061/6061/1534 6062/6062/1534 6063/6063/1534 6064/6064/1534
f 6065/6065/1535 6066/6066/1535 6067/6067/1535 6068/6068/1535
f 6069/6069/1536 6070/6070/1536 6071/6071/1536 6072/6072/1536
f 6073/6073/1537 6074/6074/1537 6075/6075/1537 6076/6076/1537
f 6077/6077/1538 6078/6078/1538 6079/6079/1538 6080/6080/1538
f 6081/6081/1539 6082/6082/1539 6083/6083/1539 6084/6084/1539
f 6085/6085/1540 6086/6086/1540 6087/6087/1540 6088/6088/1540
f 6089/6089/1541 6090/6090/1541 6091/6091/1541 6092/6092/1541
f 6093/6093/1542 6094/6094/1542 6095/6095/1542 6096/6096/1542
f 6097/6097/1543 6098/6098/1543 6099/6099/1543 6100/6100/1543
f 6101/6101/1544 6102/6102/1544 6103/6103/1544 6104/6104/1544
f 6105/6105/1545 6106/6106/1545 6107/6107/1545 6108/6108/1545
f 6109/6109/1546 6110/6110/1546 6111/6111/1546 6112/6112/1546
f 6113/6113/1547 6114/6114/1547 6115/6115/1547 6116/6116/1547
f 6117/6117/1548 6118/6118/1548 6119/6119/1548 6120/6120/1548
f 6121/6121/1549 6122/6122/1549 6123/6123/1549 6124/6124/1549
f 6125/6125/1550 6126/6126/1550 6127/6127/1550 6128/6128/1550
f 6129/6129/1551 6130/6130/1551 6131/6131/1551 6132/6132/1551
f 6133/6133/1552 6134/6134/1552 6135/6135/1552 6136/6136/1552
f 6137/6137/1553 6138/6138/1553 6139/6139/1553 6140/6140/1553
f 6141/6141/1554 6142/6142/1554 6143/6143/1554 6144/6144/1554
f 6145/6145/1555 6146/6146/1555 6147/6147/1555 6148/6148/1555
f 6149/6149/1556 6150/6150/1556 6151/6151/1556 6152/6152/1556
f 6153/6153/1557 6154/6154/1557 6155/6155/1557 6156/6156/1557
f 6157/6157/1558 6158/6158/1558 6159/6159/1558 6160/6160/1558
f 6161/6161/1559 6162/6162/1559 6163/6163/1559 6164/6164/1559
f 6165/6165/1560 6166/6166/1560 6167/6167/1560 6168/6168/1560
g hub_back_boss
f 6169/6169/1561 6170/6170/1561 6171/6171/1561 6172/6172/1561
f 6173/6173/1562 6174/6174/1562 6175/6175/1562 6176/6176/1562
f 6177/6177/1563 6178/6178/1563 6179/6179/1563 6180/6180/1563
f 6181/6181/1564 6182/6182/1564 6183/6183/1564 6184/6184/1564
f 6185/6185/1565 6186/6186/1565 6187/6187/1565 6188/6188/1565
f 6189/6189/1566 6190/6190/1566 6191/6191/1566 6192/6192/1566
f 6193/6193/1567 6194/6194/1567 6195/6195/1567 6196/6196/1567
f 6197/6197/1568 6198/6198/1568 6199/6199/1568 6200/6200/1568
f 6201/6201/1569 6202/6202/1569 6203/6203/1569 6204/6204/1569
f 6205/6205/1570 6206/6206/1570 6207/6207/1570 6208/6208/1570
f 6209/6209/1571 6210/6210/1571 6211/6211/1571 6212/6212/1571
f 6213/6213/1572 6214/6214/1572 6215/6215/1572 6216/6216/1572
f 6217/6217/1573 6218/6218/1573 6219/6219/1573 6220/6220/1573
f 6217/6217/1574 6220/6220/1574 6221/6221/1574 6222/6222/1574
f 6217/6217/1575 6222/6222/1575 6223/6223/1575 6224/6224/1575
f 6217/6217/1576 6224/6224/1576 6225/6225/1576 6226/6226/1576
f 6217/6217/1577 6226/6226/1577 6227/6227/1577 6228/6228/1577
f 6229/6229/1578 6230/6230/1578 6231/6231/1578 6232/6232/1578
f 6229/6229/1579 6232/6232/1579 6233/6233/1579 6234/6234/1579
f 6229/6229/1580 6234/6234/1580 6235/6235/1580 6236/6236/1580
f 6229/6229/1581 6236/6236/1581 6237/6237/1581 6238/6238/1581
f 6229/6229/1582 6238/6238/1582 6239/6239/1582 6240/6240/1582
g hub_back_bolt
f 6241/6241/1583 6242/6242/1583 6243/6243/1583 6244/6244/1583
f 6245/6245/1584 6246/6246/1584 6247/6247/1584 6248/6248/1584
f 6249/6249/1585 6250/6250/1585 6251/6251/1585 6252/6252/1585
f 6253/6253/1586 6254/6254/1586 6255/6255/1586 6256/6256/1586
f 6257/6257/1587 6258/6258/1587 6259/6259/1587 6260/6260/1587
f 6261/6261/1588 6262/6262/1588 6263/6263/1588 6264/6264/1588
f 6265/6265/1589 6266/6266/1589 6267/6267/1589 6268/6268/1589
f 6265/6265/1590 6268/6268/1590 6269/6269/1590 6270/6270/1590
f 6271/6271/1591 6272/6272/1591 6273/6273/1591 6274/6274/1591
f 6271/6271/1592 6274/6274/1592 6275/6275/1592 6276/6276/1592
f 6277/6277/1593 6278/6278/1593 6279/6279/1593 6280/6280/1593
f 6281/6281/1594 6282/6282/1594 6283/6283/1594 6284/6284/1594
f 6285/6285/1595 6286/6286/1595 6287/6287/1595 6288/6288/1595
f 6289/6289/1596 6290/6290/1596 6291/6291/1596 6292/6292/1596
f 6293/6293/1597 6294/6294/1597 6295/6295/1597 6296/6296/1597
f 6297/6297/1598 6298/6298/1598 6299/6299/1598 6300/6300/1598
f 6301/6301/1599 6302/6302/1599 6303/6303/1599 6304/6304/1599
f 6301/6301/1600 6304/6304/1600 6305/6305/1600 6306/6306/1600
f 6307/6307/1601 6308/6308/1601 6309/6309/1601 6310/6310/1601
f 6307/6307/1602 6310/6310/1602 6311/6311/1602 6312/6312/1602
f 6313/6313/1603 6314/6314/1603 6315/6315/1603 6316/6316/1603
f 6317/6317/1604 6318/6318/1604 6319/6319/1604 6320/6320/1604
f 6321/6321/1605 6322/6322/1605 6323/6323/1605 6324/6324/1605
f 6325/6325/1606 6326/6326/1606 6327/6327/1606 6328/6328/1606
f 6329/6329/1607 6330/6330/1607 6331/6331/1607 6332/6332/1607
f 6333/6333/1608 6334/6334/1608 6335/6335/1608 6336/6336/1608
f 6337/6337/1609 6338/6338/1609 6339/6339/1609 6340/6340/1609
f 6337/6337/1610 6340/6340/1610 6341/6341/1610 6342/6342/1610
f 6343/6343/1611 6344/6344/1611 6345/6345/1611 6346/6346/1611
f 6343/6343/1612 6346/6346/1612 6347/6347/1612 6348/6348/1612
f 6349/6349/1613 6350/6350/1613 6351/6351/1613 6352/6352/1613
f 6353/6353/1614 6354/6354/1614 6355/6355/1614 6356/6356/1614
f 6357/6357/1615 6358/6358/1615 6359/6359/1615 6360/6360/1615
f 6361/6361/1616 6362/6362/1616 6363/6363/1616 6364/6364/1616
f 6365/6365/1617 6366/6366/1617 6367/6367/1617 6368/6368/1617
f 6369/6369/1618 6370/6370/1618 6371/6371/1618 6372/6372/1618
f 6373/6373/1619 6374/6374/1619 6375/6375/1619 6376/6376/1619
f 6373/6373/1620 6376/6376/1620 6377/6377/1620 6378/6378/1620
f 6379/6379/1621 6380/6380/1621 6381/6381/1621 6382/6382/1621
f 6379/6379/1622 6382/6382/1622 6383/6383/1622 6384/6384/1622
f 6385/6385/1623 6386/6386/1623 6387/6387/1623 6388/6388/1623
f 6389/6389/1624 6390/6390/1624 6391/6391/1624 6392/6392/1624
f 6393/6393/1625 6394/6394/1625 6395/6395/1625 6396/6396/1625
f 6397/6397/1626 6398/6398/1626 6399/6399/1626 6400/6400/1626
f 6401/6401/1627 6402/6402/1627 6403/6403/1627 6404/6404/1627
f 6405/6405/1628 6406/6406/1628 6407/6407/1628 6408/6408/1628
f 6409/6409/1629 6410/6410/1629 6411/6411/1629 6412/6412/1629
f 6409/6409/1630 6412/6412/1630 6413/6413/1630 6414/6414/1630
f 6415/6415/1631 6416/6416/1631 6417/6417/1631 6418/6418/1631
f 6415/6415/1632 6418/6418/1632 6419/6419/1632 6420/6420/1632
f 6421/6421/1633 6422/6422/1633 6423/6423/1633 6424/6424/1633
f 6425/6425/1634 6426/6426/1634 6427/6427/1634 6428/6428/1634
f 6429/6429/1635 6430/6430/1635 6431/6431/1635 6432/6432/1635
f 6433/6433/1636 6434/6434/1636 6435/6435/1636 6436/6436/1636
f 6437/6437/1637 6438/6438/1637 6439/6439/1637 6440/6440/1637
f 6441/6441/1638 6442/6442/1638 6443/6443/1638 6444/6444/1638
f 6445/6445/1639 6446/6446/1639 6447/6447/1639 6448/6448/1639
f 6445/6445/1640 6448/6448/1640 6449/6449/1640 6450/6450/1640
f 6451/6451/1641 6452/6452/1641 6453/6453/1641 6454/6454/1641
f 6451/6451/1642 6454/6454/1642 6455/6455/1642 6456/6456/1642
